<?xml version="1.0" encoding="utf-8"?>
<items>
<item><category>Mitgliedschaft</category><source_url>https://www.aboalarm.de/kuendigung-adresse/automobil-club-mitgliedschaft/wac-wuerttembergischer-automobilclub</source_url><sub_category>Automobil-Club-Mitgliedschaft</sub_category><company>WAC - Württembergischer Automobilclub</company><full_address>Württembergischer Automobilclub e.V. Mörikestraße 30 70178 Stuttgart</full_address><address>Württembergischer Automobilclub e.V.</address><city>Stuttgart</city><zip>70178</zip><email>info@wac1899.de</email><website>http://www.wac1899.de</website><fax>0711 6400644</fax><hotline>0711 608341</hotline><Weitere_Adressen_name></Weitere_Adressen_name><Weitere_Adressen_link></Weitere_Adressen_link><form_field>Kundennummer</form_field><subject>Sehr geehrte Damen und Herren,</subject><letter_text>hiermit kündige ich meinen WAC - Württembergischer Automobilclub-Vertrag fristgerecht zum nächstmöglichen Zeitpunkt. Bitte senden Sie mir eine schriftliche Bestätigung der Kündigung unter Angabe des Beendigungszeitpunktes zu.</letter_text></item>
<item><category>Mitgliedschaft</category><source_url>https://www.aboalarm.de/kuendigung-adresse/automobil-club-mitgliedschaft/vcd-verkehrsclub-deutschland</source_url><sub_category>Automobil-Club-Mitgliedschaft</sub_category><company>VCD Verkehrsclub Deutschland</company><full_address>Verkehrsclub Deutschland e.V. Bundesgeschäftsstelle Wallstraße 58 10179 Berlin</full_address><address>Verkehrsclub Deutschland e.V.</address><city>58</city><zip>Wallstraße</zip><email>mitgliederservice@vcd.org</email><website>http://www.vcd.org</website><fax>030 28035110</fax><hotline>030 28035175</hotline><Weitere_Adressen_name></Weitere_Adressen_name><Weitere_Adressen_link></Weitere_Adressen_link><form_field>Kundennummer</form_field><subject>Sehr geehrte Damen und Herren,</subject><letter_text>hiermit kündige ich meinen VCD Verkehrsclub Deutschland-Vertrag fristgerecht zum nächstmöglichen Zeitpunkt. Bitte senden Sie mir eine schriftliche Bestätigung der Kündigung unter Angabe des Beendigungszeitpunktes zu.</letter_text></item>
<item><category>Mitgliedschaft</category><source_url>https://www.aboalarm.de/kuendigung-adresse/automobil-club-mitgliedschaft/navc-neuer-automobil-und-verkehrs-club</source_url><sub_category>Automobil-Club-Mitgliedschaft</sub_category><company>NAVC Neuer Automobil- und Verkehrs- Club</company><full_address>Neuer Automobil- und Verkehrsclub e.V. Johannesbrunner Str. 6 84175 Gerzen</full_address><address>Neuer Automobil- und Verkehrsclub e.V.</address><city>Gerzen</city><zip>84175</zip><email>post@navc.de</email><website>http://www.navc.de</website><fax>None</fax><hotline>08744 8678</hotline><Weitere_Adressen_name></Weitere_Adressen_name><Weitere_Adressen_link></Weitere_Adressen_link><form_field>Kundennummer</form_field><subject>Sehr geehrte Damen und Herren,</subject><letter_text>hiermit kündige ich meinen NAVC Neuer Automobil- und Verkehrs- Club-Vertrag fristgerecht zum nächstmöglichen Zeitpunkt. Bitte senden Sie mir eine schriftliche Bestätigung der Kündigung unter Angabe des Beendigungszeitpunktes zu.</letter_text></item>
<item><category>Mitgliedschaft</category><source_url>https://www.aboalarm.de/kuendigung-adresse/automobil-club-mitgliedschaft/davc-deutscher-automobil-veteranen-club</source_url><sub_category>Automobil-Club-Mitgliedschaft</sub_category><company>DAVC Deutscher Automobil-Veteranen-Club</company><full_address>DAVC Deutscher Automobil-Veteranen-Club e.V. Hudestraße 88 23569 Lübeck</full_address><address>DAVC Deutscher Automobil-Veteranen-Club e.V.</address><city>Lübeck</city><zip>23569</zip><email>praesident@davc.de</email><website>http://www.davc.de</website><fax>0451 302467</fax><hotline>0451 301077</hotline><Weitere_Adressen_name></Weitere_Adressen_name><Weitere_Adressen_link></Weitere_Adressen_link><form_field>Kundennummer</form_field><subject>Sehr geehrte Damen und Herren,</subject><letter_text>hiermit kündige ich meinen DAVC Deutscher Automobil-Veteranen-Club-Vertrag fristgerecht zum nächstmöglichen Zeitpunkt. Bitte senden Sie mir eine schriftliche Bestätigung der Kündigung unter Angabe des Beendigungszeitpunktes zu.</letter_text></item>
<item><category>Mitgliedschaft</category><source_url>https://www.aboalarm.de/kuendigung-adresse/automobil-club-mitgliedschaft/cvc-citroen-veteranen-club</source_url><sub_category>Automobil-Club-Mitgliedschaft</sub_category><company>CVC Citroën Veteranen Club</company><full_address>CVC Citroën Veteranen Club Brühler Str. 34 68775 Ketsch</full_address><address>CVC Citroën Veteranen Club</address><city>Ketsch</city><zip>68775</zip><email>Hans-Joachim.Bethge@cvc-club.de</email><website>http://www.cvc-club.de</website><fax>06202 68898</fax><hotline>06202 64948</hotline><Weitere_Adressen_name></Weitere_Adressen_name><Weitere_Adressen_link></Weitere_Adressen_link><form_field>Kundennummer</form_field><subject>Sehr geehrte Damen und Herren,</subject><letter_text>hiermit kündige ich meinen CVC Citroën Veteranen Club-Vertrag fristgerecht zum nächstmöglichen Zeitpunkt. Bitte senden Sie mir eine schriftliche Bestätigung der Kündigung unter Angabe des Beendigungszeitpunktes zu.</letter_text></item>
<item><category>Mitgliedschaft</category><source_url>https://www.aboalarm.de/kuendigung-adresse/automobil-club-mitgliedschaft/classiccarclub</source_url><sub_category>Automobil-Club-Mitgliedschaft</sub_category><company>ClassicCarClub</company><full_address>ClassicCarClub GmbH Bonner Straße 242 50968 Köln</full_address><address>ClassicCarClub GmbH</address><city>Köln</city><zip>50968</zip><email>details@classiccarclub.de</email><website>http://www.classiccarclub.de</website><fax>0221 3489991</fax><hotline>0221 3489990</hotline><Weitere_Adressen_name></Weitere_Adressen_name><Weitere_Adressen_link></Weitere_Adressen_link><form_field>Kundennummer</form_field><subject>Sehr geehrte Damen und Herren,</subject><letter_text>hiermit kündige ich meinen ClassicCarClub-Vertrag fristgerecht zum nächstmöglichen Zeitpunkt. Bitte senden Sie mir eine schriftliche Bestätigung der Kündigung unter Angabe des Beendigungszeitpunktes zu.</letter_text></item>
<item><category>Mitgliedschaft</category><source_url>https://www.aboalarm.de/kuendigung-adresse/automobil-club-mitgliedschaft/avd-automobilclub-von-deutschland</source_url><sub_category>Automobil-Club-Mitgliedschaft</sub_category><company>AvD - Automobilclub von Deutschland</company><full_address>Automobilclub von Deutschland e.V. AvD Service-Center Frankfurt Goldsteinstraße 237 60528 Frankfurt am Main</full_address><address>Automobilclub von Deutschland e.V.</address><city>237</city><zip>Goldsteinstraße</zip><email>avd@avd.de</email><website>http://www.avd.de</website><fax>069 6606789</fax><hotline>069 6606300</hotline><Weitere_Adressen_name></Weitere_Adressen_name><Weitere_Adressen_link></Weitere_Adressen_link><form_field>Kundennummer</form_field><subject>Sehr geehrte Damen und Herren,</subject><letter_text>hiermit kündige ich meinen AvD - Automobilclub von Deutschland-Vertrag fristgerecht zum nächstmöglichen Zeitpunkt. Bitte senden Sie mir eine schriftliche Bestätigung der Kündigung unter Angabe des Beendigungszeitpunktes zu.</letter_text></item>
<item><category>Mitgliedschaft</category><source_url>https://www.aboalarm.de/kuendigung-adresse/mitgliedschaft/automobil-club-muenchen</source_url><sub_category>Automobil-Club-Mitgliedschaft</sub_category><company>Automobil-Club München</company><full_address>Automobil-Club München von 1903 e.V. Senserstr. 5 81371 München</full_address><address>Automobil-Club München von 1903 e.V.</address><city>München</city><zip>81371</zip><email>info@ac-muenchen.de</email><website>http://www.automobilclub-muenchen.de</website><fax>089 76773067</fax><hotline>089 775101</hotline><Weitere_Adressen_name></Weitere_Adressen_name><Weitere_Adressen_link></Weitere_Adressen_link><form_field>Kundennummer</form_field><subject>Sehr geehrte Damen und Herren,</subject><letter_text>hiermit kündige ich meinen Automobil-Club München-Vertrag fristgerecht zum nächstmöglichen Zeitpunkt. Bitte senden Sie mir eine schriftliche Bestätigung der Kündigung unter Angabe des Beendigungszeitpunktes zu.</letter_text></item>
<item><category>Mitgliedschaft</category><source_url>https://www.aboalarm.de/kuendigung-adresse/automobil-club-mitgliedschaft/arcd-auto-und-reiseclub-deutschland</source_url><sub_category>Automobil-Club-Mitgliedschaft</sub_category><company>ARCD Auto- und Reiseclub Deutschland</company><full_address>ARCD Auto- und Reiseclub Deutschland e. V. Postfach 440 91427 Bad Windsheim</full_address><address>ARCD Auto- und Reiseclub Deutschland e. V.</address><city>Bad</city><zip>91427</zip><email>club@arcd.de</email><website>http://www.arcd.de</website><fax>09841 409264</fax><hotline>09841 409500</hotline><Weitere_Adressen_name></Weitere_Adressen_name><Weitere_Adressen_link></Weitere_Adressen_link><form_field>Kundennummer</form_field><subject>Sehr geehrte Damen und Herren,</subject><letter_text>hiermit kündige ich meinen ARCD Auto- und Reiseclub Deutschland-Vertrag fristgerecht zum nächstmöglichen Zeitpunkt. Bitte senden Sie mir eine schriftliche Bestätigung der Kündigung unter Angabe des Beendigungszeitpunktes zu.</letter_text></item>
<item><category>Mitgliedschaft</category><source_url>https://www.aboalarm.de/kuendigung-adresse/automobil-club-mitgliedschaft/adac</source_url><sub_category>Automobil-Club-Mitgliedschaft</sub_category><company>ADAC</company><full_address>ADAC Mitgliederservice Hansastraße 19 80686 München</full_address><address>ADAC</address><city>19</city><zip>Hansastraße</zip><email>service@adac.de</email><website>http://www.adac.de</website><fax>089 76766346</fax><hotline>0800 5101112</hotline><Weitere_Adressen_name>ADAC Auslandskrankenversicherung,ADAC Haftpflichtversicherung,ADAC KFZ-Versicherung,ADAC Krankenversicherung,ADAC Kreditkarte,ADAC Medien und Reise,ADAC Rechtsschutzversicherung,ADAC Reisegepäckversicherung,ADAC Reiserücktrittversicherung,ADAC Unfallversicherung,ADAC Verkehrsrechtschutz-Versicherung,ADAC Verlag,ADAC Versicherung</Weitere_Adressen_name><Weitere_Adressen_link>https://www.aboalarm.de/kuendigung-adresse/krankenversicherung/adac,https://www.aboalarm.de/kuendigung-adresse/haftpflichtversicherung/adac-haftpflichtversicherung,https://www.aboalarm.de/kuendigung-adresse/kfz-versicherung/adac,https://www.aboalarm.de/kuendigung-adresse/krankenversicherung/adac-versicherungen,https://www.aboalarm.de/kuendigung-adresse/kreditkarte/adac,https://www.aboalarm.de/kuendigung-adresse/zeitschrift/adac-medien-und-reise,https://www.aboalarm.de/kuendigung-adresse/rechtsschutzversicherung/adac,https://www.aboalarm.de/kuendigung-adresse/reiseversicherung/adac,https://www.aboalarm.de/kuendigung-adresse/reiseversicherung/adac-reiseruecktrittversicherung,https://www.aboalarm.de/kuendigung-adresse/unfallversicherung/adac,https://www.aboalarm.de/kuendigung-adresse/rechtsschutzversicherung/adac-verkehrsrechtschutz-versicherung,https://www.aboalarm.de/kuendigung-adresse/verlag/adac,https://www.aboalarm.de/kuendigung-adresse/versicherung/adac</Weitere_Adressen_link><form_field>ADAC Mitgliedsnummer</form_field><subject>Sehr geehrte Damen und Herren,</subject><letter_text>hiermit kündige ich meine ADAC Mitgliedschaft fristgerecht zum nächstmöglichen Zeitpunkt. Bitte senden Sie mir eine schriftliche Bestätigung der Kündigung unter Angabe des Beendigungszeitpunktes zu.</letter_text></item>
<item><category>Mitgliedschaft</category><source_url>https://www.aboalarm.de/kuendigung-adresse/automobil-club-mitgliedschaft/acv-automobil-club-verkehr</source_url><sub_category>Automobil-Club-Mitgliedschaft</sub_category><company>ACV Automobil-Club Verkehr</company><full_address>ACV Automobil-Club Verkehr e.V. Theodor-Heuss-Ring 19-21 50668 Köln</full_address><address>ACV Automobil-Club Verkehr e.V.</address><city>Köln</city><zip>50668</zip><email>service@acv.de</email><website>http://www.acv.de</website><fax>0221 91269126</fax><hotline>0221 9126910</hotline><Weitere_Adressen_name>ACV Automobil-Club Verkehr Verkehrsversicherung</Weitere_Adressen_name><Weitere_Adressen_link>https://www.aboalarm.de/kuendigung-adresse/kfz-versicherung/acv-automobil-club-verkehr</Weitere_Adressen_link><form_field>Kundennummer</form_field><subject>Sehr geehrte Damen und Herren,</subject><letter_text>hiermit kündige ich meinen ACV Automobil-Club Verkehr-Vertrag fristgerecht zum nächstmöglichen Zeitpunkt. Bitte senden Sie mir eine schriftliche Bestätigung der Kündigung unter Angabe des Beendigungszeitpunktes zu.</letter_text></item>
<item><category>Mitgliedschaft</category><source_url>https://www.aboalarm.de/kuendigung-adresse/automobil-club-mitgliedschaft/ace</source_url><sub_category>Automobil-Club-Mitgliedschaft</sub_category><company>ACE Auto Club Europa</company><full_address>ACE Auto Club Europa e.V. Schmidener Str. 227 70374 Stuttgart</full_address><address>ACE Auto Club Europa e.V.</address><city>Stuttgart</city><zip>70374</zip><email>info@ace.de</email><website>http://www.ace-online.de</website><fax>0711 5303168</fax><hotline>0711 530336677</hotline><Weitere_Adressen_name>ACE Elektronikversicherung,ACE Europe Handyversicherung,ACE Haftpflichtversicherung,ACE Hausratversicherung,ACE KFZ-Versicherung,ACE Rechtsschutzversicherung,ACE Risiko-Lebensversicherung,ACE Schwere Krankheiten (Dread Disease),ACE Unfallversicherung</Weitere_Adressen_name><Weitere_Adressen_link>https://www.aboalarm.de/kuendigung-adresse/versicherung/ace,https://www.aboalarm.de/kuendigung-adresse/versicherung/ace-europe-handyversicherung,https://www.aboalarm.de/kuendigung-adresse/haftpflichtversicherung/ace-haftpflicht,https://www.aboalarm.de/kuendigung-adresse/hausratversicherung/ace,https://www.aboalarm.de/kuendigung-adresse/kfz-versicherung/ace,https://www.aboalarm.de/kuendigung-adresse/rechtsschutzversicherung/ace,https://www.aboalarm.de/kuendigung-adresse/lebensversicherung/ace,https://www.aboalarm.de/kuendigung-adresse/krankenversicherung/ace,https://www.aboalarm.de/kuendigung-adresse/unfallversicherung/ace</Weitere_Adressen_link><form_field>Kundennummer</form_field><subject>Sehr geehrte Damen und Herren,</subject><letter_text>hiermit kündige ich meinen ACE Auto Club Europa-Vertrag fristgerecht zum nächstmöglichen Zeitpunkt. Bitte senden Sie mir eine schriftliche Bestätigung der Kündigung unter Angabe des Beendigungszeitpunktes zu.</letter_text></item>
</items>