<?xml version="1.0" encoding="utf-8"?>
<items>
<item><category>Finanzen</category><source_url>https://www.aboalarm.de/kuendigung-adresse/bankkonto/targobank-konto</source_url><sub_category>Bankkonto</sub_category><company>Targobank Konto</company><full_address>TARGOBANK AG Kasernenstr. 10 40213 Düsseldorf</full_address><address>TARGOBANK AG</address><city>Düsseldorf</city><zip>40213</zip><email>kontakt@targobank.de</email><website>http://www.targobank.de</website><fax>021189841222</fax><hotline>021190020222</hotline><Weitere_Adressen_name></Weitere_Adressen_name><Weitere_Adressen_link></Weitere_Adressen_link><form_field>Neue IBAN</form_field><subject>Sehr geehrte Damen und Herren,</subject><letter_text>hiermit kündige ich bzw. löse mein oben genanntes Konto fristgerecht zum nächstmöglichen Zeitpunkt auf. Bitte senden Sie mir eine schriftliche Bestätigung der Kündigung unter Angabe des Beendigungszeitpunktes zu.</letter_text></item>
<item><category>Finanzen</category><source_url>https://www.aboalarm.de/kuendigung-adresse/bankkonto/netbank</source_url><sub_category>Bankkonto</sub_category><company>netbank Konto</company><full_address>Augsburger Aktienbank AG netbank Postfach 102161 86011 Augsburg</full_address><address>Augsburger Aktienbank AG</address><city>102161</city><zip>Postfach</zip><email>info@netbank.de</email><website>http://www.netbank.de</website><fax>0821 5015 3650</fax><hotline>0821 5015 610</hotline><Weitere_Adressen_name>Netbank Baufinanzierung (PlanetHome),netbank Prepaid Karten</Weitere_Adressen_name><Weitere_Adressen_link>https://www.aboalarm.de/kuendigung-adresse/kredit/netbank-baufinanzierung,https://www.aboalarm.de/kuendigung-adresse/kreditkarte/netbank-prepaid-karten</Weitere_Adressen_link><form_field>Neue IBAN</form_field><subject>Sehr geehrte Damen und Herren,</subject><letter_text>hiermit kündige ich bzw. löse mein oben genanntes Konto fristgerecht zum nächstmöglichen Zeitpunkt auf. Bitte senden Sie mir eine schriftliche Bestätigung der Kündigung unter Angabe des Beendigungszeitpunktes zu.</letter_text></item>
<item><category>Finanzen</category><source_url>https://www.aboalarm.de/kuendigung-adresse/bankkonto/lbb-landesbank-berlin</source_url><sub_category>Bankkonto</sub_category><company>LBB Landesbank Berlin Konto</company><full_address>LBB Landesbank Berlin AG Alexanderplatz 2 10178 Berlin</full_address><address>LBB Landesbank Berlin AG</address><city>Berlin</city><zip>10178</zip><email>information@lbb.de</email><website>http://www.lbb.de/landesbank/de/index.html</website><fax>030/245 69 50200</fax><hotline>030/245 500</hotline><Weitere_Adressen_name></Weitere_Adressen_name><Weitere_Adressen_link></Weitere_Adressen_link><form_field>Neue IBAN</form_field><subject>Sehr geehrte Damen und Herren,</subject><letter_text>hiermit kündige ich bzw. löse mein oben genanntes Konto fristgerecht zum nächstmöglichen Zeitpunkt auf. Bitte senden Sie mir eine schriftliche Bestätigung der Kündigung unter Angabe des Beendigungszeitpunktes zu.</letter_text></item>
<item><category>Finanzen</category><source_url>https://www.aboalarm.de/kuendigung-adresse/bankkonto/postbank-konto</source_url><sub_category>Bankkonto</sub_category><company>Postbank Konto</company><full_address>Deutsche Postbank AG Kontoführung Bayerstraße 49 80318 München</full_address><address>Deutsche Postbank AG</address><city>49</city><zip>Bayerstraße</zip><email>direkt@postbank.de</email><website>http://www.postbank.de</website><fax>None</fax><hotline>0228 5500 5500</hotline><Weitere_Adressen_name></Weitere_Adressen_name><Weitere_Adressen_link></Weitere_Adressen_link><form_field>Kundenummer,Neue IBAN</form_field><subject>Sehr geehrte Damen und Herren,</subject><letter_text>hiermit kündige ich bzw. löse mein oben genanntes Konto fristgerecht zum nächstmöglichen Zeitpunkt auf. Bitte senden Sie mir eine schriftliche Bestätigung der Kündigung unter Angabe des Beendigungszeitpunktes zu.</letter_text></item>
<item><category>Finanzen</category><source_url>https://www.aboalarm.de/kuendigung-adresse/bankkonto/dkb-konto</source_url><sub_category>Bankkonto</sub_category><company>DKB Konto</company><full_address>Deutsche Kreditbank AG 10919 Berlin</full_address><address>Deutsche Kreditbank AG</address><city>Berlin</city><zip>10919</zip><email>info@dkb.de</email><website>http://www.dkb.de</website><fax>030 120 300 01</fax><hotline>03012030000</hotline><Weitere_Adressen_name></Weitere_Adressen_name><Weitere_Adressen_link></Weitere_Adressen_link><form_field>Neue IBAN</form_field><subject>Sehr geehrte Damen und Herren,</subject><letter_text>hiermit kündige ich bzw. löse mein oben genanntes Konto fristgerecht zum nächstmöglichen Zeitpunkt auf. Bitte senden Sie mir eine schriftliche Bestätigung der Kündigung unter Angabe des Beendigungszeitpunktes zu.</letter_text></item>
<item><category>Finanzen</category><source_url>https://www.aboalarm.de/kuendigung-adresse/bankkonto/commerzbank</source_url><sub_category>Bankkonto</sub_category><company>Commerzbank Konto</company><full_address>Commerzbank AG 60261 Frankfurt am Main</full_address><address>Commerzbank AG</address><city>Frankfurt</city><zip>60261</zip><email>info@commerzbank.com</email><website>https://www.commerzbank.de</website><fax>None</fax><hotline>06998660966</hotline><Weitere_Adressen_name></Weitere_Adressen_name><Weitere_Adressen_link></Weitere_Adressen_link><form_field>Neue IBAN,Kundennummer</form_field><subject>Sehr geehrte Damen und Herren,</subject><letter_text>hiermit kündige ich bzw. löse mein oben genanntes Konto fristgerecht zum nächstmöglichen Zeitpunkt auf. Bitte senden Sie mir eine schriftliche Bestätigung der Kündigung unter Angabe des Beendigungszeitpunktes zu.</letter_text></item>
<item><category>Finanzen</category><source_url>https://www.aboalarm.de/kuendigung-adresse/bankkonto/comdirect</source_url><sub_category>Bankkonto</sub_category><company>comdirect</company><full_address>comdirect bank AG Pascalkehre 15 25451 Quickborn</full_address><address>comdirect bank AG</address><city>Quickborn</city><zip>25451</zip><email>info@comdirect.de</email><website>http://www.comdirect.de</website><fax>04106 - 708 25 85</fax><hotline>04106 - 704 0</hotline><Weitere_Adressen_name>Comdirect Visa</Weitere_Adressen_name><Weitere_Adressen_link>https://www.aboalarm.de/kuendigung-adresse/abonnement/comdirekt-visa-monatsabrechnung</Weitere_Adressen_link><form_field>Neue IBAN</form_field><subject>Sehr geehrte Damen und Herren,</subject><letter_text>hiermit kündige ich mein oben genanntes Konto fristgerecht zum nächstmöglichen Zeitpunkt. Bitte senden Sie mir eine schriftliche Bestätigung der Kündigung unter Angabe des Beendigungszeitpunktes zu.</letter_text></item>
<item><category>Finanzen</category><source_url>https://www.aboalarm.de/kuendigung-adresse/bankkonto/deutsche-bank</source_url><sub_category>Bankkonto</sub_category><company>Deutsche Bank Konto</company><full_address>Deutsche Bank Privat- und Firmenkundenbank AG Kundenservice 04024 Leipzig</full_address><address>Deutsche Bank Privat- und Firmenkundenbank AG</address><city>Leipzig</city><zip>04024</zip><email>deutsche.bank@db.com</email><website>https://www.deutsche-bank.de</website><fax>069 91010001</fax><hotline>06991000</hotline><Weitere_Adressen_name></Weitere_Adressen_name><Weitere_Adressen_link></Weitere_Adressen_link><form_field>Neue IBAN</form_field><subject>Sehr geehrte Damen und Herren,</subject><letter_text>hiermit kündige ich bzw. löse mein oben genanntes Konto fristgerecht zum nächstmöglichen Zeitpunkt auf. Bitte senden Sie mir eine schriftliche Bestätigung der Kündigung unter Angabe des Beendigungszeitpunktes zu.</letter_text></item>
<item><category>Finanzen</category><source_url>https://www.aboalarm.de/kuendigung-adresse/bankkonto/berliner-volksbank</source_url><sub_category>Bankkonto</sub_category><company>Berliner Volksbank Konto</company><full_address>Berliner Volksbank eG 10892 Berlin</full_address><address>Berliner Volksbank eG</address><city>Berlin</city><zip>10892</zip><email>service@berliner-volksbank.de</email><website>http://www.berliner-volksbank.de</website><fax>None</fax><hotline>03030633300</hotline><Weitere_Adressen_name></Weitere_Adressen_name><Weitere_Adressen_link></Weitere_Adressen_link><form_field>Neue IBAN</form_field><subject>Sehr geehrte Damen und Herren,</subject><letter_text>hiermit kündige ich bzw. löse mein oben genanntes Konto fristgerecht zum nächstmöglichen Zeitpunkt auf. Bitte senden Sie mir eine schriftliche Bestätigung der Kündigung unter Angabe des Beendigungszeitpunktes zu.</letter_text></item>
<item><category>Finanzen</category><source_url>https://www.aboalarm.de/kuendigung-adresse/bankkonto/bank-of-scotland-konto</source_url><sub_category>Bankkonto</sub_category><company>Bank of Scotland Konto</company><full_address>Bank of Scotland Kundenservice 10886 Berlin</full_address><address>Bank of Scotland</address><city>Berlin</city><zip>10886</zip><email>kundenservice@bankofscotland.de</email><website>http://www.bankofscotland.de</website><fax>None</fax><hotline>(030) 280 4 280</hotline><Weitere_Adressen_name></Weitere_Adressen_name><Weitere_Adressen_link></Weitere_Adressen_link><form_field>Kundennummer,Neue IBAN</form_field><subject>Sehr geehrte Damen und Herren,</subject><letter_text>hiermit kündige ich bzw. löse mein oben genanntes Konto fristgerecht zum nächstmöglichen Zeitpunkt auf. Bitte senden Sie mir eine schriftliche Bestätigung der Kündigung unter Angabe des Beendigungszeitpunktes zu.</letter_text></item>
</items>