<?xml version="1.0" encoding="utf-8"?>
<items>
<item><category>Finanzen</category><source_url>https://www.aboalarm.de/kuendigung-adresse/bausparvertrag/wuestenrot-bausparkasse</source_url><sub_category>Bausparvertrag</sub_category><company>Wüstenrot Bausparkasse</company><full_address>Wüstenrot Bausparkasse AG Wüstenrotstraße 1 71638 Ludwigsburg</full_address><address>Wüstenrot Bausparkasse AG</address><city>Ludwigsburg</city><zip>71638</zip><email>info@wuestenrot.de</email><website>http://www.wuestenrot.de</website><fax>0714116753637</fax><hotline>07141 16-0</hotline><Weitere_Adressen_name></Weitere_Adressen_name><Weitere_Adressen_link></Weitere_Adressen_link><form_field>Kundennummer</form_field><subject>Sehr geehrte Damen und Herren,</subject><letter_text>hiermit kündige ich meinen Wüstenrot Bausparkasse-Vertrag fristgerecht zum nächstmöglichen Zeitpunkt. Bitte senden Sie mir eine schriftliche Bestätigung der Kündigung unter Angabe des Beendigungszeitpunktes zu.</letter_text></item>
<item><category>Finanzen</category><source_url>https://www.aboalarm.de/kuendigung-adresse/bausparvertrag/bausparkasse-schwaebisch-hall</source_url><sub_category>Bausparvertrag</sub_category><company>Schwäbisch Hall Bausparkasse</company><full_address>Bausparkasse Schwäbisch Hall AG Crailsheimer Str. 52 74523 Schwäbisch Hall</full_address><address>Bausparkasse Schwäbisch Hall AG</address><city>Schwäbisch</city><zip>74523</zip><email>service@schwaebisch-hall.de</email><website>http://www.schwaebisch-hall.de</website><fax>0791462628</fax><hotline>0791464646</hotline><Weitere_Adressen_name>Schwäbisch Hall Wohn Riester-Rente</Weitere_Adressen_name><Weitere_Adressen_link>https://www.aboalarm.de/kuendigung-adresse/rentenversicherung/schwaebisch-hall</Weitere_Adressen_link><form_field>Kundennummer</form_field><subject>Sehr geehrte Damen und Herren,</subject><letter_text>hiermit kündige ich meinen Schwäbisch Hall Bausparkasse-Vertrag fristgerecht zum nächstmöglichen Zeitpunkt. Bitte senden Sie mir eine schriftliche Bestätigung der Kündigung unter Angabe des Beendigungszeitpunktes zu.</letter_text></item>
<item><category>Finanzen</category><source_url>https://www.aboalarm.de/kuendigung-adresse/bausparvertrag/bkm-bausparkasse-mainz</source_url><sub_category>Bausparvertrag</sub_category><company>BKM - Bausparkasse Mainz</company><full_address>Bausparkasse Mainz AG Kantstr. 1 55122 Mainz</full_address><address>Bausparkasse Mainz AG</address><city>Mainz</city><zip>55122</zip><email>kunden@bkm.de</email><website>https://www.bkm.de</website><fax>06131 303-834</fax><hotline>06131 303-435</hotline><Weitere_Adressen_name></Weitere_Adressen_name><Weitere_Adressen_link></Weitere_Adressen_link><form_field>Kundennummer,Bankverbindung zur Auszahlung</form_field><subject>Sehr geehrte Damen und Herren,</subject><letter_text>hiermit kündige ich meinen BKM - Bausparkasse Mainz-Vertrag fristgerecht zum nächstmöglichen Zeitpunkt. Bitte senden Sie mir eine schriftliche Bestätigung der Kündigung unter Angabe des Beendigungszeitpunktes zu.</letter_text></item>
<item><category>Finanzen</category><source_url>https://www.aboalarm.de/kuendigung-adresse/bausparvertrag/debeka</source_url><sub_category>Bausparvertrag</sub_category><company>Debeka Bausparkasse</company><full_address>Debeka Bausparkasse AG Abteilung BS/BT 56054 Koblenz</full_address><address>Debeka Bausparkasse AG</address><city>Koblenz</city><zip>56054</zip><email>bausparservice@debeka.de</email><website>http://www.debeka.de</website><fax>(02 61) 94 34 - 8 14</fax><hotline>(02 61) 94 34 - 8 76</hotline><Weitere_Adressen_name>Debeka Auslandskrankenversicherung,Debeka Berufsunfähigkeitsversicherung,Debeka BKK,Debeka Glasversicherung,Debeka Haftpflichtversicherung,Debeka Haus-/Grundbesitzerhaftpflichtversicherung,Debeka Hausratversicherung,Debeka KFZ-Versicherung,Debeka Krankenversicherung,Debeka Krankenzusatzversicherung,Debeka Pensionskasse,Debeka Pflegeversicherung,Debeka Rechtsschutzversicherung,DEBEKA Reisegepäckversicherung,Debeka Rentenversicherung,Debeka Riester-Rente,Debeka Risiko-Lebensversicherung,Debeka Schwere Krankheiten (Dread Disease) Versicherung,Debeka Sterbegeldversicherung,Debeka Tierhalterhaftpflichtversicherung,Debeka Unfallversicherung,Debeka Wohngebäudeversicherung,Debeka Zahnzusatzversicherung</Weitere_Adressen_name><Weitere_Adressen_link>https://www.aboalarm.de/kuendigung-adresse/krankenversicherung/debeka-auslandskrankenversicherung,https://www.aboalarm.de/kuendigung-adresse/berufsunfaehigkeitsversicherung/debeka,https://www.aboalarm.de/kuendigung-adresse/krankenversicherung/debeka-bkk,https://www.aboalarm.de/kuendigung-adresse/versicherung/debeka-glasversicherung,https://www.aboalarm.de/kuendigung-adresse/haftpflichtversicherung/debeka,https://www.aboalarm.de/kuendigung-adresse/haftpflichtversicherung/debeka-haus-grundbesitzerhaftpflichtversicherung,https://www.aboalarm.de/kuendigung-adresse/hausratversicherung/debeka,https://www.aboalarm.de/kuendigung-adresse/kfz-versicherung/debeka,https://www.aboalarm.de/kuendigung-adresse/krankenversicherung/debeka,https://www.aboalarm.de/kuendigung-adresse/krankenversicherung/debeka-sonstige-krankenzusatzversicherung,https://www.aboalarm.de/kuendigung-adresse/rentenversicherung/debeka-pensionskasse,https://www.aboalarm.de/kuendigung-adresse/krankenversicherung/debeka-pflegeversicherung,https://www.aboalarm.de/kuendigung-adresse/rechtsschutzversicherung/debeka,https://www.aboalarm.de/kuendigung-adresse/reiseversicherung/debeka,https://www.aboalarm.de/kuendigung-adresse/rentenversicherung/debeka,https://www.aboalarm.de/kuendigung-adresse/rentenversicherung/debeka-riester-rente,https://www.aboalarm.de/kuendigung-adresse/lebensversicherung/debeka-risiko-lebensversicherung,https://www.aboalarm.de/kuendigung-adresse/krankenversicherung/debeka-schwere-krankheiten-dread-disease-versicherung,https://www.aboalarm.de/kuendigung-adresse/versicherung/debeka-sterbegeldversicherung,https://www.aboalarm.de/kuendigung-adresse/haftpflichtversicherung/debeka-tierhalterhaftpflichtversicherung,https://www.aboalarm.de/kuendigung-adresse/unfallversicherung/debeka-unfallversicherung,https://www.aboalarm.de/kuendigung-adresse/versicherung/debeka-wohngebaeudeversicherung,https://www.aboalarm.de/kuendigung-adresse/zahnzusatzversicherung/debeka</Weitere_Adressen_link><form_field>Kundennummer</form_field><subject>Sehr geehrte Damen und Herren,</subject><letter_text>hiermit kündige ich meinen Debeka Bausparkasse-Vertrag fristgerecht zum nächstmöglichen Zeitpunkt. Bitte senden Sie mir eine schriftliche Bestätigung der Kündigung unter Angabe des Beendigungszeitpunktes zu.</letter_text></item>
<item><category>Finanzen</category><source_url>https://www.aboalarm.de/kuendigung-adresse/bausparvertrag/bhw-bausparkasse</source_url><sub_category>Bausparvertrag</sub_category><company>BHW Bausparkasse</company><full_address>BHW Bausparkasse AG Lubahnstraße 2 31789 Hameln</full_address><address>BHW Bausparkasse AG</address><city>Hameln</city><zip>31789</zip><email>info@bhw.de</email><website>http://www.bhw.de</website><fax>None</fax><hotline>05151 18-6700</hotline><Weitere_Adressen_name></Weitere_Adressen_name><Weitere_Adressen_link></Weitere_Adressen_link><form_field>Bausparvertragsnummer,Termin der Kündigung</form_field><subject>Sehr geehrte Damen und Herren,</subject><letter_text>hiermit kündige ich meinen BHW Bausparkasse-Vertrag fristgerecht zum nächstmöglichen Zeitpunkt. Bitte senden Sie mir eine schriftliche Bestätigung der Kündigung unter Angabe des Beendigungszeitpunktes zu.</letter_text></item>
<item><category>Finanzen</category><source_url>https://www.aboalarm.de/kuendigung-adresse/bausparvertrag/badenia</source_url><sub_category>Bausparvertrag</sub_category><company>Badenia Bausparkasse</company><full_address>Deutsche Bausparkasse Badenia AG Badeniaplatz 1 76189 Karlsruhe</full_address><address>Deutsche Bausparkasse Badenia AG</address><city>Karlsruhe</city><zip>76189</zip><email>Service@Badenia.de</email><website>https://www.badenia.de/</website><fax>0721/995-2999</fax><hotline>0721/995-0</hotline><Weitere_Adressen_name></Weitere_Adressen_name><Weitere_Adressen_link></Weitere_Adressen_link><form_field>Kundennummer</form_field><subject>Sehr geehrte Damen und Herren,</subject><letter_text>hiermit kündige ich meinen Badenia Bausparkasse-Vertrag fristgerecht zum nächstmöglichen Zeitpunkt. Bitte senden Sie mir eine schriftliche Bestätigung der Kündigung unter Angabe des Beendigungszeitpunktes zu.</letter_text></item>
<item><category>Finanzen</category><source_url>https://www.aboalarm.de/kuendigung-adresse/bausparvertrag/alte-leipziger</source_url><sub_category>Bausparvertrag</sub_category><company>Alte Leipziger Bausparvertrag</company><full_address>ALTE LEIPZIGER Bauspar AG Alte Leipziger-Platz 1 61440 Oberursel</full_address><address>ALTE LEIPZIGER Bauspar AG</address><city>Oberursel</city><zip>61440</zip><email>bauspar@alte-leipziger.de</email><website>https://www.alte-leipziger.de/</website><fax>06171 66-4240</fax><hotline>06171 66-4177</hotline><Weitere_Adressen_name>ALTE LEIPZIGER Altersvorsorge,Alte Leipziger Berufsunfähigkeitsversicherung,Alte Leipziger Haftpflichtversicherung,ALTE LEIPZIGER Haus-/Grundbesitzerhaftpflichtversicherung,ALTE LEIPZIGER Hausratversicherung,ALTE LEIPZIGER KFZ-Versicherung,Alte Leipziger Lebensversicherung,ALTE LEIPZIGER Pflegeversicherung,Alte Leipziger Rechtsschutzversicherung,Alte Leipziger Reisegepäckversicherung,Alte Leipziger Rentenversicherung,Alte Leipziger Riester-Rente,ALTE LEIPZIGER Risiko-Lebensversicherung,ALTE LEIPZIGER Tierhalterhaftpflichtversicherung,Alte Leipziger Unfallversicherung,Alte Leipziger Versicherung,Alte Leipziger Wohngebäudeversicherung</Weitere_Adressen_name><Weitere_Adressen_link>https://www.aboalarm.de/kuendigung-adresse/rentenversicherung/alte-leipziger-altersvorsorge,https://www.aboalarm.de/kuendigung-adresse/berufsunfaehigkeitsversicherung/alte-leipziger,https://www.aboalarm.de/kuendigung-adresse/haftpflichtversicherung/alte-leipziger,https://www.aboalarm.de/kuendigung-adresse/haftpflichtversicherung/alte-leipziger-haus-grundbesitzerhaftpflichtversicherung,https://www.aboalarm.de/kuendigung-adresse/hausratversicherung/alte-leipziger,https://www.aboalarm.de/kuendigung-adresse/kfz-versicherung/alte-leipziger,https://www.aboalarm.de/kuendigung-adresse/lebensversicherung/alte-leipziger,https://www.aboalarm.de/kuendigung-adresse/versicherung/alte-leipziger-pflegeversicherung,https://www.aboalarm.de/kuendigung-adresse/rechtsschutzversicherung/alte-leipziger,https://www.aboalarm.de/kuendigung-adresse/reiseversicherung/alte-leipziger,https://www.aboalarm.de/kuendigung-adresse/rentenversicherung/alte-leipziger,https://www.aboalarm.de/kuendigung-adresse/rentenversicherung/alte-leipziger-riester-rente,https://www.aboalarm.de/kuendigung-adresse/lebensversicherung/alte-leipziger-risiko-lebensversicherung,https://www.aboalarm.de/kuendigung-adresse/haftpflichtversicherung/alte-leipziger-tierhalterhaftpflichtversicherung,https://www.aboalarm.de/kuendigung-adresse/unfallversicherung/alte-leipziger,https://www.aboalarm.de/kuendigung-adresse/versicherung/alte-leipziger,https://www.aboalarm.de/kuendigung-adresse/versicherung/alte-leipziger-wohngebaeudeversicherung</Weitere_Adressen_link><form_field>Kundennummer</form_field><subject>Sehr geehrte Damen und Herren,</subject><letter_text>hiermit kündige ich meinen Alte Leipziger Bausparvertrag-Vertrag fristgerecht zum nächstmöglichen Zeitpunkt. Bitte senden Sie mir eine schriftliche Bestätigung der Kündigung unter Angabe des Beendigungszeitpunktes zu.</letter_text></item>
</items>