<?xml version="1.0" encoding="utf-8"?>
<items>
<item><category>Versicherung</category><source_url>https://www.aboalarm.de/kuendigung-adresse/berufsunfaehigkeitsversicherung/zurich-deutscher-herold</source_url><sub_category>Berufsunfähigkeitsversicherung</sub_category><company>Zurich Berufsunfähigkeitsversicherung</company><full_address>Zurich Gruppe Deutschland Poppelsdorfer Allee 25-33 53115 Bonn</full_address><address>Zurich Gruppe Deutschland</address><city>Bonn</city><zip>53115</zip><email>service@zurich.de</email><website>http://www.zurich.de</website><fax>02282683952</fax><hotline>0228 268-2670</hotline><Weitere_Adressen_name>Zurich Bausparkasse,Zurich Betriebshaftpflichtversicherung,Zurich Erwerbsunfähigkeitsversicherung,Zurich Gebäudeversicherung,Zurich Glasversicherung,Zurich Haftpflichtversicherung,Zurich Haus-/Grundbesitzerhaftpflichtversicherung,Zurich Hausratversicherung,Zurich KFZ-Versicherung,Zurich Lebensversicherung,Zurich MultiPlus Versicherung,Zurich Pflegeversicherung,Zurich Reisegepäckversicherung,Zurich Rentenversicherung,Zurich Riester-Rente,Zurich Risiko-Lebensversicherung,Zurich Schwere Krankheiten (Dread Disease) Versicherung,Zurich Sterbegeldversicherung,Zurich Tierhalterhaftpflichtversicherung,Zurich Unfallversicherung,Zurich Wohngebäudeversicherung</Weitere_Adressen_name><Weitere_Adressen_link>https://www.aboalarm.de/kuendigung-adresse/bausparvertrag/zurich,https://www.aboalarm.de/kuendigung-adresse/haftpflichtversicherung/zurich-betriebshaftpflichtversicherung,https://www.aboalarm.de/kuendigung-adresse/rentenversicherung/zurich-erwerbsunfaehigkeitsversicherung,https://www.aboalarm.de/kuendigung-adresse/versicherung/zurich-gebaeudeversicherung,https://www.aboalarm.de/kuendigung-adresse/versicherung/zurich-glasversicherung,https://www.aboalarm.de/kuendigung-adresse/haftpflichtversicherung/zurich,https://www.aboalarm.de/kuendigung-adresse/haftpflichtversicherung/zurich-haus-grundbesitzerhaftpflichtversicherung,https://www.aboalarm.de/kuendigung-adresse/hausratversicherung/zurich,https://www.aboalarm.de/kuendigung-adresse/kfz-versicherung/zurich,https://www.aboalarm.de/kuendigung-adresse/lebensversicherung/zurich,https://www.aboalarm.de/kuendigung-adresse/versicherung/zurich-multiplus-versicherung,https://www.aboalarm.de/kuendigung-adresse/krankenversicherung/zurich-pflegeversicherung,https://www.aboalarm.de/kuendigung-adresse/reiseversicherung/zurich,https://www.aboalarm.de/kuendigung-adresse/rentenversicherung/zurich-deutscher-herold,https://www.aboalarm.de/kuendigung-adresse/rentenversicherung/zurich-riester-rente,https://www.aboalarm.de/kuendigung-adresse/lebensversicherung/zurich-risiko-lebensversicherung,https://www.aboalarm.de/kuendigung-adresse/krankenversicherung/zurich-schwere-krankheiten-dread-disease-versicherung,https://www.aboalarm.de/kuendigung-adresse/versicherung/zurich-sterbegeldversicherung,https://www.aboalarm.de/kuendigung-adresse/haftpflichtversicherung/zurich-tierhalterhaftpflichtversicherung,https://www.aboalarm.de/kuendigung-adresse/unfallversicherung/zurich-unfallversicherung,https://www.aboalarm.de/kuendigung-adresse/versicherung/zurich-wohngebaeudeversicherung</Weitere_Adressen_link><form_field>Versicherungsnummer</form_field><subject>Sehr geehrte Damen und Herren,</subject><letter_text>hiermit kündige ich meine oben genannte Berufsunfähigkeitsversicherung fristgerecht zum nächstmöglichen Zeitpunkt. Bitte senden Sie mir eine schriftliche Bestätigung der Kündigung unter Angabe des Beendigungszeitpunktes zu.</letter_text></item>
<item><category>Versicherung</category><source_url>https://www.aboalarm.de/kuendigung-adresse/berufsunfaehigkeitsversicherung/wuerttembergische-versicherung</source_url><sub_category>Berufsunfähigkeitsversicherung</sub_category><company>Württembergische Berufsunfähigkeitsversicherung</company><full_address>Württembergische Lebensversicherung AG Gutenbergstr. 30 70176  Stuttgart</full_address><address>Württembergische Lebensversicherung AG</address><city>Stuttgart</city><zip>70176 </zip><email>None</email><website>http://www.wuerttembergische.de</website><fax>0711 662 829400</fax><hotline>07116620</hotline><Weitere_Adressen_name>Württembergische Versicherung</Weitere_Adressen_name><Weitere_Adressen_link>https://www.aboalarm.de/kuendigung-adresse/versicherung/wuerttembergische-versicherung</Weitere_Adressen_link><form_field>Versicherungsnummer</form_field><subject>Sehr geehrte Damen und Herren,</subject><letter_text>hiermit kündige ich meine oben genannte Berufsunfähigkeitsversicherung fristgerecht zum nächstmöglichen Zeitpunkt. Bitte senden Sie mir eine schriftliche Bestätigung der Kündigung unter Angabe des Beendigungszeitpunktes zu.</letter_text></item>
<item><category>Versicherung</category><source_url>https://www.aboalarm.de/kuendigung-adresse/berufsunfaehigkeitsversicherung/volksfuersorge</source_url><sub_category>Berufsunfähigkeitsversicherung</sub_category><company>Volksfürsorge Deutsche Berufsunfähigkeitsversicherung</company><full_address>Volksfürsorge AG 20071 Hamburg</full_address><address>Volksfürsorge AG</address><city>Hamburg</city><zip>20071</zip><email>service@volksfuersorge.de</email><website>http://www.volksfuersorge.de</website><fax>04028653369</fax><hotline>040-2865-4477</hotline><Weitere_Adressen_name>Volksfürsorge,Volksfürsorge Deutsche Haftpflichtversicherung,Volksfürsorge Deutsche Hausratversicherung,Volksfürsorge KFZ-Versicherung</Weitere_Adressen_name><Weitere_Adressen_link>https://www.aboalarm.de/kuendigung-adresse/versicherung/volksfuersorge,https://www.aboalarm.de/kuendigung-adresse/haftpflichtversicherung/volksfuersorge,https://www.aboalarm.de/kuendigung-adresse/hausratversicherung/volksfuersorge,https://www.aboalarm.de/kuendigung-adresse/kfz-versicherung/volksfuersorge</Weitere_Adressen_link><form_field>Versicherungsnummer</form_field><subject>Sehr geehrte Damen und Herren,</subject><letter_text>hiermit kündige ich meine oben genannte Berufsunfähigkeitsversicherung fristgerecht zum nächstmöglichen Zeitpunkt. Bitte senden Sie mir eine schriftliche Bestätigung der Kündigung unter Angabe des Beendigungszeitpunktes zu.</letter_text></item>
<item><category>Versicherung</category><source_url>https://www.aboalarm.de/kuendigung-adresse/berufsunfaehigkeitsversicherung/swiss-life</source_url><sub_category>Berufsunfähigkeitsversicherung</sub_category><company>Swiss Life Berufsunfähigkeitsversicherung</company><full_address>Swiss Life - Niederlassung für Deutschland Berufsunfähigkeitsversicherung Zeppelinstraße 1 85748 Garching b. München</full_address><address>Swiss Life - Niederlassung für Deutschland</address><city>1</city><zip>Zeppelinstraße</zip><email>info@swisslife.de</email><website>http://www.swisslife.de</website><fax>089 3 81 09-44 05</fax><hotline>089 3 81 09-0</hotline><Weitere_Adressen_name>Swiss Life,Swiss Life Altersvorsorge,Swiss Life Haftpflichtversicherung,Swiss Life Haus-/Grundbesitzerhaftpflichtversicherung,Swiss Life Hausratversicherung,Swiss Life KFZ-Versicherung,Swiss Life Pflegeversicherung,Swiss Life Riester-Rente,Swiss Life Risiko-Lebensversicherung,Swiss Life Schwere Krankheiten (Dread Disease) Versicherung,Swiss Life Sterbegeldversicherung,Swiss Life Tierhalterhaftpflichtversicherung,Swiss Life Unfallversicherung</Weitere_Adressen_name><Weitere_Adressen_link>https://www.aboalarm.de/kuendigung-adresse/versicherung/swiss-life,https://www.aboalarm.de/kuendigung-adresse/rentenversicherung/swiss-life,https://www.aboalarm.de/kuendigung-adresse/haftpflichtversicherung/swiss-life,https://www.aboalarm.de/kuendigung-adresse/haftpflichtversicherung/swiss-life-haus-grundbesitzerhaftpflichtversicherung,https://www.aboalarm.de/kuendigung-adresse/hausratversicherung/swiss-life,https://www.aboalarm.de/kuendigung-adresse/kfz-versicherung/swiss-life,https://www.aboalarm.de/kuendigung-adresse/krankenversicherung/swiss-life-pflegeversicherung,https://www.aboalarm.de/kuendigung-adresse/rentenversicherung/swiss-life-riester-rente,https://www.aboalarm.de/kuendigung-adresse/lebensversicherung/swiss-life,https://www.aboalarm.de/kuendigung-adresse/krankenversicherung/swiss-life-schwere-krankheiten-dread-disease-versicherung,https://www.aboalarm.de/kuendigung-adresse/versicherung/swiss-life-sterbegeldversicherung,https://www.aboalarm.de/kuendigung-adresse/haftpflichtversicherung/swiss-life-tierhalterhaftpflichtversicherung,https://www.aboalarm.de/kuendigung-adresse/unfallversicherung/swiss-life</Weitere_Adressen_link><form_field>Versicherungsnummer</form_field><subject>Sehr geehrte Damen und Herren,</subject><letter_text>hiermit kündige ich meine oben genannte Berufsunfähigkeitsversicherung fristgerecht zum nächstmöglichen Zeitpunkt. Bitte senden Sie mir eine schriftliche Bestätigung der Kündigung unter Angabe des Beendigungszeitpunktes zu.</letter_text></item>
<item><category>Versicherung</category><source_url>https://www.aboalarm.de/kuendigung-adresse/berufsunfaehigkeitsversicherung/signal-iduna</source_url><sub_category>Berufsunfähigkeitsversicherung</sub_category><company>Signal Iduna Berufsunfähigkeitsversicherung</company><full_address>Signal Iduna Gruppe Neue Rabenstr. 15 - 19 20351  Hamburg</full_address><address>Signal Iduna Gruppe</address><city>Hamburg</city><zip>20351 </zip><email>info@signal-iduna.de</email><website>http://www.signal-iduna.de</website><fax>0231 135-4638</fax><hotline>04041240</hotline><Weitere_Adressen_name>Signal Iduna  Schwere Krankheiten (Dread Disease) Versicherung,Signal Iduna Altersvorsorge,SIGNAL IDUNA Bauspar,Signal Iduna Depot,SIGNAL IDUNA Elektronikschadenversicherung,Signal Iduna Elektronikversicherung,SIGNAL IDUNA Elementarschadenversicherung,Signal Iduna Glasversicherung,Signal Iduna Haftpflichtversicherung,Signal Iduna Haus-/Grundbesitzerhaftpflichtversicherung,SIGNAL IDUNA Haushaltglasversicherung,Signal Iduna Hausratversicherung,Signal Iduna KFZ-Versicherung,Signal Iduna Krankenversicherung,SIGNAL IDUNA Lebensversicherung,SIGNAL IDUNA Pflegepflichtversicherung,Signal Iduna Rechtsschutzversicherung,Signal Iduna Reisegepäckversicherung,Signal Iduna Reiseversicherung,Signal Iduna Rentenversicherung,Signal Iduna Riester-Rente,Signal Iduna Sterbegeldversicherung,Signal Iduna Tierhalterhaftpflichtversicherung,Signal Iduna Unfallversicherung,Signal Iduna Wohngebäudeversicherung</Weitere_Adressen_name><Weitere_Adressen_link>https://www.aboalarm.de/kuendigung-adresse/krankenversicherung/signal-iduna-schwere-krankheiten-dread-disease-versicherung,https://www.aboalarm.de/kuendigung-adresse/rentenversicherung/signal-iduna-altersvorsorge,https://www.aboalarm.de/kuendigung-adresse/bausparvertrag/signal-iduna,https://www.aboalarm.de/kuendigung-adresse/finanzen/signal-iduna-depot,https://www.aboalarm.de/kuendigung-adresse/hausratversicherung/signal-iduna-elektronikschadenversicherung,https://www.aboalarm.de/kuendigung-adresse/versicherung/signal-iduna-elektronikversicherung,https://www.aboalarm.de/kuendigung-adresse/hausratversicherung/signal-iduna-elementarschadenversicherung,https://www.aboalarm.de/kuendigung-adresse/versicherung/signal-iduna-glasversicherung,https://www.aboalarm.de/kuendigung-adresse/haftpflichtversicherung/signal-iduna,https://www.aboalarm.de/kuendigung-adresse/haftpflichtversicherung/signal-iduna-haus-grundbesitzerhaftpflichtversicherung,https://www.aboalarm.de/kuendigung-adresse/abonnement/signal-iduna-haushaltglasversicherung,https://www.aboalarm.de/kuendigung-adresse/hausratversicherung/signal-iduna,https://www.aboalarm.de/kuendigung-adresse/kfz-versicherung/signal-iduna,https://www.aboalarm.de/kuendigung-adresse/krankenversicherung/signal-iduna,https://www.aboalarm.de/kuendigung-adresse/lebensversicherung/signal-iduna,https://www.aboalarm.de/kuendigung-adresse/versicherung/signal-iduna-pflegepflichtversicherung,https://www.aboalarm.de/kuendigung-adresse/rechtsschutzversicherung/signal-iduna,https://www.aboalarm.de/kuendigung-adresse/reiseversicherung/signal-iduna,https://www.aboalarm.de/kuendigung-adresse/reiseversicherung/signal-iduna-reiseversicherung,https://www.aboalarm.de/kuendigung-adresse/rentenversicherung/signal-iduna,https://www.aboalarm.de/kuendigung-adresse/rentenversicherung/signal-iduna-riester-rente,https://www.aboalarm.de/kuendigung-adresse/versicherung/signal-iduna-sterbegeldversicherung,https://www.aboalarm.de/kuendigung-adresse/haftpflichtversicherung/signal-iduna-tierhalterhaftpflichtversicherung,https://www.aboalarm.de/kuendigung-adresse/unfallversicherung/signal-iduna-unfallversicherung,https://www.aboalarm.de/kuendigung-adresse/versicherung/signal-iduna-wohngebaeudeversicherung</Weitere_Adressen_link><form_field>Versicherungsnummer</form_field><subject>Sehr geehrte Damen und Herren,</subject><letter_text>hiermit kündige ich meine oben genannte Berufsunfähigkeitsversicherung fristgerecht zum nächstmöglichen Zeitpunkt. Bitte senden Sie mir eine schriftliche Bestätigung der Kündigung unter Angabe des Beendigungszeitpunktes zu.</letter_text></item>
<item><category>Versicherung</category><source_url>https://www.aboalarm.de/kuendigung-adresse/berufsunfaehigkeitsversicherung/lvm</source_url><sub_category>Berufsunfähigkeitsversicherung</sub_category><company>LVM Berufsunfähigkeitsversicherung</company><full_address>LVM Lebensversicherungs-AG Kolde-Ring 21 48126  Münster</full_address><address>LVM Lebensversicherungs-AG</address><city>Münster</city><zip>48126 </zip><email>info@lvm.de</email><website>http://www.lvm.de</website><fax> 0251/7021099</fax><hotline>0 0251-7025821</hotline><Weitere_Adressen_name>LVM Auslandskrankenversicherung,LVM Glasversicherung,LVM Haftpflichtversicherung,LVM Haus-/Grundbesitzerhaftpflichtversicherung,LVM Hausratversicherung,LVM KFZ-Versicherung,LVM Krankenversicherung,LVM Krankenzusatzversicherung,LVM Pflegeversicherung,LVM Private Krankenvollversicherung,LVM Rechtsschutzversicherung,LVM Reisegepäckversicherung,LVM Rentenversicherung,LVM Riester-Rente,LVM Risiko-Lebensversicherung,LVM Sterbegeldversicherung,LVM Tierhalterhaftpflichtversicherung,LVM Unfallversicherung ,LVM Wohngebäudeversicherung,LVM Zahnzusatzversicherung</Weitere_Adressen_name><Weitere_Adressen_link>https://www.aboalarm.de/kuendigung-adresse/krankenversicherung/lvm-auslandskrankenversicherung,https://www.aboalarm.de/kuendigung-adresse/versicherung/lvm-glasversicherung,https://www.aboalarm.de/kuendigung-adresse/haftpflichtversicherung/lvm,https://www.aboalarm.de/kuendigung-adresse/haftpflichtversicherung/lvm-haus-grundbesitzerhaftpflichtversicherung,https://www.aboalarm.de/kuendigung-adresse/hausratversicherung/lvm-hausratversicherung,https://www.aboalarm.de/kuendigung-adresse/kfz-versicherung/lvm,https://www.aboalarm.de/kuendigung-adresse/krankenversicherung/lvm,https://www.aboalarm.de/kuendigung-adresse/krankenversicherung/lvm-sonstige-krankenzusatzversicherung,https://www.aboalarm.de/kuendigung-adresse/krankenversicherung/lvm-pflegeversicherung,https://www.aboalarm.de/kuendigung-adresse/krankenversicherung/lvm-private-krankenvollversicherung,https://www.aboalarm.de/kuendigung-adresse/rechtsschutzversicherung/lvm,https://www.aboalarm.de/kuendigung-adresse/reiseversicherung/lvm,https://www.aboalarm.de/kuendigung-adresse/rentenversicherung/lvm,https://www.aboalarm.de/kuendigung-adresse/rentenversicherung/lvm-riester-rente,https://www.aboalarm.de/kuendigung-adresse/lebensversicherung/lvm-risiko-lebensversicherung,https://www.aboalarm.de/kuendigung-adresse/versicherung/lvm-sterbegeldversicherung,https://www.aboalarm.de/kuendigung-adresse/haftpflichtversicherung/lvm-tierhalterhaftpflichtversicherung,https://www.aboalarm.de/kuendigung-adresse/unfallversicherung/lvm,https://www.aboalarm.de/kuendigung-adresse/versicherung/lvm-wohngebaeudeversicherung,https://www.aboalarm.de/kuendigung-adresse/zahnzusatzversicherung/lvm</Weitere_Adressen_link><form_field>Versicherungsnummer</form_field><subject>Sehr geehrte Damen und Herren,</subject><letter_text>hiermit kündige ich meine oben genannte Berufsunfähigkeitsversicherung fristgerecht zum nächstmöglichen Zeitpunkt. Bitte senden Sie mir eine schriftliche Bestätigung der Kündigung unter Angabe des Beendigungszeitpunktes zu.</letter_text></item>
<item><category>Versicherung</category><source_url>https://www.aboalarm.de/kuendigung-adresse/berufsunfaehigkeitsversicherung/huk-coburg</source_url><sub_category>Berufsunfähigkeitsversicherung</sub_category><company>HUK-COBURG Berufsunfähigkeitsversicherung</company><full_address>HUK-COBURG Allgemeine Versicherung AG Berufsunfähigkeitsversicherung Bahnhofsplatz 96450 Coburg</full_address><address>HUK-COBURG Allgemeine Versicherung AG</address><city>Coburg</city><zip>96450</zip><email>info@huk-coburg.de</email><website>http://www.huk.de</website><fax>08002153486</fax><hotline>08002153153</hotline><Weitere_Adressen_name>HUK-Coburg Auslandskrankenversicherung,HUK-Coburg Glasversicherung,Huk-Coburg Haftpflichtversicherung,HUK-Coburg Haus-/Grundbesitzerhaftpflichtversicherung,Huk-Coburg Hausratversicherung,HUK-Coburg KFZ-Versicherung,Huk-Coburg Krankenversicherung,HUK-Coburg Krankenzusatzversicherung,Huk-Coburg Lebensversicherung,HUK-Coburg Pflegeversicherung,Huk-Coburg Rechtsschutzversicherung,Huk-Coburg Reiseversicherung,Huk-Coburg Riester-Rente,HUK-Coburg Sterbegeldversicherung,HUK-Coburg Tierhalterhaftpflichtversicherung,HUK-Coburg Unfallversicherung,Huk-Coburg Wohngebäudeversicherung,HUK-Coburg Zahnzusatzversicherung</Weitere_Adressen_name><Weitere_Adressen_link>https://www.aboalarm.de/kuendigung-adresse/krankenversicherung/huk-coburg-auslandskrankenversicherung,https://www.aboalarm.de/kuendigung-adresse/versicherung/huk-coburg-glasversicherung,https://www.aboalarm.de/kuendigung-adresse/haftpflichtversicherung/huk-coburg,https://www.aboalarm.de/kuendigung-adresse/haftpflichtversicherung/huk-coburg-haus-grundbesitzerhaftpflichtversicherung,https://www.aboalarm.de/kuendigung-adresse/hausratversicherung/huk-coburg,https://www.aboalarm.de/kuendigung-adresse/kfz-versicherung/huk-coburg,https://www.aboalarm.de/kuendigung-adresse/krankenversicherung/huk-coburg,https://www.aboalarm.de/kuendigung-adresse/krankenversicherung/huk-coburg-sonstige-krankenzusatzversicherung,https://www.aboalarm.de/kuendigung-adresse/lebensversicherung/huk-coburg,https://www.aboalarm.de/kuendigung-adresse/versicherung/huk-coburg-pflegeversicherung,https://www.aboalarm.de/kuendigung-adresse/rechtsschutzversicherung/huk-coburg,https://www.aboalarm.de/kuendigung-adresse/reiseversicherung/huk-coburg-reiseversicherung,https://www.aboalarm.de/kuendigung-adresse/rentenversicherung/huk-coburg-riester-rente,https://www.aboalarm.de/kuendigung-adresse/versicherung/huk-coburg-sterbegeldversicherung,https://www.aboalarm.de/kuendigung-adresse/haftpflichtversicherung/huk-coburg-tierhalterhaftpflichtversicherung,https://www.aboalarm.de/kuendigung-adresse/unfallversicherung/huk-coburg,https://www.aboalarm.de/kuendigung-adresse/versicherung/huk-coburg-wohngebaeudeversicherung,https://www.aboalarm.de/kuendigung-adresse/zahnzusatzversicherung/huk-coburg</Weitere_Adressen_link><form_field>Versicherungsnummer</form_field><subject>Sehr geehrte Damen und Herren,</subject><letter_text>hiermit kündige ich meine oben genannte Berufsunfähigkeitsversicherung fristgerecht zum nächstmöglichen Zeitpunkt. Bitte senden Sie mir eine schriftliche Bestätigung der Kündigung unter Angabe des Beendigungszeitpunktes zu.</letter_text></item>
<item><category>Versicherung</category><source_url>https://www.aboalarm.de/kuendigung-adresse/berufsunfaehigkeitsversicherung/hansemerkur</source_url><sub_category>Berufsunfähigkeitsversicherung</sub_category><company>HanseMerkur Berufsunfähigkeitsversicherung</company><full_address>HanseMerkur Lebensversicherung AG Siegfried-Wedells-Platz 1 20352  Hamburg</full_address><address>HanseMerkur Lebensversicherung AG</address><city>Hamburg</city><zip>20352 </zip><email>-</email><website>http://www.hansemerkur.de</website><fax> 040/41193257</fax><hotline>040-41194400</hotline><Weitere_Adressen_name>HanseMerkur Auslandskrankenversicherung,HanseMerkur Glasversicherung,HanseMerkur Haftpflichtversicherung,HanseMerkur Haus-/Grundbesitzerhaftpflichtversicherung,HanseMerkur Hausratversicherung,HanseMerkur Hunde-OP Versicherung,HanseMerkur KFZ-Versicherung,HanseMerkur Krankenversicherung,HanseMerkur Krankenzusatzversicherung,HanseMerkur Lebensversicherung,HanseMerkur Pflegeversicherung,HanseMerkur Private Krankenvollversicherung,HanseMerkur Rechtsschutzversicherung,HanseMerkur Reisegepäckversicherung,HanseMerkur Reiseunfallversicherung,HanseMerkur Reiseversicherung,HanseMerkur Rentenversicherung,HanseMerkur Risiko-Lebensversicherung,HanseMerkur Schwere Krankheiten (Dread Disease) Versicherung,HanseMerkur Speziale Krankenversicherung,HanseMerkur Sterbegeldversicherung,HanseMerkur Tierhalterhaftpflichtversicherung,HanseMerkur Unfallversicherung,HanseMerkur Versicherung,HanseMerkur Wohngebäudeversicherung,HanseMerkur Zahnzusatzversicherung</Weitere_Adressen_name><Weitere_Adressen_link>https://www.aboalarm.de/kuendigung-adresse/krankenversicherung/hansemerkur-auslandskrankenversicherung,https://www.aboalarm.de/kuendigung-adresse/versicherung/hansemerkur-glasversicherung,https://www.aboalarm.de/kuendigung-adresse/haftpflichtversicherung/hansemerkur,https://www.aboalarm.de/kuendigung-adresse/haftpflichtversicherung/hansemerkur-haus-grundbesitzerhaftpflichtversicherung,https://www.aboalarm.de/kuendigung-adresse/hausratversicherung/hansemerkur,https://www.aboalarm.de/kuendigung-adresse/krankenversicherung/hansemerkur-hunde-op-versicherung,https://www.aboalarm.de/kuendigung-adresse/kfz-versicherung/hansemerkur,https://www.aboalarm.de/kuendigung-adresse/krankenversicherung/hansemerkur,https://www.aboalarm.de/kuendigung-adresse/krankenversicherung/hansemerkur-sonstige-krankenzusatzversicherung,https://www.aboalarm.de/kuendigung-adresse/lebensversicherung/hansemerkur-lebensversicherung,https://www.aboalarm.de/kuendigung-adresse/krankenversicherung/hansemerkur-pflegeversicherung,https://www.aboalarm.de/kuendigung-adresse/krankenversicherung/hansemerkur-private-krankenvollversicherung,https://www.aboalarm.de/kuendigung-adresse/rechtsschutzversicherung/hansemerkur,https://www.aboalarm.de/kuendigung-adresse/reiseversicherung/hansemerkur-reisegepaeckversicherung,https://www.aboalarm.de/kuendigung-adresse/unfallversicherung/hansemerkur-reiseunfallversicherung,https://www.aboalarm.de/kuendigung-adresse/reiseversicherung/hansemerkur,https://www.aboalarm.de/kuendigung-adresse/rentenversicherung/hansemerkur,https://www.aboalarm.de/kuendigung-adresse/lebensversicherung/hansemerkur-risiko-lebensversicherung,https://www.aboalarm.de/kuendigung-adresse/krankenversicherung/hansemerkur-schwere-krankheiten-dread-disease-versicherung,https://www.aboalarm.de/kuendigung-adresse/krankenversicherung/hansemerkur-speziale-krankenversicherung,https://www.aboalarm.de/kuendigung-adresse/versicherung/hansemerkur-sterbegeldversicherung,https://www.aboalarm.de/kuendigung-adresse/haftpflichtversicherung/hansemerkur-tierhalterhaftpflichtversicherung,https://www.aboalarm.de/kuendigung-adresse/unfallversicherung/hansemerkur,https://www.aboalarm.de/kuendigung-adresse/versicherung/hansemerkur,https://www.aboalarm.de/kuendigung-adresse/versicherung/hansemerkur-wohngebaeudeversicherung,https://www.aboalarm.de/kuendigung-adresse/zahnzusatzversicherung/hansemerkur</Weitere_Adressen_link><form_field>Versicherungsnummer</form_field><subject>Sehr geehrte Damen und Herren,</subject><letter_text>hiermit kündige ich meine oben genannte Berufsunfähigkeitsversicherung fristgerecht zum nächstmöglichen Zeitpunkt. Bitte senden Sie mir eine schriftliche Bestätigung der Kündigung unter Angabe des Beendigungszeitpunktes zu.</letter_text></item>
<item><category>Versicherung</category><source_url>https://www.aboalarm.de/kuendigung-adresse/berufsunfaehigkeitsversicherung/hamburg-mannheimer-versicherung</source_url><sub_category>Berufsunfähigkeitsversicherung</sub_category><company>Hamburg-Mannheimer Berufsunfähigkeitsversicherung</company><full_address>ERGO Lebensversicherung AG Hamburg-Mannheimer Berufsunfähigkeitsversicherung Überseering 45 22297 Hamburg</full_address><address>ERGO Lebensversicherung AG</address><city>45</city><zip>Überseering</zip><email>info@ergo.de-mail.de</email><website>http://www.ergo.de/</website><fax>0049 40 6376-5954</fax><hotline>0800 3746-000</hotline><Weitere_Adressen_name></Weitere_Adressen_name><Weitere_Adressen_link></Weitere_Adressen_link><form_field>Versicherungsnummer</form_field><subject>Sehr geehrte Damen und Herren,</subject><letter_text>hiermit kündige ich meine oben genannte Berufsunfähigkeitsversicherung fristgerecht zum nächstmöglichen Zeitpunkt. Bitte senden Sie mir eine schriftliche Bestätigung der Kündigung unter Angabe des Beendigungszeitpunktes zu.</letter_text></item>
<item><category>Versicherung</category><source_url>https://www.aboalarm.de/kuendigung-adresse/berufsunfaehigkeitsversicherung/generali</source_url><sub_category>Berufsunfähigkeitsversicherung</sub_category><company>Generali Berufsunfähigkeitsversicherung</company><full_address>Generali Lebensversicherung AG Adenauerring 7 81737 München</full_address><address>Generali Lebensversicherung AG</address><city>München</city><zip>81737</zip><email>service@generali.de</email><website>http://www.generali.de</website><fax>08951211000</fax><hotline>08951213737</hotline><Weitere_Adressen_name>Generali Bank Konto,Generali Deutschland Lebensversicherung (ehemals AachenMünchener),Generali Erwerbsunfähigkeitsversicherung,Generali Gewerbeversicherung,Generali Glasversicherung,Generali Haftpflichtversicherung,Generali Haus-/Grundbesitzerhaftpflichtversicherung,Generali Hausratversicherung,Generali KFZ-Versicherung,Generali Lebensversicherung,Generali Pflegeversicherung,Generali Privatschutzversicherung,Generali Rechtsschutzversicherung,Generali Reisegepäckversicherung,Generali Reiseunfallversicherung,Generali Rentenversicherung,Generali Riester-Rente,Generali Tierhalterhaftpflichtversicherung,Generali Unfallversicherung,Generali Wohngebäudeversicherung</Weitere_Adressen_name><Weitere_Adressen_link>https://www.aboalarm.de/kuendigung-adresse/bankkonto/generali-bank,https://www.aboalarm.de/kuendigung-adresse/lebensversicherung/aachenmuenchener-lebensversicherung,https://www.aboalarm.de/kuendigung-adresse/rentenversicherung/generali-erwerbsunfaehigkeitsversicherung,https://www.aboalarm.de/kuendigung-adresse/versicherung/generali-gewerbeversicherung,https://www.aboalarm.de/kuendigung-adresse/versicherung/generali-glasversicherung,https://www.aboalarm.de/kuendigung-adresse/haftpflichtversicherung/generali,https://www.aboalarm.de/kuendigung-adresse/haftpflichtversicherung/generali-haus-grundbesitzerhaftpflichtversicherung,https://www.aboalarm.de/kuendigung-adresse/hausratversicherung/generali,https://www.aboalarm.de/kuendigung-adresse/kfz-versicherung/generali,https://www.aboalarm.de/kuendigung-adresse/lebensversicherung/generali,https://www.aboalarm.de/kuendigung-adresse/krankenversicherung/generali-pflegeversicherung,https://www.aboalarm.de/kuendigung-adresse/versicherung/generali-privatschutzversicherung,https://www.aboalarm.de/kuendigung-adresse/rechtsschutzversicherung/generali,https://www.aboalarm.de/kuendigung-adresse/reiseversicherung/generali,https://www.aboalarm.de/kuendigung-adresse/unfallversicherung/generali-reiseunfallversicherung,https://www.aboalarm.de/kuendigung-adresse/rentenversicherung/generali,https://www.aboalarm.de/kuendigung-adresse/rentenversicherung/generali-riester-rente,https://www.aboalarm.de/kuendigung-adresse/haftpflichtversicherung/generali-tierhalterhaftpflichtversicherung,https://www.aboalarm.de/kuendigung-adresse/unfallversicherung/generali,https://www.aboalarm.de/kuendigung-adresse/versicherung/generali-wohngebaeudeversicherung</Weitere_Adressen_link><form_field>Versicherungsnummer</form_field><subject>Sehr geehrte Damen und Herren,</subject><letter_text>hiermit kündige ich meine oben genannte Berufsunfähigkeitsversicherung fristgerecht zum nächstmöglichen Zeitpunkt. Bitte senden Sie mir eine schriftliche Bestätigung der Kündigung unter Angabe des Beendigungszeitpunktes zu.</letter_text></item>
<item><category>Versicherung</category><source_url>https://www.aboalarm.de/kuendigung-adresse/berufsunfaehigkeitsversicherung/fortis-deutschland</source_url><sub_category>Berufsunfähigkeitsversicherung</sub_category><company>Fortis Deutschland Lebensversicherung</company><full_address>Fortis Deutschland Lebensversicherung AG Herzberger Landstr. 25 37085  Göttingen</full_address><address>Fortis Deutschland Lebensversicherung AG</address><city>Göttingen</city><zip>37085 </zip><email>-</email><website>http://www.fortisversicherungen.de</website><fax> 0551/9976735</fax><hotline>0 0551-99760</hotline><Weitere_Adressen_name></Weitere_Adressen_name><Weitere_Adressen_link></Weitere_Adressen_link><form_field>Versicherungsnummer</form_field><subject>Sehr geehrte Damen und Herren,</subject><letter_text>hiermit kündige ich meine oben genannte Berufsunfähigkeitsversicherung fristgerecht zum nächstmöglichen Zeitpunkt. Bitte senden Sie mir eine schriftliche Bestätigung der Kündigung unter Angabe des Beendigungszeitpunktes zu.</letter_text></item>
<item><category>Versicherung</category><source_url>https://www.aboalarm.de/kuendigung-adresse/berufsunfaehigkeitsversicherung/devk</source_url><sub_category>Berufsunfähigkeitsversicherung</sub_category><company>DEVK Berufsunfähigkeitsversicherung</company><full_address>DEVK Allg. Lebensversicherungs-AG Riehler Str. 190 50735  Köln</full_address><address>DEVK Allg. Lebensversicherungs-AG</address><city>Köln</city><zip>50735 </zip><email>info@devk.de</email><website>http://www.devk.de</website><fax> 0221/7572200</fax><hotline>01802-757757</hotline><Weitere_Adressen_name>DEVK Auslandskrankenversicherung,DEVK Erwerbsunfähigkeitsversicherung,DEVK Glasversicherung,DEVK Haftpflichtversicherung,DEVK Haus-/Grundbesitzerhaftpflichtversicherung,DEVK Hausratversicherung,DEVK KFZ-Versicherung,DEVK Krankenversicherung,DEVK Pensionsfonds,DEVK Pflegeversicherung,DEVK Rechtsschutzversicherung,DEVK Reisegepäckversicherung,DEVK Reiseversicherung,DEVK Rentenversicherung,DEVK Risiko-Lebensversicherung,DEVK Schwere Krankheiten (Dread Disease) Versicherung,DEVK Sterbegeldversicherung,DEVK Tierhalterhaftpflichtversicherung,DEVK Unfallversicherung,DEVK Wohngebäudeversicherung,DEVK Zahnzusatzversicherung</Weitere_Adressen_name><Weitere_Adressen_link>https://www.aboalarm.de/kuendigung-adresse/krankenversicherung/devk-auslandskrankenversicherung,https://www.aboalarm.de/kuendigung-adresse/rentenversicherung/devk-erwerbsunfaehigkeitsversicherung,https://www.aboalarm.de/kuendigung-adresse/versicherung/devk-glasversicherung,https://www.aboalarm.de/kuendigung-adresse/haftpflichtversicherung/devk,https://www.aboalarm.de/kuendigung-adresse/haftpflichtversicherung/devk-haus-grundbesitzerhaftpflichtversicherung,https://www.aboalarm.de/kuendigung-adresse/hausratversicherung/devk,https://www.aboalarm.de/kuendigung-adresse/kfz-versicherung/devk,https://www.aboalarm.de/kuendigung-adresse/krankenversicherung/devk,https://www.aboalarm.de/kuendigung-adresse/rentenversicherung/devk-pensionsfonds,https://www.aboalarm.de/kuendigung-adresse/rentenversicherung/devk-pflegeversicherung,https://www.aboalarm.de/kuendigung-adresse/rechtsschutzversicherung/devk,https://www.aboalarm.de/kuendigung-adresse/reiseversicherung/devk-reisegepaeckversicherung,https://www.aboalarm.de/kuendigung-adresse/reiseversicherung/devk,https://www.aboalarm.de/kuendigung-adresse/rentenversicherung/devk,https://www.aboalarm.de/kuendigung-adresse/lebensversicherung/devk-risiko-lebensversicherung,https://www.aboalarm.de/kuendigung-adresse/krankenversicherung/devk-schwere-krankheiten-dread-disease-versicherung,https://www.aboalarm.de/kuendigung-adresse/versicherung/devk-sterbegeldversicherung,https://www.aboalarm.de/kuendigung-adresse/haftpflichtversicherung/devk-tierhalterhaftpflichtversicherung,https://www.aboalarm.de/kuendigung-adresse/unfallversicherung/devk,https://www.aboalarm.de/kuendigung-adresse/versicherung/devk-wohngebaeudeversicherung,https://www.aboalarm.de/kuendigung-adresse/zahnzusatzversicherung/devk</Weitere_Adressen_link><form_field>Versicherungsnummer</form_field><subject>Sehr geehrte Damen und Herren,</subject><letter_text>hiermit kündige ich meine oben genannte Berufsunfähigkeitsversicherung fristgerecht zum nächstmöglichen Zeitpunkt. Bitte senden Sie mir eine schriftliche Bestätigung der Kündigung unter Angabe des Beendigungszeitpunktes zu.</letter_text></item>
<item><category>Versicherung</category><source_url>https://www.aboalarm.de/kuendigung-adresse/berufsunfaehigkeitsversicherung/dbv-winterthur</source_url><sub_category>Berufsunfähigkeitsversicherung</sub_category><company>DBV-Winterthur Berufsunfähigkeitsversicherung</company><full_address>DBV-Winterthur Lebensversicherung AG Frankfurter Str. 50 65178  Wiesbaden</full_address><address>DBV-Winterthur Lebensversicherung AG</address><city>Wiesbaden</city><zip>65178 </zip><email>None</email><website>http://www.dbv-winterthur.de</website><fax>022114841910</fax><hotline>0611-3630</hotline><Weitere_Adressen_name>DBV-Winterthur Krankenversicherung,DBV-Winterthur Rentenversicherung</Weitere_Adressen_name><Weitere_Adressen_link>https://www.aboalarm.de/kuendigung-adresse/krankenversicherung/dbv-winterthur,https://www.aboalarm.de/kuendigung-adresse/rentenversicherung/dbv-winterthur</Weitere_Adressen_link><form_field>Versicherungsnummer</form_field><subject>Sehr geehrte Damen und Herren,</subject><letter_text>hiermit kündige ich meine oben genannte Berufsunfähigkeitsversicherung fristgerecht zum nächstmöglichen Zeitpunkt. Bitte senden Sie mir eine schriftliche Bestätigung der Kündigung unter Angabe des Beendigungszeitpunktes zu.</letter_text></item>
<item><category>Versicherung</category><source_url>https://www.aboalarm.de/kuendigung-adresse/berufsunfaehigkeitsversicherung/cosmosdirekt</source_url><sub_category>Berufsunfähigkeitsversicherung</sub_category><company>CosmosDirekt Berufsunfähigkeitsversicherung</company><full_address>CosmosDirekt Lebensversicherungs-AG Halbergstr. 50 - 60 66121  Saarbrücken</full_address><address>CosmosDirekt Lebensversicherungs-AG</address><city>Saarbrücken</city><zip>66121 </zip><email>-</email><website>http://www.cosmosdirekt.de</website><fax> 0681/9666633</fax><hotline>0 0681-9666666</hotline><Weitere_Adressen_name>CosmosDirekt Finanzschutz,CosmosDirekt Glasversicherung,CosmosDirekt Haftpflichtversicherung,CosmosDirekt Haus-/Grundbesitzerhaftpflichtversicherung,CosmosDirekt Hausratversicherung,CosmosDirekt KFZ-Versicherung,CosmosDirekt Lebensversicherung,CosmosDirekt Rechtsschutzversicherung,CosmosDirekt Reiseversicherung,CosmosDirekt Rentenversicherung,CosmosDirekt Sterbegeldversicherung,CosmosDirekt Tierhalterhaftpflichtversicherung,CosmosDirekt Unfallversicherung,CosmosDirekt Wohngebäudeversicherung</Weitere_Adressen_name><Weitere_Adressen_link>https://www.aboalarm.de/kuendigung-adresse/versicherung/cosmosdirekt-finanzschutz,https://www.aboalarm.de/kuendigung-adresse/versicherung/cosmosdirekt-glasversicherung,https://www.aboalarm.de/kuendigung-adresse/haftpflichtversicherung/cosmosdirekt,https://www.aboalarm.de/kuendigung-adresse/haftpflichtversicherung/cosmosdirekt-haus-grundbesitzerhaftpflichtversicherung,https://www.aboalarm.de/kuendigung-adresse/hausratversicherung/cosmosdirekt,https://www.aboalarm.de/kuendigung-adresse/kfz-versicherung/cosmosdirekt,https://www.aboalarm.de/kuendigung-adresse/lebensversicherung/cosmosdirect,https://www.aboalarm.de/kuendigung-adresse/rechtsschutzversicherung/cosmosdirekt,https://www.aboalarm.de/kuendigung-adresse/reiseversicherung/cosmosdirekt,https://www.aboalarm.de/kuendigung-adresse/rentenversicherung/cosmosdirekt,https://www.aboalarm.de/kuendigung-adresse/versicherung/cosmosdirekt-sterbegeldversicherung,https://www.aboalarm.de/kuendigung-adresse/haftpflichtversicherung/cosmosdirekt-tierhalterhaftpflichtversicherung,https://www.aboalarm.de/kuendigung-adresse/unfallversicherung/cosmosdirekt,https://www.aboalarm.de/kuendigung-adresse/versicherung/cosmosdirekt-wohngebaeudeversicherung</Weitere_Adressen_link><form_field>Versicherungsnummer</form_field><subject>Sehr geehrte Damen und Herren,</subject><letter_text>hiermit kündige ich meine oben genannte Berufsunfähigkeitsversicherung fristgerecht zum nächstmöglichen Zeitpunkt. Bitte senden Sie mir eine schriftliche Bestätigung der Kündigung unter Angabe des Beendigungszeitpunktes zu.</letter_text></item>
<item><category>Versicherung</category><source_url>https://www.aboalarm.de/kuendigung-adresse/berufsunfaehigkeitsversicherung/axa</source_url><sub_category>Berufsunfähigkeitsversicherung</sub_category><company>AXA Berufsunfähigkeitsversicherung</company><full_address>AXA Konzern Aktiengesellschaft Colonia-Allee 10 - 20 51067  Köln</full_address><address>AXA Konzern Aktiengesellschaft</address><city>Köln</city><zip>51067 </zip><email>service@axa.de</email><website>http://www.axa.de</website><fax>022114822750</fax><hotline>0221 148-41003</hotline><Weitere_Adressen_name>AXA Auslandskrankenversicherung,Axa Bausparkasse,AXA Betriebshaftpflichtversicherung,AXA BOXplus,AXA Elektronikversicherung,Axa Erwerbsunfähigkeitsversicherung,Axa Existenzschutzversicherung,AXA Glasversicherung,AXA Haftpflichtversicherung,AXA Haus-/Grundbesitzerhaftpflichtversicherung,AXA Hausratversicherung,AXA KFZ-Versicherung,AXA Krankenversicherung,AXA Krankenzusatzversicherung,AXA Lebensversicherung,AXA Life Europe,AXA Pflegeversicherung,AXA Rechtsschutzversicherung,Axa Reisegepäckversicherung,Axa Reiseunfallversicherung,AXA RELAX Reiseversicherung,AXA Rentenversicherung,AXA Riester-Rente,AXA Risiko-Lebensversicherung,AXA Schwere Krankheiten (Dread Disease),AXA Smartschutz,AXA Sterbegeldversicherung,AXA Tierhalterhaftpflichtversicherung,AXA Unfallversicherung,AXA Wohngebäudeversicherung,AXA Zahnzusatzversicherung</Weitere_Adressen_name><Weitere_Adressen_link>https://www.aboalarm.de/kuendigung-adresse/krankenversicherung/axa-auslandskrankenversicherung,https://www.aboalarm.de/kuendigung-adresse/bausparvertrag/axa,https://www.aboalarm.de/kuendigung-adresse/haftpflichtversicherung/axa-betriebshaftpflichtversicherung,https://www.aboalarm.de/kuendigung-adresse/versicherung/axa-boxplus,https://www.aboalarm.de/kuendigung-adresse/versicherung/axa-elektronikversicherung,https://www.aboalarm.de/kuendigung-adresse/rentenversicherung/axa-erwerbsunfaehigkeitsversicherung,https://www.aboalarm.de/kuendigung-adresse/versicherung/axa-existenzschutzversicherung,https://www.aboalarm.de/kuendigung-adresse/versicherung/axa-glasversicherung,https://www.aboalarm.de/kuendigung-adresse/haftpflichtversicherung/axa,https://www.aboalarm.de/kuendigung-adresse/haftpflichtversicherung/axa-haus-grundbesitzerhaftpflichtversicherung,https://www.aboalarm.de/kuendigung-adresse/hausratversicherung/axa,https://www.aboalarm.de/kuendigung-adresse/kfz-versicherung/axa,https://www.aboalarm.de/kuendigung-adresse/krankenversicherung/axa,https://www.aboalarm.de/kuendigung-adresse/krankenversicherung/axa-sonstige-krankenzusatzversicherung,https://www.aboalarm.de/kuendigung-adresse/lebensversicherung/axa,https://www.aboalarm.de/kuendigung-adresse/lebensversicherung/axa-life-europe,https://www.aboalarm.de/kuendigung-adresse/krankenversicherung/axa-pflegeversicherung,https://www.aboalarm.de/kuendigung-adresse/rechtsschutzversicherung/axa,https://www.aboalarm.de/kuendigung-adresse/reiseversicherung/axa,https://www.aboalarm.de/kuendigung-adresse/unfallversicherung/axa-reiseunfallversicherung,https://www.aboalarm.de/kuendigung-adresse/reiseversicherung/axa-relax-reiseversicherung,https://www.aboalarm.de/kuendigung-adresse/rentenversicherung/axa,https://www.aboalarm.de/kuendigung-adresse/rentenversicherung/axa-riester-rente,https://www.aboalarm.de/kuendigung-adresse/lebensversicherung/axa-risiko-lebensversicherung,https://www.aboalarm.de/kuendigung-adresse/krankenversicherung/axa-schwere-krankheiten-dread-disease,https://www.aboalarm.de/kuendigung-adresse/versicherung/axa-smartschutz,https://www.aboalarm.de/kuendigung-adresse/versicherung/axa-sterbegeldversicherung,https://www.aboalarm.de/kuendigung-adresse/haftpflichtversicherung/axa-tierhalterhaftpflichtversicherung,https://www.aboalarm.de/kuendigung-adresse/unfallversicherung/axa,https://www.aboalarm.de/kuendigung-adresse/versicherung/axa-wohngebaeude,https://www.aboalarm.de/kuendigung-adresse/zahnzusatzversicherung/axa</Weitere_Adressen_link><form_field>Versicherungsnummer</form_field><subject>Sehr geehrte Damen und Herren,</subject><letter_text>hiermit kündige ich meine oben genannte Berufsunfähigkeitsversicherung fristgerecht zum nächstmöglichen Zeitpunkt. Bitte senden Sie mir eine schriftliche Bestätigung der Kündigung unter Angabe des Beendigungszeitpunktes zu.</letter_text></item>
<item><category>Versicherung</category><source_url>https://www.aboalarm.de/kuendigung-adresse/berufsunfaehigkeitsversicherung/aachenmuenchener</source_url><sub_category>Berufsunfähigkeitsversicherung</sub_category><company>AachenMünchener Berufsunfähigkeitsversicherung</company><full_address>AachenMünchener Lebensversicherung AG Aureliusstraße 2 52064 Aachen</full_address><address>AachenMünchener Lebensversicherung AG</address><city>Aachen</city><zip>52064</zip><email>service@amv.de</email><website>http://www.amv.de</website><fax>02414565138</fax><hotline>02414565656</hotline><Weitere_Adressen_name>AachenMünchener,AachenMünchener Elektronikversicherung,AachenMünchener Glasversicherung,AachenMünchener Haftpflichtversicherung,AachenMünchener Haus-/Grundbesitzerhaftpflichtversicherung,AachenMünchener Hausratversicherung,AachenMünchener KFZ-Versicherung,AachenMünchener Pflegeversicherung,AachenMünchener Rechtsschutzversicherung,AachenMünchener Reiseversicherung,AachenMünchener Rentenversicherung,AachenMünchener Risiko-Lebensversicherung,AachenMünchener Sterbegeldversicherung,AachenMünchener Tierhalterhaftpflichtversicherung,AachenMünchener Unfallversicherung,AachenMünchener Wohngebäudeversicherung</Weitere_Adressen_name><Weitere_Adressen_link>https://www.aboalarm.de/kuendigung-adresse/versicherung/aachenmuenchener,https://www.aboalarm.de/kuendigung-adresse/versicherung/aachenmuenchener-elektronik,https://www.aboalarm.de/kuendigung-adresse/versicherung/aachenmuenchener-glasversicherung,https://www.aboalarm.de/kuendigung-adresse/haftpflichtversicherung/aachenmuenchener,https://www.aboalarm.de/kuendigung-adresse/haftpflichtversicherung/aachenmuenchener-haus-grundbesitzerhaftpflicht,https://www.aboalarm.de/kuendigung-adresse/hausratversicherung/aachenmuenchener,https://www.aboalarm.de/kuendigung-adresse/kfz-versicherung/aachenmuenchener-versicherung,https://www.aboalarm.de/kuendigung-adresse/versicherung/aachenmuenchener-pflegeversicherung,https://www.aboalarm.de/kuendigung-adresse/rechtsschutzversicherung/aachenmuenchener-rechtsschutz,https://www.aboalarm.de/kuendigung-adresse/reiseversicherung/aachenmuenchener,https://www.aboalarm.de/kuendigung-adresse/rentenversicherung/aachenmuenchener,https://www.aboalarm.de/kuendigung-adresse/versicherung/aachenmuenchener-risiko-lebensversicherung,https://www.aboalarm.de/kuendigung-adresse/versicherung/aachenmuenchener-sterbegeldversicherung,https://www.aboalarm.de/kuendigung-adresse/haftpflichtversicherung/aachenmuenchener-tierhalterhaftpflicht,https://www.aboalarm.de/kuendigung-adresse/unfallversicherung/aachenmuenchener,https://www.aboalarm.de/kuendigung-adresse/versicherung/aachenmuenchener-wohngebaeude</Weitere_Adressen_link><form_field>Versicherungsnummer</form_field><subject>Sehr geehrte Damen und Herren,</subject><letter_text>hiermit kündige ich meine oben genannte Berufsunfähigkeitsversicherung fristgerecht zum nächstmöglichen Zeitpunkt. Bitte senden Sie mir eine schriftliche Bestätigung der Kündigung unter Angabe des Beendigungszeitpunktes zu.</letter_text></item>
</items>