<?xml version="1.0" encoding="utf-8"?>
<items>
<item><category>Online-Dienst</category><source_url>https://www.aboalarm.de/kuendigung-adresse/buch-download/eload24</source_url><sub_category>Buch-Download</sub_category><company>eload24</company><full_address>eload24 ag Stefan Eenhuis Chromenhof 4 8863 Buttikon Schweiz</full_address><address>eload24 ag</address><city>4</city><zip>Chromenhof</zip><email>support@eload24.shop</email><website>https://www.eload24.shop/</website><fax>None</fax><hotline>+41 (0) 79 957 6089</hotline><Weitere_Adressen_name></Weitere_Adressen_name><Weitere_Adressen_link></Weitere_Adressen_link><form_field>Kundennummer</form_field><subject>Sehr geehrte Damen und Herren,</subject><letter_text>hiermit kündige ich meine oben genannte Flatrate fristgerecht zum nächstmöglichen Zeitpunkt. Bitte senden Sie mir eine schriftliche Bestätigung  der Kündigung unter Angabe des Beendigungszeitpunktes zu.</letter_text></item>
<item><category>Online-Dienst</category><source_url>https://www.aboalarm.de/kuendigung-adresse/buch-download/audible</source_url><sub_category>Buch-Download</sub_category><company>Audible</company><full_address>Audible GmbH Schumannstr. 6 10117 Berlin</full_address><address>Audible GmbH</address><city>Berlin</city><zip>10117</zip><email>service@audible.de</email><website>http://www.audible.de</website><fax>030310191488</fax><hotline>08005890073</hotline><Weitere_Adressen_name></Weitere_Adressen_name><Weitere_Adressen_link></Weitere_Adressen_link><form_field>Audible E-Mail Adresse</form_field><subject>Sehr geehrte Damen und Herren,</subject><letter_text>hiermit kündige ich mein oben genanntes Abonnement fristgerecht zum nächstmöglichen Zeitpunkt. Bitte senden Sie mir eine  schriftliche Bestätigung der Kündigung unter Angabe des Beendigungszeitpunktes zu.</letter_text></item>
</items>