<?xml version="1.0" encoding="utf-8"?>
<items>
<item><category>Online-Dienst</category><source_url>https://www.aboalarm.de/kuendigung-adresse/domain/united-domains</source_url><sub_category>domain</sub_category><company>United Domains</company><full_address>United-Domains AG Gautinger Str.10 82319 Starnberg</full_address><address>United-Domains AG</address><city>Starnberg</city><zip>82319</zip><email>support@united-domains.de</email><website>http://www.united-domains.de</website><fax>081513686777</fax><hotline>+49 (0) 8151 / 36867-0</hotline><Weitere_Adressen_name></Weitere_Adressen_name><Weitere_Adressen_link></Weitere_Adressen_link><form_field>Kundennummer</form_field><subject>Sehr geehrte Damen und Herren,</subject><letter_text>hiermit kündige ich meine oben genannten Webhosting-Vertrag fristgerecht zum nächstmöglichen Zeitpunkt. Bitte senden Sie mir eine schriftliche Bestätigung der Kündigung unter Angabe des Beendigungszeitpunktes zu.</letter_text></item>
<item><category>Online-Dienst</category><source_url>https://www.aboalarm.de/kuendigung-adresse/domain/strato</source_url><sub_category>domain</sub_category><company>STRATO</company><full_address>STRATO AG Pascalstraße 10 10587 Berlin</full_address><address>STRATO AG</address><city>Berlin</city><zip>10587</zip><email>impressum@strato.de</email><website>http://www.strato.de</website><fax>03088615111</fax><hotline>0303001460</hotline><Weitere_Adressen_name></Weitere_Adressen_name><Weitere_Adressen_link></Weitere_Adressen_link><form_field>Kundennummer</form_field><subject>Sehr geehrte Damen und Herren,</subject><letter_text>hiermit kündige ich meine oben genannten Webhosting-Vertrag fristgerecht zum nächstmöglichen Zeitpunkt. Bitte senden Sie mir eine schriftliche Bestätigung der Kündigung unter Angabe des Beendigungszeitpunktes zu.</letter_text></item>
<item><category>Online-Dienst</category><source_url>https://www.aboalarm.de/kuendigung-adresse/domain/prosite</source_url><sub_category>domain</sub_category><company>prosite</company><full_address>Speedbone Internet &amp; Connectivity GmbH Alboinstr. 36-42 Alboin Kontor 12103 Berlin</full_address><address>Speedbone Internet &amp; Connectivity GmbH</address><city>Berlin</city><zip>12103</zip><email>info@prosite.de</email><website>http://www.prosite.de</website><fax>030-25937353</fax><hotline>0700-773332663</hotline><Weitere_Adressen_name></Weitere_Adressen_name><Weitere_Adressen_link></Weitere_Adressen_link><form_field>Kundennummer</form_field><subject>Sehr geehrte Damen und Herren,</subject><letter_text>hiermit kündige ich meine oben genannten Webhosting-Vertrag fristgerecht zum nächstmöglichen Zeitpunkt. Bitte senden Sie mir eine schriftliche Bestätigung der Kündigung unter Angabe des Beendigungszeitpunktes zu.</letter_text></item>
<item><category>Online-Dienst</category><source_url>https://www.aboalarm.de/kuendigung-adresse/domain/hetzner-online</source_url><sub_category>domain</sub_category><company>Hetzner Online</company><full_address>Hetzner Online GmbH Industriestr. 25 91710 Gunzenhausen</full_address><address>Hetzner Online GmbH</address><city>Gunzenhausen</city><zip>91710</zip><email>info@hetzner.de</email><website>http://www.hetzner.de</website><fax>09831 5053</fax><hotline>09831 5050</hotline><Weitere_Adressen_name></Weitere_Adressen_name><Weitere_Adressen_link></Weitere_Adressen_link><form_field>Kundennummer</form_field><subject>Sehr geehrte Damen und Herren,</subject><letter_text>hiermit kündige ich meine oben genannten Webhosting-Vertrag fristgerecht zum nächstmöglichen Zeitpunkt. Bitte senden Sie mir eine schriftliche Bestätigung der Kündigung unter Angabe des Beendigungszeitpunktes zu.</letter_text></item>
<item><category>Online-Dienst</category><source_url>https://www.aboalarm.de/kuendigung-adresse/domain/goneo</source_url><sub_category>domain</sub_category><company>Goneo</company><full_address>goneo Internet GmbH Marienwall 27 32423 Minden</full_address><address>goneo Internet GmbH</address><city>Minden</city><zip>32423</zip><email>info@goneo.de</email><website>http://www.goneo.de</website><fax>05717834499</fax><hotline>01805-911522</hotline><Weitere_Adressen_name></Weitere_Adressen_name><Weitere_Adressen_link></Weitere_Adressen_link><form_field>Kundennummer</form_field><subject>Sehr geehrte Damen und Herren,</subject><letter_text>hiermit kündige ich meine oben genannten Webhosting-Vertrag fristgerecht zum nächstmöglichen Zeitpunkt. Bitte senden Sie mir eine schriftliche Bestätigung der Kündigung unter Angabe des Beendigungszeitpunktes zu.</letter_text></item>
<item><category>Online-Dienst</category><source_url>https://www.aboalarm.de/kuendigung-adresse/domain/flatbooster</source_url><sub_category>domain</sub_category><company>Flatbooster</company><full_address>FLATBOOSTER GmbH Linienstr. 50 14776 Brandenburg</full_address><address>FLATBOOSTER GmbH</address><city>Brandenburg</city><zip>14776</zip><email>support@flatbooster.de</email><website>https://flatbooster.com/de/</website><fax>+49 3381 2690329</fax><hotline>+49 3381 563301</hotline><Weitere_Adressen_name></Weitere_Adressen_name><Weitere_Adressen_link></Weitere_Adressen_link><form_field>Kundennummer</form_field><subject>Sehr geehrte Damen und Herren,</subject><letter_text>hiermit kündige ich meine oben genannten Webhosting-Vertrag fristgerecht zum nächstmöglichen Zeitpunkt. Bitte senden Sie mir eine schriftliche Bestätigung der Kündigung unter Angabe des Beendigungszeitpunktes zu.</letter_text></item>
<item><category>Online-Dienst</category><source_url>https://www.aboalarm.de/kuendigung-adresse/domain/estugo-net</source_url><sub_category>domain</sub_category><company>Estugo.net</company><full_address>ESTUGO.net Webhosting Schuhhagen 30 17489 Greifswald</full_address><address>ESTUGO.net Webhosting</address><city>Greifswald</city><zip>17489</zip><email>support@estugo.de</email><website>http://www.estugo.de</website><fax>03834 7761 -99</fax><hotline>038345139-52-53</hotline><Weitere_Adressen_name></Weitere_Adressen_name><Weitere_Adressen_link></Weitere_Adressen_link><form_field>Kundennummer</form_field><subject>Sehr geehrte Damen und Herren,</subject><letter_text>hiermit kündige ich meine oben genannten Webhosting-Vertrag fristgerecht zum nächstmöglichen Zeitpunkt. Bitte senden Sie mir eine schriftliche Bestätigung der Kündigung unter Angabe des Beendigungszeitpunktes zu.</letter_text></item>
<item><category>Online-Dienst</category><source_url>https://www.aboalarm.de/kuendigung-adresse/domain/dogado</source_url><sub_category>domain</sub_category><company>dogado</company><full_address>dogado Internet GmbH Saarlandstr. 25 44139 Dortmund</full_address><address>dogado Internet GmbH</address><city>Dortmund</city><zip>44139</zip><email>info@dogado.de</email><website>http://www.dogado.de</website><fax>0-231-286620-20</fax><hotline>+49-231-286620-0</hotline><Weitere_Adressen_name></Weitere_Adressen_name><Weitere_Adressen_link></Weitere_Adressen_link><form_field>Kundennummer</form_field><subject>Sehr geehrte Damen und Herren,</subject><letter_text>hiermit kündige ich meine oben genannten Webhosting-Vertrag fristgerecht zum nächstmöglichen Zeitpunkt. Bitte senden Sie mir eine schriftliche Bestätigung der Kündigung unter Angabe des Beendigungszeitpunktes zu.</letter_text></item>
<item><category>Online-Dienst</category><source_url>https://www.aboalarm.de/kuendigung-adresse/domain/denic</source_url><sub_category>domain</sub_category><company>DENIC EG</company><full_address>DENIC eG Kaiserstraße 75-77 60329 Frankfurt</full_address><address>DENIC eG</address><city>Frankfurt</city><zip>60329</zip><email>info@denic.de</email><website>None</website><fax>069 27 235 238</fax><hotline>069272350</hotline><Weitere_Adressen_name></Weitere_Adressen_name><Weitere_Adressen_link></Weitere_Adressen_link><form_field>Kundennummer</form_field><subject>Sehr geehrte Damen und Herren,</subject><letter_text>hiermit kündige ich meine oben genannten Webhosting-Vertrag fristgerecht zum nächstmöglichen Zeitpunkt. Bitte senden Sie mir eine schriftliche Bestätigung der Kündigung unter Angabe des Beendigungszeitpunktes zu.</letter_text></item>
<item><category>Online-Dienst</category><source_url>https://www.aboalarm.de/kuendigung-adresse/domain/blucom</source_url><sub_category>domain</sub_category><company>Blucom</company><full_address>Blucom GmbH Humboldtstr. 32 41061 Mönchengladbach</full_address><address>Blucom GmbH</address><city>Mönchengladbach</city><zip>41061</zip><email>-</email><website>None</website><fax>021616398995</fax><hotline>-</hotline><Weitere_Adressen_name></Weitere_Adressen_name><Weitere_Adressen_link></Weitere_Adressen_link><form_field>Kundennummer</form_field><subject>Sehr geehrte Damen und Herren,</subject><letter_text>hiermit kündige ich meine oben genannten Webhosting-Vertrag fristgerecht zum nächstmöglichen Zeitpunkt. Bitte senden Sie mir eine schriftliche Bestätigung der Kündigung unter Angabe des Beendigungszeitpunktes zu.</letter_text></item>
<item><category>Online-Dienst</category><source_url>https://www.aboalarm.de/kuendigung-adresse/domain/1blu</source_url><sub_category>domain</sub_category><company>1blu</company><full_address>1blu AG Stromstraße 1-5 10555 Berlin</full_address><address>1blu AG</address><city>Berlin</city><zip>10555</zip><email>info@1blu.de</email><website>http://www.1blu.de</website><fax>03020181001</fax><hotline>03020181000</hotline><Weitere_Adressen_name></Weitere_Adressen_name><Weitere_Adressen_link></Weitere_Adressen_link><form_field>Kundennummer</form_field><subject>Sehr geehrte Damen und Herren,</subject><letter_text>hiermit kündige ich meine oben genannten Webhosting-Vertrag fristgerecht zum nächstmöglichen Zeitpunkt. Bitte senden Sie mir eine schriftliche Bestätigung der Kündigung unter Angabe des Beendigungszeitpunktes zu.</letter_text></item>
<item><category>Online-Dienst</category><source_url>https://www.aboalarm.de/kuendigung-adresse/domain/1-und-1</source_url><sub_category>domain</sub_category><company>1&amp;1 Domain &amp; Hosting</company><full_address>1&amp;1 Internet SE Elgendorfer Str. 57 56410 Montabaur</full_address><address>1&amp;1 Internet SE</address><city>Montabaur</city><zip>56410</zip><email>info@1und1.de</email><website>http://www.1und1.de</website><fax>07219608003</fax><hotline>07219600</hotline><Weitere_Adressen_name>1&amp;1 De-Mail,1&amp;1 DSL/Festnetz/Mobilfunk,1&amp;1 Energie,1&amp;1 Internet &amp; Telefon,1&amp;1 IONOS,1&amp;1 Mail &amp; Media,1&amp;1 Mobilfunk,1&amp;1 Notebook-Flat,1&amp;1 Tablet-Flat</Weitere_Adressen_name><Weitere_Adressen_link>https://www.aboalarm.de/kuendigung-adresse/mail-service/1-und-1-de-mail,https://www.aboalarm.de/kuendigung-adresse/internet-und-telefon/1-und-1-dslfestnetzmobilfunk,https://www.aboalarm.de/kuendigung-adresse/energie/1-und-1-energie,https://www.aboalarm.de/kuendigung-adresse/internet-und-telefon/1-und-1,https://www.aboalarm.de/kuendigung-adresse/domain/1-und-1-ionos,https://www.aboalarm.de/kuendigung-adresse/mail-service/1-und-1-mail-und-media,https://www.aboalarm.de/kuendigung-adresse/handyvertrag/1-und-1,https://www.aboalarm.de/kuendigung-adresse/internet-und-telefon/1-und-1-datentarife,https://www.aboalarm.de/kuendigung-adresse/abonnement/1-und-1-tablet-flat</Weitere_Adressen_link><form_field>1&amp;1 Kundennummer,1&amp;1 Vertragsnummer</form_field><subject>Sehr geehrte Damen und Herren,</subject><letter_text>hiermit kündige ich meine oben genannten Webhosting-Vertrag fristgerecht zum nächstmöglichen Zeitpunkt. Bitte senden Sie mir eine schriftliche Bestätigung der Kündigung unter Angabe des Beendigungszeitpunktes zu.</letter_text></item>
</items>