<?xml version="1.0" encoding="utf-8"?>
<items>
<item><category>Energie</category><source_url>https://www.aboalarm.de/kuendigung-adresse/energie/yello-strom</source_url><sub_category>None</sub_category><company>Yello Strom</company><full_address>Yello Strom GmbH Siegburger Straße 229 50679 Köln</full_address><address>Yello Strom GmbH</address><city>Köln</city><zip>50679</zip><email>immerda@yellostrom.de</email><website>http://www.yellostrom.de</website><fax>022199690101</fax><hotline>022199690100</hotline><Weitere_Adressen_name></Weitere_Adressen_name><Weitere_Adressen_link></Weitere_Adressen_link><form_field>Kundennummer,Zählernummer</form_field><subject>Sehr geehrte Damen und Herren,</subject><letter_text>hiermit kündige ich meinen oben genannten Vertrag fristgerecht zum nächstmöglichen Zeitpunkt. Bitte senden Sie mir eine schriftliche Bestätigung der Kündigung unter Angabe des Beendigungszeitpunktes zu.</letter_text></item>
<item><category>Energie</category><source_url>https://www.aboalarm.de/kuendigung-adresse/energie/vattenfall-europe-strom</source_url><sub_category>None</sub_category><company>Vattenfall Europe Strom</company><full_address>Vattenfall Europe Sales GmbH Überseering 12 22297 Hamburg</full_address><address>Vattenfall Europe Sales GmbH</address><city>Hamburg</city><zip>22297</zip><email>https://www.vattenfall.de/service/kontakt?form=kontakt</email><website>http://www.vattenfall.de</website><fax>040 657 988 008</fax><hotline>0800 992 500 0</hotline><Weitere_Adressen_name></Weitere_Adressen_name><Weitere_Adressen_link></Weitere_Adressen_link><form_field>Kundennummer,Zählernummer</form_field><subject>Sehr geehrte Damen und Herren,</subject><letter_text>hiermit kündige ich meinen oben genannten Vertrag fristgerecht zum nächstmöglichen Zeitpunkt. Bitte senden Sie mir eine schriftliche Bestätigung der Kündigung unter Angabe des Beendigungszeitpunktes zu.</letter_text></item>
<item><category>Energie</category><source_url>https://www.aboalarm.de/kuendigung-adresse/energie/teag</source_url><sub_category>None</sub_category><company>TEAG Thüringer Energie</company><full_address>Thüringer Energie Schwerborner Straße 30 99087 Erfurt</full_address><address>Thüringer Energie</address><city>Erfurt</city><zip>99087</zip><email>kundenservice@thueringerenergie.de</email><website>http://www.thueringerenergie.de</website><fax>036418171118</fax><hotline>03641 8171111</hotline><Weitere_Adressen_name></Weitere_Adressen_name><Weitere_Adressen_link></Weitere_Adressen_link><form_field>Kundennummer,Zählernummer</form_field><subject>Sehr geehrte Damen und Herren,</subject><letter_text>hiermit kündige ich meinen oben genannten Vertrag fristgerecht zum nächstmöglichen Zeitpunkt. Bitte senden Sie mir eine schriftliche Bestätigung der Kündigung unter Angabe des Beendigungszeitpunktes zu.</letter_text></item>
<item><category>Energie</category><source_url>https://www.aboalarm.de/kuendigung-adresse/energie/rwe-strom</source_url><sub_category>None</sub_category><company>RWE Strom</company><full_address>RWE Vertrieb AG Freistuhl 7 44137 Dortmund</full_address><address>RWE Vertrieb AG</address><city>Dortmund</city><zip>44137</zip><email>None</email><website>http://www.rwe.de</website><fax>08009944099</fax><hotline>0800/9944009</hotline><Weitere_Adressen_name></Weitere_Adressen_name><Weitere_Adressen_link></Weitere_Adressen_link><form_field>Kundennummer,Zählernummer</form_field><subject>Sehr geehrte Damen und Herren,</subject><letter_text>hiermit kündige ich meinen oben genannten Vertrag fristgerecht zum nächstmöglichen Zeitpunkt. Bitte senden Sie mir eine schriftliche Bestätigung der Kündigung unter Angabe des Beendigungszeitpunktes zu.</letter_text></item>
<item><category>Energie</category><source_url>https://www.aboalarm.de/kuendigung-adresse/energie/suewag-energie</source_url><sub_category>None</sub_category><company>Süwag Energie</company><full_address>Süwag Kundenservice GmbH Schützenbleiche 9-11 65929 Frankfurt am Main</full_address><address>Süwag Kundenservice GmbH</address><city>Frankfurt</city><zip>65929</zip><email>kundeninfo@suewag.de</email><website>http://www.suewag.de</website><fax>069 3107-3710</fax><hotline>08004747488</hotline><Weitere_Adressen_name></Weitere_Adressen_name><Weitere_Adressen_link></Weitere_Adressen_link><form_field>Kundennummer,Zählernummer</form_field><subject>Sehr geehrte Damen und Herren,</subject><letter_text>hiermit kündige ich meinen oben genannten Vertrag fristgerecht zum nächstmöglichen Zeitpunkt. Bitte senden Sie mir eine schriftliche Bestätigung der Kündigung unter Angabe des Beendigungszeitpunktes zu.</letter_text></item>
<item><category>Energie</category><source_url>https://www.aboalarm.de/kuendigung-adresse/energie/priostrom</source_url><sub_category>None</sub_category><company>priostrom</company><full_address>prioenergie ExtraEnergie GmbH Postfach 974 09009 Chemnitz</full_address><address>prioenergie</address><city>974</city><zip>Postfach</zip><email>service@prioenergie.de</email><website>http://www.prioenergie.de</website><fax>None</fax><hotline>08005892363</hotline><Weitere_Adressen_name></Weitere_Adressen_name><Weitere_Adressen_link></Weitere_Adressen_link><form_field>Kundennummer,Zählernummer</form_field><subject>Sehr geehrte Damen und Herren,</subject><letter_text>hiermit kündige ich meinen oben genannten Vertrag fristgerecht zum nächstmöglichen Zeitpunkt. Bitte senden Sie mir eine schriftliche Bestätigung der Kündigung unter Angabe des Beendigungszeitpunktes zu.</letter_text></item>
<item><category>Energie</category><source_url>https://www.aboalarm.de/kuendigung-adresse/energie/pfalzwerke</source_url><sub_category>None</sub_category><company>Pfalzwerke</company><full_address>Pfalzwerke AG Kurfürstenstraße 29 67061 Ludwigshafen</full_address><address>Pfalzwerke AG</address><city>Ludwigshafen</city><zip>67061</zip><email>info@pfalzwerke.de</email><website>http://www.pfalzwerke.de</website><fax>0621570573388</fax><hotline>0800279-2000</hotline><Weitere_Adressen_name>Pfalzwerke Strom</Weitere_Adressen_name><Weitere_Adressen_link>https://www.aboalarm.de/kuendigung-adresse/abonnement/pfalzwerke-strom</Weitere_Adressen_link><form_field>Kundennummer,Zählernummer</form_field><subject>Sehr geehrte Damen und Herren,</subject><letter_text>hiermit kündige ich meinen oben genannten Vertrag fristgerecht zum nächstmöglichen Zeitpunkt. Bitte senden Sie mir eine schriftliche Bestätigung der Kündigung unter Angabe des Beendigungszeitpunktes zu.</letter_text></item>
<item><category>Energie</category><source_url>https://www.aboalarm.de/kuendigung-adresse/energie/mainova</source_url><sub_category>None</sub_category><company>Mainova</company><full_address>Mainova AG Solmsstraße 38 60486 Frankfurt am Main</full_address><address>Mainova AG</address><city>Frankfurt</city><zip>60486</zip><email>service@mainova.de</email><website>https://mainova.de</website><fax>08001155588</fax><hotline>0800 11 444 88</hotline><Weitere_Adressen_name></Weitere_Adressen_name><Weitere_Adressen_link></Weitere_Adressen_link><form_field>Kundennummer,Zählernummer</form_field><subject>Sehr geehrte Damen und Herren,</subject><letter_text>hiermit kündige ich meinen oben genannten Vertrag fristgerecht zum nächstmöglichen Zeitpunkt. Bitte senden Sie mir eine schriftliche Bestätigung der Kündigung unter Angabe des Beendigungszeitpunktes zu.</letter_text></item>
<item><category>Energie</category><source_url>https://www.aboalarm.de/kuendigung-adresse/energie/prokon-regenerative-energien</source_url><sub_category>None</sub_category><company>Prokon Regenerative Energien</company><full_address>Prokon Regenerative Energien GmbH Kirchhofstraße 3 25524 Itzehoe</full_address><address>Prokon Regenerative Energien GmbH</address><city>Itzehoe</city><zip>25524</zip><email>strom@prokon.net</email><website>http://www.prokon.de</website><fax>048216855200</fax><hotline>04821 6855-100</hotline><Weitere_Adressen_name>Prokon Regenerative Energien Strom</Weitere_Adressen_name><Weitere_Adressen_link>https://www.aboalarm.de/kuendigung-adresse/energie/prokon-regenerative-energien-strom</Weitere_Adressen_link><form_field>Kundennummer,Zählernummer,Zählerstand</form_field><subject>Sehr geehrte Damen und Herren,</subject><letter_text>hiermit kündige ich meinen Prokon-Strom-Vertrag fristgerecht zum nächstmöglichen Zeitpunkt. Bitte senden Sie mir eine schriftliche Bestätigung der Kündigung unter Angabe des Beendigungszeitpunktes zu.</letter_text></item>
<item><category>Energie</category><source_url>https://www.aboalarm.de/kuendigung-adresse/energie/hitstrom</source_url><sub_category>None</sub_category><company>HitStrom</company><full_address>HitStrom ExtraEnergie GmbH Postfach 974 09009 Chemnitz</full_address><address>HitStrom</address><city>974</city><zip>Postfach</zip><email>servicestrom@hitenergie.de</email><website>http://www.hitenergie.de</website><fax>01805 - 70 80 40</fax><hotline>0800 - 20 30 507</hotline><Weitere_Adressen_name></Weitere_Adressen_name><Weitere_Adressen_link></Weitere_Adressen_link><form_field>Kundennummer,Zählernummer</form_field><subject>Sehr geehrte Damen und Herren,</subject><letter_text>hiermit kündige ich meinen oben genannten Vertrag fristgerecht zum nächstmöglichen Zeitpunkt. Bitte senden Sie mir eine schriftliche Bestätigung der Kündigung unter Angabe des Beendigungszeitpunktes zu.</letter_text></item>
<item><category>Energie</category><source_url>https://www.aboalarm.de/kuendigung-adresse/energie/hitgas</source_url><sub_category>None</sub_category><company>HitGas</company><full_address>HitGas ExtraEnergie GmbH Postfach 974 09009 Chemnitz</full_address><address>HitGas</address><city>974</city><zip>Postfach</zip><email>servicegas@hitenergie.de</email><website>http://www.hitenergie.de</website><fax>01805 - 70 80 40</fax><hotline>0800 - 20 30 507</hotline><Weitere_Adressen_name></Weitere_Adressen_name><Weitere_Adressen_link></Weitere_Adressen_link><form_field>Kundennummer,Zählernummer</form_field><subject>Sehr geehrte Damen und Herren,</subject><letter_text>hiermit kündige ich meinen oben genannten Vertrag fristgerecht zum nächstmöglichen Zeitpunkt. Bitte senden Sie mir eine schriftliche Bestätigung der Kündigung unter Angabe des Beendigungszeitpunktes zu.</letter_text></item>
<item><category>Energie</category><source_url>https://www.aboalarm.de/kuendigung-adresse/energie/flexstrom</source_url><sub_category>None</sub_category><company>FlexStrom</company><full_address>FlexStrom GmbH Reichpietschufer 86-90 10785 Berlin</full_address><address>FlexStrom GmbH</address><city>Berlin</city><zip>10785</zip><email>info@FlexStrom.de</email><website>http://www.flexstrom.de</website><fax>-</fax><hotline>01805003709</hotline><Weitere_Adressen_name></Weitere_Adressen_name><Weitere_Adressen_link></Weitere_Adressen_link><form_field>Kundennummer,Zählernummer</form_field><subject>Sehr geehrte Damen und Herren,</subject><letter_text>hiermit kündige ich meinen oben genannten Vertrag fristgerecht zum nächstmöglichen Zeitpunkt. Bitte senden Sie mir eine schriftliche Bestätigung der Kündigung unter Angabe des Beendigungszeitpunktes zu.</letter_text></item>
<item><category>Energie</category><source_url>https://www.aboalarm.de/kuendigung-adresse/energie/eprimo</source_url><sub_category>None</sub_category><company>eprimo</company><full_address>Eprimo GmbH Kundenservice Flughafenstraße 20 63263 Neu-Isenburg</full_address><address>Eprimo GmbH</address><city>20</city><zip>Flughafenstraße</zip><email>kundenservice@eprimo.de</email><website>https://www.eprimo.de</website><fax>069 / 69 76 70-111</fax><hotline>08006060110</hotline><Weitere_Adressen_name></Weitere_Adressen_name><Weitere_Adressen_link></Weitere_Adressen_link><form_field>Kundennummer,Zählernummer</form_field><subject>Sehr geehrte Damen und Herren,</subject><letter_text>hiermit kündige ich meinen oben genannten Vertrag fristgerecht zum nächstmöglichen Zeitpunkt. Bitte senden Sie mir eine schriftliche Bestätigung der Kündigung unter Angabe des Beendigungszeitpunktes zu.</letter_text></item>
<item><category>Energie</category><source_url>https://www.aboalarm.de/kuendigung-adresse/energie/emb-erdgas-mark-brandenburg</source_url><sub_category>None</sub_category><company>EMB Energie Mark Brandenburg</company><full_address>EMB Energie Mark Brandenburg GmbH Postfach 90 01 42 14437 Potsdam</full_address><address>EMB Energie Mark Brandenburg GmbH</address><city>Potsdam</city><zip>14437</zip><email>vertrieb@emb-gmbh.de</email><website>http://www.emb-gmbh.de</website><fax>03317495306</fax><hotline>018027426-10</hotline><Weitere_Adressen_name>EMB Energie Mark Brandenburg Gas,EMB Energie Mark Brandenburg Strom</Weitere_Adressen_name><Weitere_Adressen_link>https://www.aboalarm.de/kuendigung-adresse/energie/emb-energie-mark-brandenburg-gas,https://www.aboalarm.de/kuendigung-adresse/energie/emb-energie-mark-brandenburg-strom</Weitere_Adressen_link><form_field>Kundennummer,Zählernummer</form_field><subject>Sehr geehrte Damen und Herren,</subject><letter_text>hiermit kündige ich meinen oben genannten Vertrag fristgerecht zum nächstmöglichen Zeitpunkt. Bitte senden Sie mir eine schriftliche Bestätigung der Kündigung unter Angabe des Beendigungszeitpunktes zu.</letter_text></item>
<item><category>Energie</category><source_url>https://www.aboalarm.de/kuendigung-adresse/energie/e-on-strom</source_url><sub_category>None</sub_category><company>E.ON Strom</company><full_address>E.ON Energie Deutschland GmbH Postfach 1475 84001 Landshut</full_address><address>E.ON Energie Deutschland GmbH</address><city>Landshut</city><zip>84001</zip><email>kundenservice@eon.de</email><website>https://www.eon.de</website><fax>087195386220</fax><hotline>0871 95 38 62 10</hotline><Weitere_Adressen_name></Weitere_Adressen_name><Weitere_Adressen_link></Weitere_Adressen_link><form_field>Kundennummer,Zählernummer</form_field><subject>Sehr geehrte Damen und Herren,</subject><letter_text>hiermit kündige ich meinen oben genannten Vertrag fristgerecht zum nächstmöglichen Zeitpunkt. Bitte senden Sie mir eine schriftliche Bestätigung der Kündigung unter Angabe des Beendigungszeitpunktes zu.</letter_text></item>
<item><category>Energie</category><source_url>https://www.aboalarm.de/kuendigung-adresse/energie/entega-vertrieb</source_url><sub_category>None</sub_category><company>ENTEGA</company><full_address>ENTEGA Energie GmbH Postfach 11 07 61 64222 Darmstadt</full_address><address>ENTEGA Energie GmbH</address><city>Darmstadt</city><zip>64222</zip><email>kundenservice@entega.de</email><website>http://www.entega.de</website><fax>08008080070</fax><hotline>08004800888</hotline><Weitere_Adressen_name>ENTEGA Gas,ENTEGA Strom,ENTEGA Wasser &amp; Abwasser</Weitere_Adressen_name><Weitere_Adressen_link>https://www.aboalarm.de/kuendigung-adresse/energie/entega-gas,https://www.aboalarm.de/kuendigung-adresse/energie/entega-strom,https://www.aboalarm.de/kuendigung-adresse/energie/entega-wasser-und-abwasser</Weitere_Adressen_link><form_field>Kundennummer,Zählernummer</form_field><subject>Sehr geehrte Damen und Herren,</subject><letter_text>hiermit kündige ich meinen oben genannten Vertrag fristgerecht zum nächstmöglichen Zeitpunkt. Bitte senden Sie mir eine schriftliche Bestätigung der Kündigung unter Angabe des Beendigungszeitpunktes zu.</letter_text></item>
<item><category>Energie</category><source_url>https://www.aboalarm.de/kuendigung-adresse/energie/e-on-hanse</source_url><sub_category>None</sub_category><company>E.ON Hanse</company><full_address>E.ON Hanse Vertrieb GmbH Postfach 570 558 22774 Hamburg</full_address><address>E.ON Hanse Vertrieb GmbH</address><city>Hamburg</city><zip>22774</zip><email>kundenbetreuung@eon.de</email><website>http://www.eon-hanse.com</website><fax>040605900005</fax><hotline>040-6 05 90 00 00</hotline><Weitere_Adressen_name></Weitere_Adressen_name><Weitere_Adressen_link></Weitere_Adressen_link><form_field>Kundennummer,Zählernummer</form_field><subject>Sehr geehrte Damen und Herren,</subject><letter_text>hiermit kündige ich meinen oben genannten Vertrag fristgerecht zum nächstmöglichen Zeitpunkt. Bitte senden Sie mir eine schriftliche Bestätigung der Kündigung unter Angabe des Beendigungszeitpunktes zu.</letter_text></item>
<item><category>Energie</category><source_url>https://www.aboalarm.de/kuendigung-adresse/energie/e-on-avacon</source_url><sub_category>None</sub_category><company>E.ON Avacon</company><full_address>E.ON Avacon Vertrieb GmbH Schillerstraße 3 38350 Helmstedt</full_address><address>E.ON Avacon Vertrieb GmbH</address><city>Helmstedt</city><zip>38350</zip><email>kundenservice@eon.de</email><website>http://www.eon-avacon.com</website><fax>053513996907</fax><hotline>0 53 51-3 99 69 00</hotline><Weitere_Adressen_name></Weitere_Adressen_name><Weitere_Adressen_link></Weitere_Adressen_link><form_field>Kundennummer,Zählernummer</form_field><subject>Sehr geehrte Damen und Herren,</subject><letter_text>hiermit kündige ich meinen oben genannten Vertrag fristgerecht zum nächstmöglichen Zeitpunkt. Bitte senden Sie mir eine schriftliche Bestätigung der Kündigung unter Angabe des Beendigungszeitpunktes zu.</letter_text></item>
<item><category>Energie</category><source_url>https://www.aboalarm.de/kuendigung-adresse/energie/e-on-edis</source_url><sub_category>None</sub_category><company>E.Dis</company><full_address>E.DIS AG Langewahler Straße 60 15517 Fürstenwalde</full_address><address>E.DIS AG</address><city>Fürstenwalde</city><zip>15517</zip><email>kundenservice@e-dis.de</email><website>https://www.e-dis.de/de.html</website><fax>None</fax><hotline>0 33 61-70-0</hotline><Weitere_Adressen_name></Weitere_Adressen_name><Weitere_Adressen_link></Weitere_Adressen_link><form_field>Kundennummer,Zählernummer</form_field><subject>Sehr geehrte Damen und Herren,</subject><letter_text>hiermit kündige ich meinen oben genannten Vertrag fristgerecht zum nächstmöglichen Zeitpunkt. Bitte senden Sie mir eine schriftliche Bestätigung der Kündigung unter Angabe des Beendigungszeitpunktes zu.</letter_text></item>
<item><category>Energie</category><source_url>https://www.aboalarm.de/kuendigung-adresse/energie/drewag</source_url><sub_category>None</sub_category><company>DREWAG</company><full_address>Drewag Rosenstraße 32 01067 Dresden</full_address><address>Drewag</address><city>Dresden</city><zip>01067</zip><email>-</email><website>None</website><fax>03518604810</fax><hotline>03518604444</hotline><Weitere_Adressen_name></Weitere_Adressen_name><Weitere_Adressen_link></Weitere_Adressen_link><form_field>Kundennummer,Zählernummer</form_field><subject>Sehr geehrte Damen und Herren,</subject><letter_text>hiermit kündige ich meinen oben genannten Vertrag fristgerecht zum nächstmöglichen Zeitpunkt. Bitte senden Sie mir eine schriftliche Bestätigung der Kündigung unter Angabe des Beendigungszeitpunktes zu.</letter_text></item>
</items>