<?xml version="1.0" encoding="utf-8"?>
<items>
<item><category>Mitgliedschaft</category><source_url>https://www.aboalarm.de/kuendigung-adresse/fitnessstudio/superfit</source_url><sub_category>Fitnessstudio</sub_category><company>SUPERFIT</company><full_address>EAST BANK CLUB the fitness factory GmbH Postfach 410108 12111 Berlin</full_address><address>EAST BANK CLUB</address><city>410108</city><zip>Postfach</zip><email>member@superﬁt.club</email><website>http://superfit.club</website><fax>030 / 688 38 17 – 50</fax><hotline>030 / 688 38 17 – 68</hotline><Weitere_Adressen_name></Weitere_Adressen_name><Weitere_Adressen_link></Weitere_Adressen_link><form_field>Kundennummer</form_field><subject>Sehr geehrte Damen und Herren,</subject><letter_text>hiermit kündige ich meine oben genannte Mitgliedschaft fristgerecht zum nächstmöglichen Zeitpunkt. Bitte senden Sie mir eine schriftliche Bestätigung der Kündigung unter Angabe des Beendigungszeitpunktes zu.</letter_text></item>
<item><category>Mitgliedschaft</category><source_url>https://www.aboalarm.de/kuendigung-adresse/fitnessstudio/selection-fitness</source_url><sub_category>Fitnessstudio</sub_category><company>Selection Fitness Center 06 AC Weststraße</company><full_address>Selection Fitness Center 06 Weststraße 20 52074 Aachen</full_address><address>Selection Fitness Center 06</address><city>Aachen</city><zip>52074</zip><email>center-06@selection-fitness.com</email><website>http://www.selection-fitness.com</website><fax>None</fax><hotline>0241870777</hotline><Weitere_Adressen_name></Weitere_Adressen_name><Weitere_Adressen_link></Weitere_Adressen_link><form_field>Kundennummer</form_field><subject>Sehr geehrte Damen und Herren,</subject><letter_text>hiermit kündige ich meine oben genannte Mitgliedschaft fristgerecht zum nächstmöglichen Zeitpunkt. Bitte senden Sie mir eine schriftliche Bestätigung der Kündigung unter Angabe des Beendigungszeitpunktes zu.</letter_text></item>
<item><category>Mitgliedschaft</category><source_url>https://www.aboalarm.de/kuendigung-adresse/fitnessstudio/pure-training</source_url><sub_category>Fitnessstudio</sub_category><company>Pure Training City</company><full_address>Pure Training GmbH Zeil 57 60313 Frankfurt</full_address><address>Pure Training GmbH</address><city>Frankfurt</city><zip>60313</zip><email>pc@puretraining.de</email><website>http://www.puretraining.de</website><fax>None</fax><hotline>06921998616</hotline><Weitere_Adressen_name></Weitere_Adressen_name><Weitere_Adressen_link></Weitere_Adressen_link><form_field>Kundennummer</form_field><subject>Sehr geehrte Damen und Herren,</subject><letter_text>hiermit kündige ich meine oben genannte Mitgliedschaft fristgerecht zum nächstmöglichen Zeitpunkt. Bitte senden Sie mir eine schriftliche Bestätigung der Kündigung unter Angabe des Beendigungszeitpunktes zu.</letter_text></item>
<item><category>Mitgliedschaft</category><source_url>https://www.aboalarm.de/kuendigung-adresse/fitnessstudio/on-stage-training-center</source_url><sub_category>Fitnessstudio</sub_category><company>ON STAGE Training Center</company><full_address>ON STAGE Training Center Poolstraße 21 20355 Hamburg</full_address><address>ON STAGE Training Center</address><city>Hamburg</city><zip>20355</zip><email>-</email><website>None</website><fax>04035540784</fax><hotline>0403554070</hotline><Weitere_Adressen_name>On Stage Training Center</Weitere_Adressen_name><Weitere_Adressen_link>https://www.aboalarm.de/kuendigung-adresse/fitnessstudio/on-stage-training-center-hamburg</Weitere_Adressen_link><form_field>Kundennummer</form_field><subject>Sehr geehrte Damen und Herren,</subject><letter_text>hiermit kündige ich meine oben genannte Mitgliedschaft fristgerecht zum nächstmöglichen Zeitpunkt. Bitte senden Sie mir eine schriftliche Bestätigung der Kündigung unter Angabe des Beendigungszeitpunktes zu.</letter_text></item>
<item><category>Mitgliedschaft</category><source_url>https://www.aboalarm.de/kuendigung-adresse/fitnessstudio/meridianspa</source_url><sub_category>Fitnessstudio</sub_category><company>MeridianSpa</company><full_address>Meridian Spa &amp; Fitness Deutschland GmbH Wandsbeker Zollstraße 87-89 22041 Hamburg</full_address><address>Meridian Spa &amp; Fitness Deutschland GmbH</address><city>Hamburg</city><zip>22041</zip><email>info@meridianspa.de</email><website>http://www.meridianspa.de</website><fax>040/65 89-29 000</fax><hotline>040-6589-0</hotline><Weitere_Adressen_name>Meridianspa Eppendorf Fitness,MeridianSpa Skyline Plaza,MeridianSpa Spandau Arcaden</Weitere_Adressen_name><Weitere_Adressen_link>https://www.aboalarm.de/kuendigung-adresse/fitnessstudio/meridianspa-eppendorf-fitness,https://www.aboalarm.de/kuendigung-adresse/fitnessstudio/meridianspa-skyline-plaza,https://www.aboalarm.de/kuendigung-adresse/fitnessstudio/meridianspa-spandau-arcaden</Weitere_Adressen_link><form_field>Kundennummer</form_field><subject>Sehr geehrte Damen und Herren,</subject><letter_text>hiermit kündige ich meine oben genannte Mitgliedschaft fristgerecht zum nächstmöglichen Zeitpunkt. Bitte senden Sie mir eine schriftliche Bestätigung der Kündigung unter Angabe des Beendigungszeitpunktes zu.</letter_text></item>
<item><category>Mitgliedschaft</category><source_url>https://www.aboalarm.de/kuendigung-adresse/fitnessstudio/mcfit</source_url><sub_category>Fitnessstudio</sub_category><company>McFit</company><full_address>RSG Group GmbH Tannenberg 4 96132 Schlüsselfeld</full_address><address>RSG Group GmbH</address><city>Schlüsselfeld</city><zip>96132</zip><email>info@rsggroup.com</email><website>https://www.mcfit.com</website><fax>095529319115</fax><hotline>0955293190</hotline><Weitere_Adressen_name>McFit Aachen,McFit Bergisch Gladbach,McFit Bielefeld,McFit Bochum-Grumme,McFit Bonn,McFit Bremen-Kattenturm,McFit Bremerhaven,McFit Dortmund,McFit Düsseldorf,McFit Erfurt,McFit Essen-Bergerhasuen,McFit Fitness,McFit Fitness-Center,McFit Frankfurt-Griesheim,McFit Gelsenkirchen,McFit Hagen,McFit Hamburg-Harburg,McFit Hamburg-Wandsbek,McFit Hanau,McFit Heilbronn,McFit Herne,McFit Ingolstadt,McFit Kassel,McFit Koblenz,McFit Köln-Ehrenfeld,McFit Köln-Kalk,McFit Ludwigshafen,McFit Mainz,McFit Mönchengladbach,McFit Münster,McFit Paderborn,McFit Ratingen,McFit Solingen,McFit Trier,McFit Witten</Weitere_Adressen_name><Weitere_Adressen_link>https://www.aboalarm.de/kuendigung-adresse/fitnessstudio/mcfit-aachen,https://www.aboalarm.de/kuendigung-adresse/fitnessstudio/mcfit-bergisch-gladbach,https://www.aboalarm.de/kuendigung-adresse/fitnessstudio/mcfit-bielefeld,https://www.aboalarm.de/kuendigung-adresse/fitnessstudio/mcfit-bochum-grumme,https://www.aboalarm.de/kuendigung-adresse/fitnessstudio/mcfit-bonn,https://www.aboalarm.de/kuendigung-adresse/fitnessstudio/mcfit-bremen-kattenturm,https://www.aboalarm.de/kuendigung-adresse/fitnessstudio/mcfit-bremerhaven,https://www.aboalarm.de/kuendigung-adresse/fitnessstudio/mcfit-dortmund,https://www.aboalarm.de/kuendigung-adresse/fitnessstudio/mcfit-duesseldorf,https://www.aboalarm.de/kuendigung-adresse/fitnessstudio/mcfit-erfurt,https://www.aboalarm.de/kuendigung-adresse/fitnessstudio/mcfit-essen-bergerhasuen,https://www.aboalarm.de/kuendigung-adresse/fitnessstudio/mcfit-fitness,https://www.aboalarm.de/kuendigung-adresse/fitnessstudio/mc-fit-fitness-center,https://www.aboalarm.de/kuendigung-adresse/fitnessstudio/mcfit-frankfurt-griesheim,https://www.aboalarm.de/kuendigung-adresse/fitnessstudio/mcfit-gelsenkirchen,https://www.aboalarm.de/kuendigung-adresse/fitnessstudio/mcfit-hagen,https://www.aboalarm.de/kuendigung-adresse/fitnessstudio/mcfit-hamburg-harburg,https://www.aboalarm.de/kuendigung-adresse/fitnessstudio/mcfit-hamburg-wandsbek,https://www.aboalarm.de/kuendigung-adresse/fitnessstudio/mcfit-hanau,https://www.aboalarm.de/kuendigung-adresse/fitnessstudio/mcfit-heilbronn,https://www.aboalarm.de/kuendigung-adresse/fitnessstudio/mcfit-herne,https://www.aboalarm.de/kuendigung-adresse/fitnessstudio/mcfit-ingolstadt,https://www.aboalarm.de/kuendigung-adresse/fitnessstudio/mcfit-kassel,https://www.aboalarm.de/kuendigung-adresse/fitnessstudio/mcfit-koblenz,https://www.aboalarm.de/kuendigung-adresse/fitnessstudio/mcfit-koeln-ehrenfeld,https://www.aboalarm.de/kuendigung-adresse/fitnessstudio/mcfit-koeln-kalk,https://www.aboalarm.de/kuendigung-adresse/fitnessstudio/mcfit-ludwigshafen,https://www.aboalarm.de/kuendigung-adresse/fitnessstudio/mcfit-mainz,https://www.aboalarm.de/kuendigung-adresse/fitnessstudio/mcfit-moenchengladbach,https://www.aboalarm.de/kuendigung-adresse/fitnessstudio/mcfit-muenster,https://www.aboalarm.de/kuendigung-adresse/fitnessstudio/mcfit-paderborn,https://www.aboalarm.de/kuendigung-adresse/fitnessstudio/mcfit-ratingen,https://www.aboalarm.de/kuendigung-adresse/fitnessstudio/mcfit-solingen,https://www.aboalarm.de/kuendigung-adresse/fitnessstudio/mcfit-trier,https://www.aboalarm.de/kuendigung-adresse/fitnessstudio/mcfit-witten</Weitere_Adressen_link><form_field>Mitgliedsnummer</form_field><subject>Sehr geehrte Damen und Herren,</subject><letter_text>hiermit kündige ich meine oben genannte Mitgliedschaft fristgerecht zum nächstmöglichen Zeitpunkt. Bitte senden Sie mir eine schriftliche Bestätigung der Kündigung unter Angabe des Beendigungszeitpunktes zu.</letter_text></item>
<item><category>Mitgliedschaft</category><source_url>https://www.aboalarm.de/kuendigung-adresse/fitnessstudio/just-fit</source_url><sub_category>Fitnessstudio</sub_category><company>JUST FIT 03 CLASSIC</company><full_address>JUST FIT 03 CLASSIC Werner-von-Siemens-Str. 1 50226 Frechen</full_address><address>JUST FIT 03 CLASSIC</address><city>Frechen</city><zip>50226</zip><email>frechen03@justfit-clubs.de</email><website>https://www.justfit-clubs.de/clubs.html</website><fax>02234 - 16884</fax><hotline>02234 - 57712</hotline><Weitere_Adressen_name>JUST FIT 01 CLASSIC KÖLN RIEHL,JUST FIT 02 CITY KÖLN NEUSTADT-NORD,JUST FIT 04 CLASSIC RÖSRATH,JUST FIT 05 FEMININ KÖLN WEIDEN,JUST FIT 06 Classic Hürth Hermülheim,JUST FIT 07 CLASSIC LEICHLINGEN,JUST FIT 08 CITY KÖLN WEIDEN,JUST FIT 09 CLASSIC KERPEN,JUST FIT 10 LIGHT KÖLN GODORF,JUST FIT 11 LIGHT KÖLN NIPPES,JUST FIT 12,JUST FIT 13 CLASSIC KÖLN ALTSTADT-SÜD,JUST FIT 14 CLASSIC MÖNCHENGLADBACH RHEYDT,JUST FIT 15 CLASSIC KÖLN DEUTZ,JUST FIT 16 FUTURE FRECHEN,JUST FIT 17 LIGHT HÜRTH HERMÜLHEIM,JUST FIT 18 PREMIUM KÖLN NEUSTADT-NORD,JUST FIT 19 LIGHT KERPEN,JUST FIT 20 CLASSIC KÖLN NEUSTADT-SÜD,JUST FIT 21 CLASSIC BERGHEIM KENTEN,JUST FIT 22 LIGHT BERGHEIM NIEDERAUSSE,JUST FIT 23 FEMININ KÖLN NEUSTADT-NORD,JUST FIT 5 FEMININ</Weitere_Adressen_name><Weitere_Adressen_link>https://www.aboalarm.de/kuendigung-adresse/fitnessstudio/just-fit-fitnessclub,https://www.aboalarm.de/kuendigung-adresse/fitnessstudio/just-fit-2,https://www.aboalarm.de/kuendigung-adresse/fitnessstudio/just-fit-vier,https://www.aboalarm.de/kuendigung-adresse/fitnessstudio/just-fit-feminin-und-co-kg,https://www.aboalarm.de/kuendigung-adresse/fitnessstudio/just-fit-6,https://www.aboalarm.de/kuendigung-adresse/fitnessstudio/just-fit-7,https://www.aboalarm.de/kuendigung-adresse/fitnessstudio/just-fit-8,https://www.aboalarm.de/kuendigung-adresse/fitnessstudio/just-fit-neun,https://www.aboalarm.de/kuendigung-adresse/fitnessstudio/just-fit-zehn-und-co-kg,https://www.aboalarm.de/kuendigung-adresse/fitnessstudio/just-fit-11,https://www.aboalarm.de/kuendigung-adresse/fitnessstudio/just-fit-zwoelf,https://www.aboalarm.de/kuendigung-adresse/fitnessstudio/just-fit-13,https://www.aboalarm.de/kuendigung-adresse/fitnessstudio/just-fit-14,https://www.aboalarm.de/kuendigung-adresse/fitnessstudio/just-fit-15,https://www.aboalarm.de/kuendigung-adresse/fitnessstudio/just-fit-16,https://www.aboalarm.de/kuendigung-adresse/fitnessstudio/just-fit-17,https://www.aboalarm.de/kuendigung-adresse/fitnessstudio/just-fit-18,https://www.aboalarm.de/kuendigung-adresse/fitnessstudio/just-fit-19,https://www.aboalarm.de/kuendigung-adresse/fitnessstudio/just-fit-20,https://www.aboalarm.de/kuendigung-adresse/fitnessstudio/just-fit-21,https://www.aboalarm.de/kuendigung-adresse/fitnessstudio/just-fit-22,https://www.aboalarm.de/kuendigung-adresse/fitnessstudio/just-fit-23,https://www.aboalarm.de/kuendigung-adresse/fitnessstudio/just-fit-5-feminin</Weitere_Adressen_link><form_field>Kundennummer</form_field><subject>Sehr geehrte Damen und Herren,</subject><letter_text>hiermit kündige ich meine oben genannte Mitgliedschaft fristgerecht zum nächstmöglichen Zeitpunkt. Bitte senden Sie mir eine schriftliche Bestätigung der Kündigung unter Angabe des Beendigungszeitpunktes zu.</letter_text></item>
<item><category>Mitgliedschaft</category><source_url>https://www.aboalarm.de/kuendigung-adresse/fitnessstudio/jumpers-sports</source_url><sub_category>Fitnessstudio</sub_category><company>Jumpers Rosenheim</company><full_address>Jumpers Fitness GmbH Kufsteiner Str. 55 83022 Rosenheim</full_address><address>Jumpers Fitness GmbH</address><city>Rosenheim</city><zip>83022</zip><email>rosenheim@jumpers-fitness.com</email><website>https://www.jumpers-fitness.com/studios/rosenheim/</website><fax>None</fax><hotline>08031 / 90 19 666</hotline><Weitere_Adressen_name></Weitere_Adressen_name><Weitere_Adressen_link></Weitere_Adressen_link><form_field>Kundennummer</form_field><subject>Sehr geehrte Damen und Herren,</subject><letter_text>hiermit kündige ich meine oben genannte Mitgliedschaft fristgerecht zum nächstmöglichen Zeitpunkt. Bitte senden Sie mir eine schriftliche Bestätigung der Kündigung unter Angabe des Beendigungszeitpunktes zu.</letter_text></item>
<item><category>Mitgliedschaft</category><source_url>https://www.aboalarm.de/kuendigung-adresse/fitnessstudio/holmes-place-lifestyle-clubs</source_url><sub_category>Fitnessstudio</sub_category><company>Holmes Place Lifestyle Clubs Berlin Schlossstrasse</company><full_address>Holmes Place Lifestyle Clubs GmbH Schildhornstraße 1 12163 Berlin</full_address><address>Holmes Place Lifestyle Clubs GmbH</address><city>Berlin</city><zip>12163</zip><email>schlossstrasse@holmesplace.com</email><website>http://holmesplace.de/schlossstrasse.c/de/</website><fax>None</fax><hotline>030 / 374 42 49 00</hotline><Weitere_Adressen_name></Weitere_Adressen_name><Weitere_Adressen_link></Weitere_Adressen_link><form_field>Kundennummer</form_field><subject>Sehr geehrte Damen und Herren,</subject><letter_text>hiermit kündige ich meine oben genannte Mitgliedschaft fristgerecht zum nächstmöglichen Zeitpunkt. Bitte senden Sie mir eine schriftliche Bestätigung der Kündigung unter Angabe des Beendigungszeitpunktes zu.</letter_text></item>
<item><category>Mitgliedschaft</category><source_url>https://www.aboalarm.de/kuendigung-adresse/fitnessstudio/fitnessking</source_url><sub_category>Fitnessstudio</sub_category><company>FitnessKing</company><full_address>FitnessKing GmbH Carl-Zeiss-Str. 10 56070 Koblenz</full_address><address>FitnessKing GmbH</address><city>Koblenz</city><zip>56070</zip><email>service@fitnessking.de</email><website>http://www.fitnessking.de</website><fax>0261 - 87670691</fax><hotline></hotline><Weitere_Adressen_name>Fitnessking,FitnessKing  Fitnesscenter,FitnessKing  Fitnessclub,Fitnessking Bad Kreuznach,Fitnessking Bendorf,Fitnessking Bergheim,Fitnessking Dortmund 2,Fitnessking Eschweiler,Fitnessking Euskirchen,Fitnessking Gotha,Fitnessking Gross-Gerau / Büttelborn,Fitnessking Hückelhoven,Fitnessking Koblenz,Fitnessking Lohmar,Fitnessking Mülheim-Kärlich,Fitnessking Münster,Fitnessking Neuwied,Fitnessking Straubing,Fitnessking Wetzlar,Fitnessking Worms</Weitere_Adressen_name><Weitere_Adressen_link>https://www.aboalarm.de/kuendigung-adresse/fitnessstudio/fitnessking-leverkusen,https://www.aboalarm.de/kuendigung-adresse/fitnessstudio/fitnessking-fitnesscenter,https://www.aboalarm.de/kuendigung-adresse/fitnessstudio/fitnessking-fitnessclub,https://www.aboalarm.de/kuendigung-adresse/fitnessstudio/fitnessking-bad-kreuznach,https://www.aboalarm.de/kuendigung-adresse/fitnessstudio/fitnessking-bendorf,https://www.aboalarm.de/kuendigung-adresse/fitnessstudio/fitnessking-bergheim,https://www.aboalarm.de/kuendigung-adresse/fitnessstudio/fitnessking-dortmund-2,https://www.aboalarm.de/kuendigung-adresse/fitnessstudio/fitnessking-eschweiler,https://www.aboalarm.de/kuendigung-adresse/fitnessstudio/fitnessking-euskirchen,https://www.aboalarm.de/kuendigung-adresse/fitnessstudio/fitnessking-gotha,https://www.aboalarm.de/kuendigung-adresse/fitnessstudio/fitnessking-gross-gerau-buettelborn,https://www.aboalarm.de/kuendigung-adresse/fitnessstudio/fitnessking-hueckelhoven,https://www.aboalarm.de/kuendigung-adresse/fitnessstudio/fitnessking-koblenz,https://www.aboalarm.de/kuendigung-adresse/fitnessstudio/fitnessking-lohmar-club,https://www.aboalarm.de/kuendigung-adresse/fitnessstudio/fitnessking-muelheim-kaerlich,https://www.aboalarm.de/kuendigung-adresse/fitnessstudio/fitnessking-muenster,https://www.aboalarm.de/kuendigung-adresse/fitnessstudio/fitnessking-neuwied,https://www.aboalarm.de/kuendigung-adresse/fitnessstudio/fitnessking-straubing,https://www.aboalarm.de/kuendigung-adresse/fitnessstudio/fitnessking-wetzlar,https://www.aboalarm.de/kuendigung-adresse/fitnessstudio/fitnessking-worms-club</Weitere_Adressen_link><form_field>Kundennummer</form_field><subject>Sehr geehrte Damen und Herren,</subject><letter_text>hiermit kündige ich meine oben genannte Mitgliedschaft fristgerecht zum nächstmöglichen Zeitpunkt. Bitte senden Sie mir eine schriftliche Bestätigung der Kündigung unter Angabe des Beendigungszeitpunktes zu.</letter_text></item>
<item><category>Mitgliedschaft</category><source_url>https://www.aboalarm.de/kuendigung-adresse/fitnessstudio/fitness-first</source_url><sub_category>Fitnessstudio</sub_category><company>Fitness First</company><full_address>Fitness First Germany GmbH Hanauer Landstraße 148a 60314 Frankfurt am Main</full_address><address>Fitness First Germany GmbH</address><city>Frankfurt</city><zip>60314</zip><email>service@fitnessfirst.de</email><website>http://www.fitnessfirst.de</website><fax>None</fax><hotline>(0) 69/ 4 08 01 65 55</hotline><Weitere_Adressen_name>Fitness First - Black Label Club München,Fitness First - Lifestyle Club,Fitness First - Lifestyleclub,Fitness First Class,Fitness First for Ladies,Fitness First For Ladies Fitnessstudio,Fitness First Germany,Fitness First LIFESTYLE CLUBBERLIN - TEMPELHOF,Fitness First LIFESTYLE CLUBHANNOVER - CITY,Fitness First LIFESTYLE CLUBHANNOVER - NORD,Fitness First LIFESTYLE CLUBLIFESTYLE CLUB HAMBURG,Fitness First Platinum,Fitness First Stuttgart</Weitere_Adressen_name><Weitere_Adressen_link>https://www.aboalarm.de/kuendigung-adresse/fitnessstudio/fitness-first-black-label-club-muenchen,https://www.aboalarm.de/kuendigung-adresse/fitnessstudio/fitness-first-lifestyle-club,https://www.aboalarm.de/kuendigung-adresse/fitnessstudio/fitness-first-lifestyleclub,https://www.aboalarm.de/kuendigung-adresse/fitnessstudio/fitness-first-class,https://www.aboalarm.de/kuendigung-adresse/fitnessstudio/fitness-first-for-ladies,https://www.aboalarm.de/kuendigung-adresse/fitnessstudio/fitness-first-for-ladies-fitnessstudio,https://www.aboalarm.de/kuendigung-adresse/fitnessstudio/fitness-first-germany-gmb,https://www.aboalarm.de/kuendigung-adresse/fitnessstudio/fitness-first-lifestyle-clubberlin-tempelhof,https://www.aboalarm.de/kuendigung-adresse/fitnessstudio/fitness-first-lifestyle-clubhannover-city,https://www.aboalarm.de/kuendigung-adresse/fitnessstudio/fitness-first-lifestyle-clubhannover-nord,https://www.aboalarm.de/kuendigung-adresse/fitnessstudio/fitness-first-lifestyle-clublifestyle-club-hamburg,https://www.aboalarm.de/kuendigung-adresse/fitnessstudio/fitness-first-platinum,https://www.aboalarm.de/kuendigung-adresse/fitnessstudio/fitness-first-stuttgart</Weitere_Adressen_link><form_field>Kundennummer,Studio</form_field><subject>Sehr geehrte Damen und Herren,</subject><letter_text>hiermit kündige ich meine oben genannte Mitgliedschaft fristgerecht zum nächstmöglichen Zeitpunkt. Bitte senden Sie mir eine schriftliche Bestätigung der Kündigung unter Angabe des Beendigungszeitpunktes zu.</letter_text></item>
<item><category>Mitgliedschaft</category><source_url>https://www.aboalarm.de/kuendigung-adresse/fitnessstudio/fit-4-u</source_url><sub_category>Fitnessstudio</sub_category><company>fit-4-u KREFELD</company><full_address>fit-4-u Krefeld Sankt-Anton-Straße 42 47798 Krefeld</full_address><address>fit-4-u Krefeld</address><city>Krefeld</city><zip>47798</zip><email>krefeld@fit-4-u.de</email><website>http://fit-4-u.de/krefeld</website><fax>None</fax><hotline>02151 6578750</hotline><Weitere_Adressen_name></Weitere_Adressen_name><Weitere_Adressen_link></Weitere_Adressen_link><form_field>Kundennummer</form_field><subject>Sehr geehrte Damen und Herren,</subject><letter_text>hiermit kündige ich meine oben genannte Mitgliedschaft fristgerecht zum nächstmöglichen Zeitpunkt. Bitte senden Sie mir eine schriftliche Bestätigung der Kündigung unter Angabe des Beendigungszeitpunktes zu.</letter_text></item>
<item><category>Mitgliedschaft</category><source_url>https://www.aboalarm.de/kuendigung-adresse/fitnessstudio/fit-star</source_url><sub_category>Fitnessstudio</sub_category><company>Fit Star</company><full_address>FIT STAR Holding GmbH &amp; Co. KG Kistlerhofstrasse 168 81379 München</full_address><address>FIT STAR Holding GmbH &amp; Co. KG</address><city>München</city><zip>81379</zip><email>info@fit-star.de</email><website>https://www.fit-star.de/</website><fax>08978072727</fax><hotline>08978064477</hotline><Weitere_Adressen_name></Weitere_Adressen_name><Weitere_Adressen_link></Weitere_Adressen_link><form_field>Kundennummer</form_field><subject>Sehr geehrte Damen und Herren,</subject><letter_text>hiermit kündige ich meine oben genannte Mitgliedschaft fristgerecht zum nächstmöglichen Zeitpunkt. Bitte senden Sie mir eine schriftliche Bestätigung der Kündigung unter Angabe des Beendigungszeitpunktes zu.</letter_text></item>
<item><category>Mitgliedschaft</category><source_url>https://www.aboalarm.de/kuendigung-adresse/fitnessstudio/easy-sports-freizeitanlagen</source_url><sub_category>Fitnessstudio</sub_category><company>easy sports Freizeitanlagen</company><full_address>easy sports Freizeitanlagen GmbH Lembergstraße 52 72766 Reutlingen</full_address><address>easy sports Freizeitanlagen GmbH</address><city>Reutlingen</city><zip>72766</zip><email>easy-sports@z-m-v.de</email><website>http://easy-sports.com/</website><fax>(0 71 21) 14 48 14 99</fax><hotline>072616590333</hotline><Weitere_Adressen_name>easy Sports Freizeitanlagen</Weitere_Adressen_name><Weitere_Adressen_link>https://www.aboalarm.de/kuendigung-adresse/fitnessstudio/easy-sports-freizeitanlagen-stuttgart</Weitere_Adressen_link><form_field>Kundennummer</form_field><subject>Sehr geehrte Damen und Herren,</subject><letter_text>hiermit kündige ich meine oben genannte Mitgliedschaft fristgerecht zum nächstmöglichen Zeitpunkt. Bitte senden Sie mir eine schriftliche Bestätigung der Kündigung unter Angabe des Beendigungszeitpunktes zu.</letter_text></item>
<item><category>Mitgliedschaft</category><source_url>https://www.aboalarm.de/kuendigung-adresse/fitnessstudio/day-night-sports</source_url><sub_category>Fitnessstudio</sub_category><company>Day Night Sports</company><full_address>Day Night Sports GmbH Haseldehnen 8 49124 Georgsmarienhütte</full_address><address>Day Night Sports GmbH</address><city>Georgsmarienhütte</city><zip>49124</zip><email>mitgliederverwaltung@day-night-sports.de</email><website>http://day-night-sports.de</website><fax>None</fax><hotline>054018966494</hotline><Weitere_Adressen_name>Day Night Sports</Weitere_Adressen_name><Weitere_Adressen_link>https://www.aboalarm.de/kuendigung-adresse/fitnessstudio/day-night-sports-lahntal-caldern</Weitere_Adressen_link><form_field>Kundennummer</form_field><subject>Sehr geehrte Damen und Herren,</subject><letter_text>hiermit kündige ich meine oben genannte Mitgliedschaft fristgerecht zum nächstmöglichen Zeitpunkt. Bitte senden Sie mir eine schriftliche Bestätigung der Kündigung unter Angabe des Beendigungszeitpunktes zu.</letter_text></item>
</items>