<?xml version="1.0" encoding="utf-8"?>
<items>
<item><category>Mitgliedschaft</category><source_url>https://www.aboalarm.de/kuendigung-adresse/mitgliedschaft/ig-metall</source_url><sub_category> Gewerkschaft</sub_category><company>IG Metall</company><full_address>IG Metall 60519 Frankfurt</full_address><address>IG Metall</address><city>Frankfurt</city><zip>60519</zip><email>069 / 6693-0</email><website>https://www.igmetall.de/</website><fax>None</fax><hotline>06966930</hotline><Weitere_Adressen_name>IG Metall Berlin,IG Metall Detmold,IG Metall Düsseldorf-Neuss,IG Metall Gevelsberg-Hattingen,IG Metall Hanau-Fulda,IG Metall Heidelberg,IG Metall Herford,IG Metall Krefeld,IG Metall Landshut,IG Metall Ludwigshafen - Frankenthal,IG Metall Mittelhessen,IG Metall Mönchengladbach,IG Metall Neustadt,IG Metall Passau,IG Metall Regensburg,IG Metall Siegen,IG Metall Stuttgart</Weitere_Adressen_name><Weitere_Adressen_link>https://www.aboalarm.de/kuendigung-adresse/mitgliedschaft/ig-metall-berlin,https://www.aboalarm.de/kuendigung-adresse/gewerkschaft/ig-metall-detmold,https://www.aboalarm.de/kuendigung-adresse/gewerkschaft/ig-metall-duesseldorf-neuss,https://www.aboalarm.de/kuendigung-adresse/abonnement/ig-metall,https://www.aboalarm.de/kuendigung-adresse/mitgliedschaft/ig-metall-hanau-fulda,https://www.aboalarm.de/kuendigung-adresse/gewerkschaft/ig-metall-heidelberg,https://www.aboalarm.de/kuendigung-adresse/mitgliedschaft/ig-metall-herford,https://www.aboalarm.de/kuendigung-adresse/gewerkschaft/ig-metall-krefeld,https://www.aboalarm.de/kuendigung-adresse/gewerkschaft/ig-metall-landshut,https://www.aboalarm.de/kuendigung-adresse/mitgliedschaft/ig-metall-ludwigshafen-frankenthal,https://www.aboalarm.de/kuendigung-adresse/gewerkschaft/ig-metall-mittelhessen,https://www.aboalarm.de/kuendigung-adresse/mitgliedschaft/ig-metall-moenchengladbach,https://www.aboalarm.de/kuendigung-adresse/gewerkschaft/ig-metall-neustadt,https://www.aboalarm.de/kuendigung-adresse/mitgliedschaft/ig-metall-passau,https://www.aboalarm.de/kuendigung-adresse/gewerkschaft/ig-metall-regensburg,https://www.aboalarm.de/kuendigung-adresse/gewerkschaft/ig-metall-siegen,https://www.aboalarm.de/kuendigung-adresse/mitgliedschaft/ig-metall-stuttgart</Weitere_Adressen_link><form_field>Kundennummer</form_field><subject>Sehr geehrte Damen und Herren,</subject><letter_text>hiermit kündige ich meinen IG Metall-Vertrag fristgerecht zum nächstmöglichen Zeitpunkt. Bitte senden Sie mir eine schriftliche Bestätigung der Kündigung unter Angabe des Beendigungszeitpunktes zu.</letter_text></item>
</items>