<?xml version="1.0" encoding="utf-8"?>
<items>
<item><category>Versicherung</category><source_url>https://www.aboalarm.de/kuendigung-adresse/haftpflichtversicherung/zurich</source_url><sub_category>Haftpflichtversicherung</sub_category><company>Zurich Haftpflichtversicherung</company><full_address>Zurich Gruppe Deutschland Poppelsdorfer Allee 25-33 53115 Bonn</full_address><address>Zurich Gruppe Deutschland</address><city>Bonn</city><zip>53115</zip><email>service@zurich.de</email><website>https://www.zurich.de</website><fax>02282683952</fax><hotline>022826801</hotline><Weitere_Adressen_name>Zurich Bausparkasse,Zurich Berufsunfähigkeitsversicherung,Zurich Betriebshaftpflichtversicherung,Zurich Erwerbsunfähigkeitsversicherung,Zurich Gebäudeversicherung,Zurich Glasversicherung,Zurich Haus-/Grundbesitzerhaftpflichtversicherung,Zurich Hausratversicherung,Zurich KFZ-Versicherung,Zurich Lebensversicherung,Zurich MultiPlus Versicherung,Zurich Pflegeversicherung,Zurich Reisegepäckversicherung,Zurich Rentenversicherung,Zurich Riester-Rente,Zurich Risiko-Lebensversicherung,Zurich Schwere Krankheiten (Dread Disease) Versicherung,Zurich Sterbegeldversicherung,Zurich Tierhalterhaftpflichtversicherung,Zurich Unfallversicherung,Zurich Wohngebäudeversicherung</Weitere_Adressen_name><Weitere_Adressen_link>https://www.aboalarm.de/kuendigung-adresse/bausparvertrag/zurich,https://www.aboalarm.de/kuendigung-adresse/berufsunfaehigkeitsversicherung/zurich-deutscher-herold,https://www.aboalarm.de/kuendigung-adresse/haftpflichtversicherung/zurich-betriebshaftpflichtversicherung,https://www.aboalarm.de/kuendigung-adresse/rentenversicherung/zurich-erwerbsunfaehigkeitsversicherung,https://www.aboalarm.de/kuendigung-adresse/versicherung/zurich-gebaeudeversicherung,https://www.aboalarm.de/kuendigung-adresse/versicherung/zurich-glasversicherung,https://www.aboalarm.de/kuendigung-adresse/haftpflichtversicherung/zurich-haus-grundbesitzerhaftpflichtversicherung,https://www.aboalarm.de/kuendigung-adresse/hausratversicherung/zurich,https://www.aboalarm.de/kuendigung-adresse/kfz-versicherung/zurich,https://www.aboalarm.de/kuendigung-adresse/lebensversicherung/zurich,https://www.aboalarm.de/kuendigung-adresse/versicherung/zurich-multiplus-versicherung,https://www.aboalarm.de/kuendigung-adresse/krankenversicherung/zurich-pflegeversicherung,https://www.aboalarm.de/kuendigung-adresse/reiseversicherung/zurich,https://www.aboalarm.de/kuendigung-adresse/rentenversicherung/zurich-deutscher-herold,https://www.aboalarm.de/kuendigung-adresse/rentenversicherung/zurich-riester-rente,https://www.aboalarm.de/kuendigung-adresse/lebensversicherung/zurich-risiko-lebensversicherung,https://www.aboalarm.de/kuendigung-adresse/krankenversicherung/zurich-schwere-krankheiten-dread-disease-versicherung,https://www.aboalarm.de/kuendigung-adresse/versicherung/zurich-sterbegeldversicherung,https://www.aboalarm.de/kuendigung-adresse/haftpflichtversicherung/zurich-tierhalterhaftpflichtversicherung,https://www.aboalarm.de/kuendigung-adresse/unfallversicherung/zurich-unfallversicherung,https://www.aboalarm.de/kuendigung-adresse/versicherung/zurich-wohngebaeudeversicherung</Weitere_Adressen_link><form_field>Versicherungsnummer</form_field><subject>Sehr geehrte Damen und Herren,</subject><letter_text>hiermit kündige ich meine oben genannte Haftpflichtversicherung fristgerecht zum nächstmöglichen Zeitpunkt. Bitte senden Sie mir eine schriftliche Bestätigung der Kündigung unter Angabe des Beendigungszeitpunktes zu.</letter_text></item>
<item><category>Versicherung</category><source_url>https://www.aboalarm.de/kuendigung-adresse/haftpflichtversicherung/wuerttembergische</source_url><sub_category>Haftpflichtversicherung</sub_category><company>Württembergische Haftpflichtversicherung</company><full_address>Württembergische Versicherung AG Haftpflichtversicherung Gutenbergstr. 30 70176  Stuttgart</full_address><address>Württembergische Versicherung AG</address><city>Stuttgart</city><zip>70176 </zip><email>info@wuerttembergische.de</email><website>http://www.wuerttembergische.de</website><fax>0711 662 829400</fax><hotline>07116620</hotline><Weitere_Adressen_name>Württembergische Auslandskrankenversicherung,Württembergische Berufsunfähigkeitsversicherung,Württembergische Elektronikversicherung,Württembergische Gemeinde-Versicherung Haftpflichtvericherung,Württembergische Gemeinde-Versicherung Hausratversicherung,Württembergische Gemeinde-Versicherung KFZ-Versicherung,Württembergische Gemeinde-Versicherung Lebensversicherung,Württembergische Gemeinde-Versicherung Rechtsschutzversicherung,Württembergische Gemeinde-Versicherung Unfallversicherung,Württembergische Glasversicherung,Württembergische Haus-/Grundbesitzerhaftpflichtversicherung,Württembergische Hausratversicherung,Württembergische KFZ-Versicherung,Württembergische Krankenversicherung,Württembergische Lebensversicherung,Württembergische Pflegeversicherung,Württembergische Private Krankenvollversicherung,Württembergische Rechtsschutzversicherung,Württembergische Rentenversicherung,Württembergische Riester-Rente,Württembergische Risiko-Lebensversicherung,Württembergische Schwere Krankheiten (Dread Disease) Versicherung,Württembergische Sterbegeldversicherung,Württembergische Tierhalterhaftpflichtversicherung,Württembergische Versicherung,Württembergische Wohngebäudeversicherung,Württembergische Zahnzusatzversicherung</Weitere_Adressen_name><Weitere_Adressen_link>https://www.aboalarm.de/kuendigung-adresse/krankenversicherung/wuerttembergische-auslandskrankenversicherung,https://www.aboalarm.de/kuendigung-adresse/berufsunfaehigkeitsversicherung/wuerttembergische-versicherung,https://www.aboalarm.de/kuendigung-adresse/versicherung/wuerttembergische-elektronikversicherung,https://www.aboalarm.de/kuendigung-adresse/haftpflichtversicherung/wuerttembergische-gemeinde,https://www.aboalarm.de/kuendigung-adresse/hausratversicherung/wuerttembergische-gemeinde,https://www.aboalarm.de/kuendigung-adresse/kfz-versicherung/wgv,https://www.aboalarm.de/kuendigung-adresse/lebensversicherung/wuerttembergische-gemeinde,https://www.aboalarm.de/kuendigung-adresse/rechtsschutzversicherung/wuerttembergische-gemeinde,https://www.aboalarm.de/kuendigung-adresse/unfallversicherung/wuerttembergische-gemeinde,https://www.aboalarm.de/kuendigung-adresse/versicherung/wuerttembergische-glasversicherung,https://www.aboalarm.de/kuendigung-adresse/haftpflichtversicherung/wuerttembergische-haus-grundbesitzerhaftpflichtversicherung,https://www.aboalarm.de/kuendigung-adresse/abonnement/wuerttembergische-hausratversicherung,https://www.aboalarm.de/kuendigung-adresse/kfz-versicherung/wuerttembergische-kfz-versicherung,https://www.aboalarm.de/kuendigung-adresse/krankenversicherung/wuerttembergische,https://www.aboalarm.de/kuendigung-adresse/lebensversicherung/wuerttembergische,https://www.aboalarm.de/kuendigung-adresse/krankenversicherung/wuerttembergische-pflegeversicherung,https://www.aboalarm.de/kuendigung-adresse/krankenversicherung/wuerttembergische-private-krankenvollversicherung,https://www.aboalarm.de/kuendigung-adresse/rechtsschutzversicherung/wuerttembergische,https://www.aboalarm.de/kuendigung-adresse/rentenversicherung/wuerttembergische,https://www.aboalarm.de/kuendigung-adresse/rentenversicherung/wuerttembergische-riester-rente,https://www.aboalarm.de/kuendigung-adresse/lebensversicherung/wuerttembergische-risiko-lebensversicherung,https://www.aboalarm.de/kuendigung-adresse/krankenversicherung/wuerttembergische-schwere-krankheiten-dread-disease-versicherung,https://www.aboalarm.de/kuendigung-adresse/versicherung/wuerttembergische-sterbegeldversicherung,https://www.aboalarm.de/kuendigung-adresse/haftpflichtversicherung/wuerttembergische-tierhalterhaftpflichtversicherung,https://www.aboalarm.de/kuendigung-adresse/versicherung/wuerttembergische-versicherung,https://www.aboalarm.de/kuendigung-adresse/versicherung/wuerttembergische-wohngebaeudeversicherung,https://www.aboalarm.de/kuendigung-adresse/zahnzusatzversicherung/wuerttembergische</Weitere_Adressen_link><form_field>Versicherungsnummer</form_field><subject>Sehr geehrte Damen und Herren,</subject><letter_text>hiermit kündige ich meine oben genannte Haftpflichtversicherung fristgerecht zum nächstmöglichen Zeitpunkt. Bitte senden Sie mir eine schriftliche Bestätigung der Kündigung unter Angabe des Beendigungszeitpunktes zu.</letter_text></item>
<item><category>Versicherung</category><source_url>https://www.aboalarm.de/kuendigung-adresse/haftpflichtversicherung/signal-iduna</source_url><sub_category>Haftpflichtversicherung</sub_category><company>Signal Iduna Haftpflichtversicherung</company><full_address>Signal Iduna Gruppe Joseph-Scherer-Str. 3 44139  Dortmund</full_address><address>Signal Iduna Gruppe</address><city>Dortmund</city><zip>44139 </zip><email>info@signal-iduna.de</email><website>http://www.signal-iduna.de</website><fax> 0231/1354638</fax><hotline>02311350</hotline><Weitere_Adressen_name>Signal Iduna  Schwere Krankheiten (Dread Disease) Versicherung,Signal Iduna Altersvorsorge,SIGNAL IDUNA Bauspar,Signal Iduna Berufsunfähigkeitsversicherung,Signal Iduna Depot,SIGNAL IDUNA Elektronikschadenversicherung,Signal Iduna Elektronikversicherung,SIGNAL IDUNA Elementarschadenversicherung,Signal Iduna Glasversicherung,Signal Iduna Haus-/Grundbesitzerhaftpflichtversicherung,SIGNAL IDUNA Haushaltglasversicherung,Signal Iduna Hausratversicherung,Signal Iduna KFZ-Versicherung,Signal Iduna Krankenversicherung,SIGNAL IDUNA Lebensversicherung,SIGNAL IDUNA Pflegepflichtversicherung,Signal Iduna Rechtsschutzversicherung,Signal Iduna Reisegepäckversicherung,Signal Iduna Reiseversicherung,Signal Iduna Rentenversicherung,Signal Iduna Riester-Rente,Signal Iduna Sterbegeldversicherung,Signal Iduna Tierhalterhaftpflichtversicherung,Signal Iduna Unfallversicherung,Signal Iduna Wohngebäudeversicherung</Weitere_Adressen_name><Weitere_Adressen_link>https://www.aboalarm.de/kuendigung-adresse/krankenversicherung/signal-iduna-schwere-krankheiten-dread-disease-versicherung,https://www.aboalarm.de/kuendigung-adresse/rentenversicherung/signal-iduna-altersvorsorge,https://www.aboalarm.de/kuendigung-adresse/bausparvertrag/signal-iduna,https://www.aboalarm.de/kuendigung-adresse/berufsunfaehigkeitsversicherung/signal-iduna,https://www.aboalarm.de/kuendigung-adresse/finanzen/signal-iduna-depot,https://www.aboalarm.de/kuendigung-adresse/hausratversicherung/signal-iduna-elektronikschadenversicherung,https://www.aboalarm.de/kuendigung-adresse/versicherung/signal-iduna-elektronikversicherung,https://www.aboalarm.de/kuendigung-adresse/hausratversicherung/signal-iduna-elementarschadenversicherung,https://www.aboalarm.de/kuendigung-adresse/versicherung/signal-iduna-glasversicherung,https://www.aboalarm.de/kuendigung-adresse/haftpflichtversicherung/signal-iduna-haus-grundbesitzerhaftpflichtversicherung,https://www.aboalarm.de/kuendigung-adresse/abonnement/signal-iduna-haushaltglasversicherung,https://www.aboalarm.de/kuendigung-adresse/hausratversicherung/signal-iduna,https://www.aboalarm.de/kuendigung-adresse/kfz-versicherung/signal-iduna,https://www.aboalarm.de/kuendigung-adresse/krankenversicherung/signal-iduna,https://www.aboalarm.de/kuendigung-adresse/lebensversicherung/signal-iduna,https://www.aboalarm.de/kuendigung-adresse/versicherung/signal-iduna-pflegepflichtversicherung,https://www.aboalarm.de/kuendigung-adresse/rechtsschutzversicherung/signal-iduna,https://www.aboalarm.de/kuendigung-adresse/reiseversicherung/signal-iduna,https://www.aboalarm.de/kuendigung-adresse/reiseversicherung/signal-iduna-reiseversicherung,https://www.aboalarm.de/kuendigung-adresse/rentenversicherung/signal-iduna,https://www.aboalarm.de/kuendigung-adresse/rentenversicherung/signal-iduna-riester-rente,https://www.aboalarm.de/kuendigung-adresse/versicherung/signal-iduna-sterbegeldversicherung,https://www.aboalarm.de/kuendigung-adresse/haftpflichtversicherung/signal-iduna-tierhalterhaftpflichtversicherung,https://www.aboalarm.de/kuendigung-adresse/unfallversicherung/signal-iduna-unfallversicherung,https://www.aboalarm.de/kuendigung-adresse/versicherung/signal-iduna-wohngebaeudeversicherung</Weitere_Adressen_link><form_field>Versicherungsnummer</form_field><subject>Sehr geehrte Damen und Herren,</subject><letter_text>hiermit kündige ich meine oben genannte Haftpflichtversicherung fristgerecht zum nächstmöglichen Zeitpunkt. Bitte senden Sie mir eine schriftliche Bestätigung der Kündigung unter Angabe des Beendigungszeitpunktes zu.</letter_text></item>
<item><category>Versicherung</category><source_url>https://www.aboalarm.de/kuendigung-adresse/haftpflichtversicherung/muenchener-verein</source_url><sub_category>Haftpflichtversicherung</sub_category><company>Münchener Verein Haftpflichtversicherung</company><full_address>Münchener Verein Versicherungsgruppe 80283  München</full_address><address>Münchener Verein Versicherungsgruppe</address><city>München</city><zip>80283 </zip><email>-</email><website>http://www.muenchener-verein.de</website><fax> 089/51521501</fax><hotline>0 089-51521000</hotline><Weitere_Adressen_name>Münchener Verein,Münchener Verein Altersvorsorge,Münchener Verein Auslandskrankenversicherung,Münchener Verein Berufsunfähigkeitsversicherung,Münchener Verein Glasversicherung,Münchener Verein Haus-/Grundbesitzerhaftpflichtversicherung,Münchener Verein Hausratversicherung,Münchener Verein KFZ-Versicherung,Münchener Verein Krankenzusatzversicherung,Münchener Verein Lebensversicherung,Münchener Verein Pflegeversicherung,Münchener Verein Private Krankenvollversicherung,Münchener Verein Rechtsschutzversicherung,Münchener Verein Schwere Krankheiten (Dread Disease) Versicherung,Münchener Verein Sterbegeldversicherung,Münchener Verein Tierhalterhaftpflichtversicherung,Münchener Verein Unfallversicherung,Münchener Verein Wohngebäudeversicherung,Münchener Verein Zahnzusatzversicherung</Weitere_Adressen_name><Weitere_Adressen_link>https://www.aboalarm.de/kuendigung-adresse/versicherung/muenchener-verein,https://www.aboalarm.de/kuendigung-adresse/rentenversicherung/muenchener-verein-altersvorsorge,https://www.aboalarm.de/kuendigung-adresse/krankenversicherung/muenchener-verein-ausland,https://www.aboalarm.de/kuendigung-adresse/berufsunfaehigkeitsversicherung/muenchener-verein,https://www.aboalarm.de/kuendigung-adresse/versicherung/muenchener-verein-glasversicherung,https://www.aboalarm.de/kuendigung-adresse/haftpflichtversicherung/muenchener-verein-haus-grundbesitzer,https://www.aboalarm.de/kuendigung-adresse/hausratversicherung/muenchener-verein,https://www.aboalarm.de/kuendigung-adresse/kfz-versicherung/muenchener-verein,https://www.aboalarm.de/kuendigung-adresse/krankenversicherung/muenchener-verein-zusatz,https://www.aboalarm.de/kuendigung-adresse/lebensversicherung/muenchener-verein,https://www.aboalarm.de/kuendigung-adresse/krankenversicherung/muenchener-verein-pflege,https://www.aboalarm.de/kuendigung-adresse/krankenversicherung/muenchener-verein-krankenvoll,https://www.aboalarm.de/kuendigung-adresse/rechtsschutzversicherung/muenchener-verein,https://www.aboalarm.de/kuendigung-adresse/krankenversicherung/muenchener-verein-dread-disease,https://www.aboalarm.de/kuendigung-adresse/versicherung/muenchener-verein-sterbegeldversicherung,https://www.aboalarm.de/kuendigung-adresse/haftpflichtversicherung/muenchener-verein-tierhalter,https://www.aboalarm.de/kuendigung-adresse/unfallversicherung/muenchener-verein,https://www.aboalarm.de/kuendigung-adresse/versicherung/muenchener-verein-wohngebaeudeversicherung,https://www.aboalarm.de/kuendigung-adresse/zahnzusatzversicherung/muenchener-verein</Weitere_Adressen_link><form_field>Versicherungsnummer</form_field><subject>Sehr geehrte Damen und Herren,</subject><letter_text>hiermit kündige ich meine oben genannte Haftpflichtversicherung fristgerecht zum nächstmöglichen Zeitpunkt. Bitte senden Sie mir eine schriftliche Bestätigung der Kündigung unter Angabe des Beendigungszeitpunktes zu.</letter_text></item>
<item><category>Versicherung</category><source_url>https://www.aboalarm.de/kuendigung-adresse/haftpflichtversicherung/karstadtquelle</source_url><sub_category>Haftpflichtversicherung</sub_category><company>KarstadtQuelle Versicherung</company><full_address>KarstadtQuelle Versicherungs AG Karl-Martell-Str.  60 90431  Nürnberg</full_address><address>KarstadtQuelle Versicherungs AG</address><city>Nürnberg</city><zip>90431 </zip><email>None</email><website>http://www.kqv.de</website><fax>0800 701 11 11</fax><hotline>0 0800-5554000</hotline><Weitere_Adressen_name>KarstadtQuelle Hausratversicherung,KarstadtQuelle KFZ-Versicherung,KarstadtQuelle Krankenversicherung,KarstadtQuelle Lebensversicherung</Weitere_Adressen_name><Weitere_Adressen_link>https://www.aboalarm.de/kuendigung-adresse/hausratversicherung/karstadtquelle,https://www.aboalarm.de/kuendigung-adresse/kfz-versicherung/karstadtquelle,https://www.aboalarm.de/kuendigung-adresse/krankenversicherung/karstadtquelle,https://www.aboalarm.de/kuendigung-adresse/rentenversicherung/karstadtquelle</Weitere_Adressen_link><form_field>Versicherungsnummer</form_field><subject>Sehr geehrte Damen und Herren,</subject><letter_text>hiermit kündige ich meine oben genannte Haftpflichtversicherung fristgerecht zum nächstmöglichen Zeitpunkt. Bitte senden Sie mir eine schriftliche Bestätigung der Kündigung unter Angabe des Beendigungszeitpunktes zu.</letter_text></item>
<item><category>Versicherung</category><source_url>https://www.aboalarm.de/kuendigung-adresse/haftpflichtversicherung/hdi</source_url><sub_category>Haftpflichtversicherung</sub_category><company>HDI Haftpflichtversicherung</company><full_address>HDI Versicherung AG HDI Platz 1 30659 Hannover</full_address><address>HDI Versicherung AG</address><city>Hannover</city><zip>30659</zip><email>sach.vertrag@hdi.de</email><website>http://www.hdi.de</website><fax>05116451152916</fax><hotline>05113806-3806</hotline><Weitere_Adressen_name>HDI Berufsunfähigkeitsversicherung,HDI Erwerbsunfähigkeitsversicherung,HDI Glasversicherung,HDI Haus-/Grundbesitzerhaftpflichtversicherung,HDI Hausratversicherung,HDI KFZ-Versicherung,HDI Lebensversicherung,HDI Pflegeversicherung,HDI Privatschutzversicherung,HDI Rechtsschutzversicherung,HDI Rentenversicherung,HDI Riester-Rente,HDI Schwere Krankheiten (Dread Disease) Versicherung,HDI Sterbegeldversicherung,HDI Tierhalterhaftpflichtversicherung,HDI Unfallversicherung,HDI Wohngebäudeversicherung</Weitere_Adressen_name><Weitere_Adressen_link>https://www.aboalarm.de/kuendigung-adresse/berufsunfaehigkeitsversicherung/hdi,https://www.aboalarm.de/kuendigung-adresse/rentenversicherung/hdi-erwerbsunfaehigkeitsversicherung,https://www.aboalarm.de/kuendigung-adresse/versicherung/hdi-glasversicherung,https://www.aboalarm.de/kuendigung-adresse/haftpflichtversicherung/hdi-haus-grundbesitzerhaftpflichtversicherung,https://www.aboalarm.de/kuendigung-adresse/hausratversicherung/hdi,https://www.aboalarm.de/kuendigung-adresse/kfz-versicherung/hdi,https://www.aboalarm.de/kuendigung-adresse/lebensversicherung/hdi,https://www.aboalarm.de/kuendigung-adresse/krankenversicherung/hdi-pflegeversicherung,https://www.aboalarm.de/kuendigung-adresse/versicherung/hdi-privatschutzversicherung,https://www.aboalarm.de/kuendigung-adresse/rechtsschutzversicherung/hdi,https://www.aboalarm.de/kuendigung-adresse/rentenversicherung/hdi,https://www.aboalarm.de/kuendigung-adresse/rentenversicherung/hdi-riester-rente,https://www.aboalarm.de/kuendigung-adresse/krankenversicherung/hdi-schwere-krankheiten-dread-disease-versicherung,https://www.aboalarm.de/kuendigung-adresse/versicherung/hdi-sterbegeldversicherung,https://www.aboalarm.de/kuendigung-adresse/haftpflichtversicherung/hdi-tierhalterhaftpflichtversicherung,https://www.aboalarm.de/kuendigung-adresse/unfallversicherung/hdi,https://www.aboalarm.de/kuendigung-adresse/versicherung/hdi-wohngebaeudeversicherung</Weitere_Adressen_link><form_field>Versicherungsnummer</form_field><subject>Sehr geehrte Damen und Herren,</subject><letter_text>hiermit kündige ich meine oben genannte Haftpflichtversicherung fristgerecht zum nächstmöglichen Zeitpunkt. Bitte senden Sie mir eine schriftliche Bestätigung der Kündigung unter Angabe des Beendigungszeitpunktes zu.</letter_text></item>
<item><category>Versicherung</category><source_url>https://www.aboalarm.de/kuendigung-adresse/haftpflichtversicherung/huk-coburg</source_url><sub_category>Haftpflichtversicherung</sub_category><company>Huk-Coburg Haftpflichtversicherung</company><full_address>Huk-Coburg Bahnhofsplatz  96445  Coburg</full_address><address>Huk-Coburg</address><city>Coburg</city><zip>96445 </zip><email>info@huk-coburg.de</email><website>http://www.huk.de</website><fax>08002153486</fax><hotline>0800 2153153</hotline><Weitere_Adressen_name>HUK-Coburg Auslandskrankenversicherung,HUK-COBURG Berufsunfähigkeitsversicherung,HUK-Coburg Glasversicherung,HUK-Coburg Haus-/Grundbesitzerhaftpflichtversicherung,Huk-Coburg Hausratversicherung,HUK-Coburg KFZ-Versicherung,Huk-Coburg Krankenversicherung,HUK-Coburg Krankenzusatzversicherung,Huk-Coburg Lebensversicherung,HUK-Coburg Pflegeversicherung,Huk-Coburg Rechtsschutzversicherung,Huk-Coburg Reiseversicherung,Huk-Coburg Riester-Rente,HUK-Coburg Sterbegeldversicherung,HUK-Coburg Tierhalterhaftpflichtversicherung,HUK-Coburg Unfallversicherung,Huk-Coburg Wohngebäudeversicherung,HUK-Coburg Zahnzusatzversicherung</Weitere_Adressen_name><Weitere_Adressen_link>https://www.aboalarm.de/kuendigung-adresse/krankenversicherung/huk-coburg-auslandskrankenversicherung,https://www.aboalarm.de/kuendigung-adresse/berufsunfaehigkeitsversicherung/huk-coburg,https://www.aboalarm.de/kuendigung-adresse/versicherung/huk-coburg-glasversicherung,https://www.aboalarm.de/kuendigung-adresse/haftpflichtversicherung/huk-coburg-haus-grundbesitzerhaftpflichtversicherung,https://www.aboalarm.de/kuendigung-adresse/hausratversicherung/huk-coburg,https://www.aboalarm.de/kuendigung-adresse/kfz-versicherung/huk-coburg,https://www.aboalarm.de/kuendigung-adresse/krankenversicherung/huk-coburg,https://www.aboalarm.de/kuendigung-adresse/krankenversicherung/huk-coburg-sonstige-krankenzusatzversicherung,https://www.aboalarm.de/kuendigung-adresse/lebensversicherung/huk-coburg,https://www.aboalarm.de/kuendigung-adresse/versicherung/huk-coburg-pflegeversicherung,https://www.aboalarm.de/kuendigung-adresse/rechtsschutzversicherung/huk-coburg,https://www.aboalarm.de/kuendigung-adresse/reiseversicherung/huk-coburg-reiseversicherung,https://www.aboalarm.de/kuendigung-adresse/rentenversicherung/huk-coburg-riester-rente,https://www.aboalarm.de/kuendigung-adresse/versicherung/huk-coburg-sterbegeldversicherung,https://www.aboalarm.de/kuendigung-adresse/haftpflichtversicherung/huk-coburg-tierhalterhaftpflichtversicherung,https://www.aboalarm.de/kuendigung-adresse/unfallversicherung/huk-coburg,https://www.aboalarm.de/kuendigung-adresse/versicherung/huk-coburg-wohngebaeudeversicherung,https://www.aboalarm.de/kuendigung-adresse/zahnzusatzversicherung/huk-coburg</Weitere_Adressen_link><form_field>Versicherungsnummer</form_field><subject>Sehr geehrte Damen und Herren,</subject><letter_text>hiermit kündige ich meine oben genannte Haftpflichtversicherung fristgerecht zum nächstmöglichen Zeitpunkt. Bitte senden Sie mir eine schriftliche Bestätigung der Kündigung unter Angabe des Beendigungszeitpunktes zu.</letter_text></item>
<item><category>Versicherung</category><source_url>https://www.aboalarm.de/kuendigung-adresse/haftpflichtversicherung/mannheimer</source_url><sub_category>Haftpflichtversicherung</sub_category><company>Mannheimer Haftpflichtversicherung</company><full_address>Mannheimer Versicherung AG Augustaanlage 66 68165  Mannheim</full_address><address>Mannheimer Versicherung AG</address><city>Mannheim</city><zip>68165 </zip><email>-</email><website>http://www.mannheimer.de</website><fax>0621 457 80 08</fax><hotline>06214578000</hotline><Weitere_Adressen_name>Mannheimer Altersvorsorge,Mannheimer Berufsunfähigkeitsversicherung,Mannheimer Erwerbsunfähigkeitsversicherung,Mannheimer Haus-/Grundbesitzerhaftpflichtversicherung,Mannheimer Hausratversicherung,Mannheimer KFZ-Versicherung,Mannheimer Krankenversicherung,Mannheimer Morgen,Mannheimer Morgen-Rhein Neckar,Mannheimer Pflegeversicherung,Mannheimer Rechtsschutzversicherung,Mannheimer Risiko-Lebensversicherung,Mannheimer Sterbegeldversicherung,Mannheimer Tierhalterhaftpflichtversicherung,Mannheimer Unfallversicherung,Mannheimer Versicherung,Mannheimer Wohngebäudeversicherung</Weitere_Adressen_name><Weitere_Adressen_link>https://www.aboalarm.de/kuendigung-adresse/rentenversicherung/mannheimer-altersvorsorge,https://www.aboalarm.de/kuendigung-adresse/berufsunfaehigkeitsversicherung/mannheimer,https://www.aboalarm.de/kuendigung-adresse/rentenversicherung/mannheimer-erwerbsunfaehigkeitsversicherung,https://www.aboalarm.de/kuendigung-adresse/haftpflichtversicherung/mannheimer-haus-grundbesitzerhaftpflichtversicherung,https://www.aboalarm.de/kuendigung-adresse/hausratversicherung/mannheimer-versicherung,https://www.aboalarm.de/kuendigung-adresse/kfz-versicherung/mannheimer-versicherung,https://www.aboalarm.de/kuendigung-adresse/krankenversicherung/mannheimer-versicherung,https://www.aboalarm.de/kuendigung-adresse/zeitung/mannheimer-morgen,https://www.aboalarm.de/kuendigung-adresse/zeitung/mannheimer-morgen-rhein-neckar,https://www.aboalarm.de/kuendigung-adresse/krankenversicherung/mannheimer-pflegeversicherung,https://www.aboalarm.de/kuendigung-adresse/rechtsschutzversicherung/mannheimer,https://www.aboalarm.de/kuendigung-adresse/lebensversicherung/mannheimer-risiko-lebensversicherung,https://www.aboalarm.de/kuendigung-adresse/versicherung/mannheimer-sterbegeldversicherung,https://www.aboalarm.de/kuendigung-adresse/haftpflichtversicherung/mannheimer-tierhalterhaftpflichtversicherung,https://www.aboalarm.de/kuendigung-adresse/unfallversicherung/mannheimer,https://www.aboalarm.de/kuendigung-adresse/versicherung/mannheimer-versicherung,https://www.aboalarm.de/kuendigung-adresse/versicherung/mannheimer-wohngebaeudeversicherung</Weitere_Adressen_link><form_field>Versicherungsnummer</form_field><subject>Sehr geehrte Damen und Herren,</subject><letter_text>hiermit kündige ich meine oben genannte Haftpflichtversicherung fristgerecht zum nächstmöglichen Zeitpunkt. Bitte senden Sie mir eine schriftliche Bestätigung der Kündigung unter Angabe des Beendigungszeitpunktes zu.</letter_text></item>
<item><category>Versicherung</category><source_url>https://www.aboalarm.de/kuendigung-adresse/haftpflichtversicherung/volkswohl-bund</source_url><sub_category>Haftpflichtversicherung</sub_category><company>Volkswohl Bund Haftpflichtversicherung</company><full_address>Volkswohl Bund Versicherung AG Haftpflichtversicherung Südwall 37 - 41 44137  Dortmund</full_address><address>Volkswohl Bund Versicherung AG</address><city>-</city><zip>Südwall 37</zip><email>info@volkswohl-bund.de</email><website>http://www.volkswohl-bund.de</website><fax>0231/54 33 - 400</fax><hotline>0231/54 33 - 0</hotline><Weitere_Adressen_name>Volkswohl Bund  Berufsunfähigkeitsversicherung,Volkswohl Bund Erwerbsunfähigkeitsversicherung,Volkswohl Bund Glasversicherung,Volkswohl Bund Haus-/Grundbesitzerhaftpflichtversicherung,Volkswohl Bund Hausratversicherung,Volkswohl Bund KFZ-Versicherung,Volkswohl Bund Lebensversicherung,Volkswohl Bund Rechtsschutzversicherung,Volkswohl Bund Rentenversicherung,Volkswohl Bund Riester-Rente,Volkswohl Bund Risiko-Lebensversicherung,Volkswohl Bund Schwere Krankheiten (Dread Disease) Versicherung,Volkswohl Bund Tierhalterhaftpflichtversicherung,Volkswohl Bund Unfallversicherung,Volkswohl Bund Wohngebäudeversicherung</Weitere_Adressen_name><Weitere_Adressen_link>https://www.aboalarm.de/kuendigung-adresse/berufsunfaehigkeitsversicherung/volkswohl-bund,https://www.aboalarm.de/kuendigung-adresse/rentenversicherung/volkswohl-bund-erwerbsunfaehigkeitsversicherung,https://www.aboalarm.de/kuendigung-adresse/versicherung/volkswohl-bund-glasversicherung,https://www.aboalarm.de/kuendigung-adresse/haftpflichtversicherung/volkswohl-bund-haus-grundbesitzerhaftpflichtversicherung,https://www.aboalarm.de/kuendigung-adresse/hausratversicherung/volkswohl-bund,https://www.aboalarm.de/kuendigung-adresse/kfz-versicherung/volkswohl-bund,https://www.aboalarm.de/kuendigung-adresse/lebensversicherung/volkswohl-bund-versicherung,https://www.aboalarm.de/kuendigung-adresse/rechtsschutzversicherung/volkswohl-bund,https://www.aboalarm.de/kuendigung-adresse/rentenversicherung/volkswohl-bund,https://www.aboalarm.de/kuendigung-adresse/rentenversicherung/volkswohl-bund-rieser-rente,https://www.aboalarm.de/kuendigung-adresse/lebensversicherung/volkswohl-versicherungen,https://www.aboalarm.de/kuendigung-adresse/krankenversicherung/volkswohl-bund-schwere-krankheiten-dread-disease-versicherung,https://www.aboalarm.de/kuendigung-adresse/haftpflichtversicherung/volkswohl-bund-tierhalterhaftpflichtversicherung,https://www.aboalarm.de/kuendigung-adresse/unfallversicherung/volkswohl-bund,https://www.aboalarm.de/kuendigung-adresse/versicherung/volkswohl-bund-wohngebaeudeversicherung</Weitere_Adressen_link><form_field>Versicherungsnummer</form_field><subject>Sehr geehrte Damen und Herren,</subject><letter_text>hiermit kündige ich meine oben genannte Haftpflichtversicherung fristgerecht zum nächstmöglichen Zeitpunkt. Bitte senden Sie mir eine schriftliche Bestätigung der Kündigung unter Angabe des Beendigungszeitpunktes zu.</letter_text></item>
<item><category>Versicherung</category><source_url>https://www.aboalarm.de/kuendigung-adresse/haftpflichtversicherung/hansemerkur</source_url><sub_category>Haftpflichtversicherung</sub_category><company>HanseMerkur Haftpflichtversicherung</company><full_address>HanseMerkur Allgemeine Versicherung AG Siegfried-Wedells-Platz  1 20354  Hamburg</full_address><address>HanseMerkur Allgemeine Versicherung AG</address><city>Hamburg</city><zip>20354 </zip><email>info@hansemerkur.de</email><website>http://www.hansemerkur.de</website><fax> 040/41193257</fax><hotline>04041190</hotline><Weitere_Adressen_name>HanseMerkur Auslandskrankenversicherung,HanseMerkur Berufsunfähigkeitsversicherung,HanseMerkur Glasversicherung,HanseMerkur Haus-/Grundbesitzerhaftpflichtversicherung,HanseMerkur Hausratversicherung,HanseMerkur Hunde-OP Versicherung,HanseMerkur KFZ-Versicherung,HanseMerkur Krankenversicherung,HanseMerkur Krankenzusatzversicherung,HanseMerkur Lebensversicherung,HanseMerkur Pflegeversicherung,HanseMerkur Private Krankenvollversicherung,HanseMerkur Rechtsschutzversicherung,HanseMerkur Reisegepäckversicherung,HanseMerkur Reiseunfallversicherung,HanseMerkur Reiseversicherung,HanseMerkur Rentenversicherung,HanseMerkur Risiko-Lebensversicherung,HanseMerkur Schwere Krankheiten (Dread Disease) Versicherung,HanseMerkur Speziale Krankenversicherung,HanseMerkur Sterbegeldversicherung,HanseMerkur Tierhalterhaftpflichtversicherung,HanseMerkur Unfallversicherung,HanseMerkur Versicherung,HanseMerkur Wohngebäudeversicherung,HanseMerkur Zahnzusatzversicherung</Weitere_Adressen_name><Weitere_Adressen_link>https://www.aboalarm.de/kuendigung-adresse/krankenversicherung/hansemerkur-auslandskrankenversicherung,https://www.aboalarm.de/kuendigung-adresse/berufsunfaehigkeitsversicherung/hansemerkur,https://www.aboalarm.de/kuendigung-adresse/versicherung/hansemerkur-glasversicherung,https://www.aboalarm.de/kuendigung-adresse/haftpflichtversicherung/hansemerkur-haus-grundbesitzerhaftpflichtversicherung,https://www.aboalarm.de/kuendigung-adresse/hausratversicherung/hansemerkur,https://www.aboalarm.de/kuendigung-adresse/krankenversicherung/hansemerkur-hunde-op-versicherung,https://www.aboalarm.de/kuendigung-adresse/kfz-versicherung/hansemerkur,https://www.aboalarm.de/kuendigung-adresse/krankenversicherung/hansemerkur,https://www.aboalarm.de/kuendigung-adresse/krankenversicherung/hansemerkur-sonstige-krankenzusatzversicherung,https://www.aboalarm.de/kuendigung-adresse/lebensversicherung/hansemerkur-lebensversicherung,https://www.aboalarm.de/kuendigung-adresse/krankenversicherung/hansemerkur-pflegeversicherung,https://www.aboalarm.de/kuendigung-adresse/krankenversicherung/hansemerkur-private-krankenvollversicherung,https://www.aboalarm.de/kuendigung-adresse/rechtsschutzversicherung/hansemerkur,https://www.aboalarm.de/kuendigung-adresse/reiseversicherung/hansemerkur-reisegepaeckversicherung,https://www.aboalarm.de/kuendigung-adresse/unfallversicherung/hansemerkur-reiseunfallversicherung,https://www.aboalarm.de/kuendigung-adresse/reiseversicherung/hansemerkur,https://www.aboalarm.de/kuendigung-adresse/rentenversicherung/hansemerkur,https://www.aboalarm.de/kuendigung-adresse/lebensversicherung/hansemerkur-risiko-lebensversicherung,https://www.aboalarm.de/kuendigung-adresse/krankenversicherung/hansemerkur-schwere-krankheiten-dread-disease-versicherung,https://www.aboalarm.de/kuendigung-adresse/krankenversicherung/hansemerkur-speziale-krankenversicherung,https://www.aboalarm.de/kuendigung-adresse/versicherung/hansemerkur-sterbegeldversicherung,https://www.aboalarm.de/kuendigung-adresse/haftpflichtversicherung/hansemerkur-tierhalterhaftpflichtversicherung,https://www.aboalarm.de/kuendigung-adresse/unfallversicherung/hansemerkur,https://www.aboalarm.de/kuendigung-adresse/versicherung/hansemerkur,https://www.aboalarm.de/kuendigung-adresse/versicherung/hansemerkur-wohngebaeudeversicherung,https://www.aboalarm.de/kuendigung-adresse/zahnzusatzversicherung/hansemerkur</Weitere_Adressen_link><form_field>Versicherungsnummer</form_field><subject>Sehr geehrte Damen und Herren,</subject><letter_text>hiermit kündige ich meine oben genannte Haftpflichtversicherung fristgerecht zum nächstmöglichen Zeitpunkt. Bitte senden Sie mir eine schriftliche Bestätigung der Kündigung unter Angabe des Beendigungszeitpunktes zu.</letter_text></item>
<item><category>Versicherung</category><source_url>https://www.aboalarm.de/kuendigung-adresse/haftpflichtversicherung/ergo</source_url><sub_category>Haftpflichtversicherung</sub_category><company>ERGO Haftpflichtversicherung</company><full_address>ERGO Versicherung AG Victoriaplatz 1 40477 Düsseldorf</full_address><address>ERGO Versicherung AG</address><city>Düsseldorf</city><zip>40477</zip><email>info@ergo.de</email><website>http://www.ergo.de</website><fax>01803 123460</fax><hotline>08003746000</hotline><Weitere_Adressen_name>ERGO Haftpflichtversicherung (ehemals ERGO Direkt)</Weitere_Adressen_name><Weitere_Adressen_link>https://www.aboalarm.de/kuendigung-adresse/haftpflichtversicherung/ergo-direkt-haftpflichtversicherung</Weitere_Adressen_link><form_field>Versicherungsnummer</form_field><subject>Sehr geehrte Damen und Herren,</subject><letter_text>hiermit kündige ich meine oben genannte Haftpflichtversicherung fristgerecht zum nächstmöglichen Zeitpunkt. Bitte senden Sie mir eine schriftliche Bestätigung der Kündigung unter Angabe des Beendigungszeitpunktes zu.</letter_text></item>
<item><category>Versicherung</category><source_url>https://www.aboalarm.de/kuendigung-adresse/haftpflichtversicherung/debeka</source_url><sub_category>Haftpflichtversicherung</sub_category><company>Debeka Haftpflichtversicherung</company><full_address>Debeka Allgemeine Versicherung AG Ferdinand-Sauerbruch-Straße 18 56073 Koblenz</full_address><address>Debeka Allgemeine Versicherung AG</address><city>Koblenz</city><zip>56073</zip><email>kundenservice@debeka.de</email><website>http://www.debeka.de</website><fax>02614985555</fax><hotline>02614984664</hotline><Weitere_Adressen_name>Debeka Auslandskrankenversicherung,Debeka Bausparkasse,Debeka Berufsunfähigkeitsversicherung,Debeka BKK,Debeka Glasversicherung,Debeka Haus-/Grundbesitzerhaftpflichtversicherung,Debeka Hausratversicherung,Debeka KFZ-Versicherung,Debeka Krankenversicherung,Debeka Krankenzusatzversicherung,Debeka Pensionskasse,Debeka Pflegeversicherung,Debeka Rechtsschutzversicherung,DEBEKA Reisegepäckversicherung,Debeka Rentenversicherung,Debeka Riester-Rente,Debeka Risiko-Lebensversicherung,Debeka Schwere Krankheiten (Dread Disease) Versicherung,Debeka Sterbegeldversicherung,Debeka Tierhalterhaftpflichtversicherung,Debeka Unfallversicherung,Debeka Wohngebäudeversicherung,Debeka Zahnzusatzversicherung</Weitere_Adressen_name><Weitere_Adressen_link>https://www.aboalarm.de/kuendigung-adresse/krankenversicherung/debeka-auslandskrankenversicherung,https://www.aboalarm.de/kuendigung-adresse/bausparvertrag/debeka,https://www.aboalarm.de/kuendigung-adresse/berufsunfaehigkeitsversicherung/debeka,https://www.aboalarm.de/kuendigung-adresse/krankenversicherung/debeka-bkk,https://www.aboalarm.de/kuendigung-adresse/versicherung/debeka-glasversicherung,https://www.aboalarm.de/kuendigung-adresse/haftpflichtversicherung/debeka-haus-grundbesitzerhaftpflichtversicherung,https://www.aboalarm.de/kuendigung-adresse/hausratversicherung/debeka,https://www.aboalarm.de/kuendigung-adresse/kfz-versicherung/debeka,https://www.aboalarm.de/kuendigung-adresse/krankenversicherung/debeka,https://www.aboalarm.de/kuendigung-adresse/krankenversicherung/debeka-sonstige-krankenzusatzversicherung,https://www.aboalarm.de/kuendigung-adresse/rentenversicherung/debeka-pensionskasse,https://www.aboalarm.de/kuendigung-adresse/krankenversicherung/debeka-pflegeversicherung,https://www.aboalarm.de/kuendigung-adresse/rechtsschutzversicherung/debeka,https://www.aboalarm.de/kuendigung-adresse/reiseversicherung/debeka,https://www.aboalarm.de/kuendigung-adresse/rentenversicherung/debeka,https://www.aboalarm.de/kuendigung-adresse/rentenversicherung/debeka-riester-rente,https://www.aboalarm.de/kuendigung-adresse/lebensversicherung/debeka-risiko-lebensversicherung,https://www.aboalarm.de/kuendigung-adresse/krankenversicherung/debeka-schwere-krankheiten-dread-disease-versicherung,https://www.aboalarm.de/kuendigung-adresse/versicherung/debeka-sterbegeldversicherung,https://www.aboalarm.de/kuendigung-adresse/haftpflichtversicherung/debeka-tierhalterhaftpflichtversicherung,https://www.aboalarm.de/kuendigung-adresse/unfallversicherung/debeka-unfallversicherung,https://www.aboalarm.de/kuendigung-adresse/versicherung/debeka-wohngebaeudeversicherung,https://www.aboalarm.de/kuendigung-adresse/zahnzusatzversicherung/debeka</Weitere_Adressen_link><form_field>Versicherungsnummer</form_field><subject>Sehr geehrte Damen und Herren,</subject><letter_text>hiermit kündige ich meine oben genannte Haftpflichtversicherung fristgerecht zum nächstmöglichen Zeitpunkt. Bitte senden Sie mir eine schriftliche Bestätigung der Kündigung unter Angabe des Beendigungszeitpunktes zu.</letter_text></item>
<item><category>Versicherung</category><source_url>https://www.aboalarm.de/kuendigung-adresse/haftpflichtversicherung/devk</source_url><sub_category>Haftpflichtversicherung</sub_category><company>DEVK Haftpflichtversicherung</company><full_address>DEVK Allgemeine Versicherungs-AG Riehler Str. 190 50735  Köln</full_address><address>DEVK Allgemeine Versicherungs-AG</address><city>Köln</city><zip>50735 </zip><email>info@devk.de</email><website>http://www.devk.de</website><fax>02217572200</fax><hotline>01802757757</hotline><Weitere_Adressen_name>DEVK Auslandskrankenversicherung,DEVK Berufsunfähigkeitsversicherung,DEVK Erwerbsunfähigkeitsversicherung,DEVK Glasversicherung,DEVK Haus-/Grundbesitzerhaftpflichtversicherung,DEVK Hausratversicherung,DEVK KFZ-Versicherung,DEVK Krankenversicherung,DEVK Pensionsfonds,DEVK Pflegeversicherung,DEVK Rechtsschutzversicherung,DEVK Reisegepäckversicherung,DEVK Reiseversicherung,DEVK Rentenversicherung,DEVK Risiko-Lebensversicherung,DEVK Schwere Krankheiten (Dread Disease) Versicherung,DEVK Sterbegeldversicherung,DEVK Tierhalterhaftpflichtversicherung,DEVK Unfallversicherung,DEVK Wohngebäudeversicherung,DEVK Zahnzusatzversicherung</Weitere_Adressen_name><Weitere_Adressen_link>https://www.aboalarm.de/kuendigung-adresse/krankenversicherung/devk-auslandskrankenversicherung,https://www.aboalarm.de/kuendigung-adresse/berufsunfaehigkeitsversicherung/devk,https://www.aboalarm.de/kuendigung-adresse/rentenversicherung/devk-erwerbsunfaehigkeitsversicherung,https://www.aboalarm.de/kuendigung-adresse/versicherung/devk-glasversicherung,https://www.aboalarm.de/kuendigung-adresse/haftpflichtversicherung/devk-haus-grundbesitzerhaftpflichtversicherung,https://www.aboalarm.de/kuendigung-adresse/hausratversicherung/devk,https://www.aboalarm.de/kuendigung-adresse/kfz-versicherung/devk,https://www.aboalarm.de/kuendigung-adresse/krankenversicherung/devk,https://www.aboalarm.de/kuendigung-adresse/rentenversicherung/devk-pensionsfonds,https://www.aboalarm.de/kuendigung-adresse/rentenversicherung/devk-pflegeversicherung,https://www.aboalarm.de/kuendigung-adresse/rechtsschutzversicherung/devk,https://www.aboalarm.de/kuendigung-adresse/reiseversicherung/devk-reisegepaeckversicherung,https://www.aboalarm.de/kuendigung-adresse/reiseversicherung/devk,https://www.aboalarm.de/kuendigung-adresse/rentenversicherung/devk,https://www.aboalarm.de/kuendigung-adresse/lebensversicherung/devk-risiko-lebensversicherung,https://www.aboalarm.de/kuendigung-adresse/krankenversicherung/devk-schwere-krankheiten-dread-disease-versicherung,https://www.aboalarm.de/kuendigung-adresse/versicherung/devk-sterbegeldversicherung,https://www.aboalarm.de/kuendigung-adresse/haftpflichtversicherung/devk-tierhalterhaftpflichtversicherung,https://www.aboalarm.de/kuendigung-adresse/unfallversicherung/devk,https://www.aboalarm.de/kuendigung-adresse/versicherung/devk-wohngebaeudeversicherung,https://www.aboalarm.de/kuendigung-adresse/zahnzusatzversicherung/devk</Weitere_Adressen_link><form_field>Versicherungsnummer</form_field><subject>Sehr geehrte Damen und Herren,</subject><letter_text>hiermit kündige ich meine oben genannte Haftpflichtversicherung fristgerecht zum nächstmöglichen Zeitpunkt. Bitte senden Sie mir eine schriftliche Bestätigung der Kündigung unter Angabe des Beendigungszeitpunktes zu.</letter_text></item>
<item><category>Versicherung</category><source_url>https://www.aboalarm.de/kuendigung-adresse/haftpflichtversicherung/concordia</source_url><sub_category>Haftpflichtversicherung</sub_category><company>Concordia Haftpflichtversicherung</company><full_address>Concordia Versicherungs-Gesellschaft aG Karl-Wiechert-Allee 55 30625  Hannover</full_address><address>Concordia Versicherungs-Gesellschaft aG</address><city>Hannover</city><zip>30625 </zip><email>versicherungen@concordia.de</email><website>http://www.concordia.de</website><fax> 0511/57011400</fax><hotline>0511-57010</hotline><Weitere_Adressen_name>Concordia Auslandskrankenversicherung,Concordia Berufsunfähigkeitsversicherung,Concordia Glasversicherung,Concordia Haus-/Grundbesitzerhaftpflichtversicherung,Concordia Hausratversicherung,Concordia KFZ-Versicherung,Concordia Krankenversicherung,Concordia Krankenzusatzversicherung,Concordia Lebensversicherung,Concordia Pflegeversicherung,Concordia Private Krankenvollversicherung,Concordia Rechtsschutzversicherung,Concordia Rentenversicherung,Concordia Riester-Rente,Concordia Risiko-Lebensversicherung,Concordia Sterbegeldversicherung,Concordia Tierhalterhaftpflichtversicherung,Concordia Unfallversicherung,Concordia Wohngebäudeversicherung,Concordia Zahnzusatzversicherung</Weitere_Adressen_name><Weitere_Adressen_link>https://www.aboalarm.de/kuendigung-adresse/krankenversicherung/concordia-auslandskrankenversicherung,https://www.aboalarm.de/kuendigung-adresse/berufsunfaehigkeitsversicherung/concordia,https://www.aboalarm.de/kuendigung-adresse/versicherung/concordia-glasversicherung,https://www.aboalarm.de/kuendigung-adresse/haftpflichtversicherung/concordia-haus-grundbesitzerhaftpflichtversicherung,https://www.aboalarm.de/kuendigung-adresse/hausratversicherung/concordia,https://www.aboalarm.de/kuendigung-adresse/kfz-versicherung/concordia,https://www.aboalarm.de/kuendigung-adresse/krankenversicherung/concordia,https://www.aboalarm.de/kuendigung-adresse/krankenversicherung/concordia-sonstige-krankenzusatzversicherung,https://www.aboalarm.de/kuendigung-adresse/lebensversicherung/concordia-versicherung,https://www.aboalarm.de/kuendigung-adresse/krankenversicherung/concordia-pflegeversicherung,https://www.aboalarm.de/kuendigung-adresse/krankenversicherung/concordia-private-krankenvollversicherung,https://www.aboalarm.de/kuendigung-adresse/rechtsschutzversicherung/concordia,https://www.aboalarm.de/kuendigung-adresse/rentenversicherung/concordia,https://www.aboalarm.de/kuendigung-adresse/rentenversicherung/concordia-rieser-rente,https://www.aboalarm.de/kuendigung-adresse/lebensversicherung/concordia-risiko-lebensversicherung,https://www.aboalarm.de/kuendigung-adresse/versicherung/concordia-sterbegeldversicherung,https://www.aboalarm.de/kuendigung-adresse/haftpflichtversicherung/concordia-tierhalterhaftpflichtversicherung,https://www.aboalarm.de/kuendigung-adresse/unfallversicherung/concordia,https://www.aboalarm.de/kuendigung-adresse/versicherung/concordia-wohngebaeudeversicherung,https://www.aboalarm.de/kuendigung-adresse/zahnzusatzversicherung/concordia</Weitere_Adressen_link><form_field>Versicherungsnummer</form_field><subject>Sehr geehrte Damen und Herren,</subject><letter_text>hiermit kündige ich meine oben genannte Haftpflichtversicherung fristgerecht zum nächstmöglichen Zeitpunkt. Bitte senden Sie mir eine schriftliche Bestätigung der Kündigung unter Angabe des Beendigungszeitpunktes zu.</letter_text></item>
<item><category>Versicherung</category><source_url>https://www.aboalarm.de/kuendigung-adresse/haftpflichtversicherung/gothaer</source_url><sub_category>Haftpflichtversicherung</sub_category><company>Gothaer Haftpflichtversicherung</company><full_address>Gothaer Allgemeine Versicherung AG Haftpflichtversicherung Gothaer Allee 1 50969  Köln</full_address><address>Gothaer Allgemeine Versicherung AG</address><city>Allee 1</city><zip>Gothaer</zip><email>info@gothaer.de</email><website>http://www.gothaer.de</website><fax>022130907079</fax><hotline>022130800</hotline><Weitere_Adressen_name>Gothaer Altersvorsorge,Gothaer Auslandskrankenversicherung,Gothaer Berufsunfähigkeitsversicherung,Gothaer Elektronikversicherung,Gothaer Erwerbsunfähigkeitsversicherung,Gothaer Glasversicherung,Gothaer Haus-/Grundbesitzerhaftpflichtversicherung,Gothaer Hausratversicherung,Gothaer KFZ-Versicherung,Gothaer Krankenversicherung,Gothaer Lebensversicherung,Gothaer Pflegeversicherung,Gothaer Rechtsschutzversicherung,Gothaer Reisegepäckversicherung,Gothaer Rentenversicherung,Gothaer Riester-Rente,Gothaer Risiko-Lebensversicherung,Gothaer Schwere Krankheiten (Dread Disease) Versicherung,Gothaer Sterbegeldversicherung,Gothaer Tierhalterhaftpflichtversicherung,Gothaer Tierkrankenversicherung,Gothaer Unfallversicherung,Gothaer Wohngebäudeversicherung,Gothaer Zahnzusatzversicherung</Weitere_Adressen_name><Weitere_Adressen_link>https://www.aboalarm.de/kuendigung-adresse/rentenversicherung/gothaer-altersvorsorge,https://www.aboalarm.de/kuendigung-adresse/krankenversicherung/gothaer-auslandskrankenversicherung,https://www.aboalarm.de/kuendigung-adresse/berufsunfaehigkeitsversicherung/gothaer-berufsunfaehigkeitsversicherung,https://www.aboalarm.de/kuendigung-adresse/versicherung/gothaer-elektronikversicherung,https://www.aboalarm.de/kuendigung-adresse/rentenversicherung/gothaer-erwerbsunfaehigkeitsversicherung,https://www.aboalarm.de/kuendigung-adresse/versicherung/gothaer-glasversicherung,https://www.aboalarm.de/kuendigung-adresse/haftpflichtversicherung/gothaer-haus-grundbesitzerhaftpflichtversicherung,https://www.aboalarm.de/kuendigung-adresse/hausratversicherung/gothaer,https://www.aboalarm.de/kuendigung-adresse/kfz-versicherung/gothaer,https://www.aboalarm.de/kuendigung-adresse/krankenversicherung/gothaer,https://www.aboalarm.de/kuendigung-adresse/lebensversicherung/gothaer,https://www.aboalarm.de/kuendigung-adresse/krankenversicherung/gothaer-pflegeversicherung,https://www.aboalarm.de/kuendigung-adresse/rechtsschutzversicherung/gothaer,https://www.aboalarm.de/kuendigung-adresse/reiseversicherung/gothaer,https://www.aboalarm.de/kuendigung-adresse/rentenversicherung/gothaer-rentenversicherung,https://www.aboalarm.de/kuendigung-adresse/rentenversicherung/gothaer-riester-rente,https://www.aboalarm.de/kuendigung-adresse/versicherung/gothaer-risiko-lebensversicherung,https://www.aboalarm.de/kuendigung-adresse/krankenversicherung/gothaer-schwere-krankheiten-dread-disease-versicherung,https://www.aboalarm.de/kuendigung-adresse/versicherung/gothaer-sterbegeldversicherung,https://www.aboalarm.de/kuendigung-adresse/haftpflichtversicherung/gothaer-tierhalterhaftpflichtversicherung,https://www.aboalarm.de/kuendigung-adresse/versicherung/gothaer-tierkrankenversicherung,https://www.aboalarm.de/kuendigung-adresse/unfallversicherung/gothaer,https://www.aboalarm.de/kuendigung-adresse/versicherung/gothaer-wohngebaeudeversicherung,https://www.aboalarm.de/kuendigung-adresse/zahnzusatzversicherung/gothaer</Weitere_Adressen_link><form_field>Versicherungsnummer</form_field><subject>Sehr geehrte Damen und Herren,</subject><letter_text>hiermit kündige ich meine oben genannte Haftpflichtversicherung fristgerecht zum nächstmöglichen Zeitpunkt. Bitte senden Sie mir eine schriftliche Bestätigung der Kündigung unter Angabe des Beendigungszeitpunktes zu.</letter_text></item>
<item><category>Versicherung</category><source_url>https://www.aboalarm.de/kuendigung-adresse/haftpflichtversicherung/cosmosdirekt</source_url><sub_category>Haftpflichtversicherung</sub_category><company>CosmosDirekt Haftpflichtversicherung</company><full_address>CosmosDirekt AG Halbergstraße 50-60 66121 Saarbrücken</full_address><address>CosmosDirekt AG</address><city>Saarbrücken</city><zip>66121</zip><email>info@cosmosdirekt.de</email><website>http://www.cosmosdirekt.de</website><fax>06819666633</fax><hotline>06819666666</hotline><Weitere_Adressen_name>CosmosDirekt Berufsunfähigkeitsversicherung,CosmosDirekt Finanzschutz,CosmosDirekt Glasversicherung,CosmosDirekt Haus-/Grundbesitzerhaftpflichtversicherung,CosmosDirekt Hausratversicherung,CosmosDirekt KFZ-Versicherung,CosmosDirekt Lebensversicherung,CosmosDirekt Rechtsschutzversicherung,CosmosDirekt Reiseversicherung,CosmosDirekt Rentenversicherung,CosmosDirekt Sterbegeldversicherung,CosmosDirekt Tierhalterhaftpflichtversicherung,CosmosDirekt Unfallversicherung,CosmosDirekt Wohngebäudeversicherung</Weitere_Adressen_name><Weitere_Adressen_link>https://www.aboalarm.de/kuendigung-adresse/berufsunfaehigkeitsversicherung/cosmosdirekt,https://www.aboalarm.de/kuendigung-adresse/versicherung/cosmosdirekt-finanzschutz,https://www.aboalarm.de/kuendigung-adresse/versicherung/cosmosdirekt-glasversicherung,https://www.aboalarm.de/kuendigung-adresse/haftpflichtversicherung/cosmosdirekt-haus-grundbesitzerhaftpflichtversicherung,https://www.aboalarm.de/kuendigung-adresse/hausratversicherung/cosmosdirekt,https://www.aboalarm.de/kuendigung-adresse/kfz-versicherung/cosmosdirekt,https://www.aboalarm.de/kuendigung-adresse/lebensversicherung/cosmosdirect,https://www.aboalarm.de/kuendigung-adresse/rechtsschutzversicherung/cosmosdirekt,https://www.aboalarm.de/kuendigung-adresse/reiseversicherung/cosmosdirekt,https://www.aboalarm.de/kuendigung-adresse/rentenversicherung/cosmosdirekt,https://www.aboalarm.de/kuendigung-adresse/versicherung/cosmosdirekt-sterbegeldversicherung,https://www.aboalarm.de/kuendigung-adresse/haftpflichtversicherung/cosmosdirekt-tierhalterhaftpflichtversicherung,https://www.aboalarm.de/kuendigung-adresse/unfallversicherung/cosmosdirekt,https://www.aboalarm.de/kuendigung-adresse/versicherung/cosmosdirekt-wohngebaeudeversicherung</Weitere_Adressen_link><form_field>Versicherungsnummer</form_field><subject>Sehr geehrte Damen und Herren,</subject><letter_text>hiermit kündige ich meine oben genannte Haftpflichtversicherung fristgerecht zum nächstmöglichen Zeitpunkt. Bitte senden Sie mir eine schriftliche Bestätigung der Kündigung unter Angabe des Beendigungszeitpunktes zu.</letter_text></item>
<item><category>Versicherung</category><source_url>https://www.aboalarm.de/kuendigung-adresse/haftpflichtversicherung/barmenia</source_url><sub_category>Haftpflichtversicherung</sub_category><company>Barmenia Haftpflichtversicherung</company><full_address>Barmenia Allgemeine Versicherungs-AG Barmenia-Allee 1 42119 Wuppertal</full_address><address>Barmenia Allgemeine Versicherungs-AG</address><city>Wuppertal</city><zip>42119</zip><email>info@barmenia.de</email><website>http://www.barmenia.de</website><fax>02024382703</fax><hotline>0202-4382250</hotline><Weitere_Adressen_name>Barmenia Auslandskrankenversicherung,Barmenia Berufsunfähigkeitsversicherung,Barmenia Glasversicherung,Barmenia Haus-/Grundbesitzerhaftpflichtversicherung,Barmenia Hausratversicherung,Barmenia KFZ-Versicherung,Barmenia Krankenversicherung,Barmenia Krankenzusatzversicherung,Barmenia Lebensversicherung,Barmenia Pflegeversicherung,Barmenia Pflegezusatzversicherung,Barmenia Rechtsschutzversicherung,Barmenia Reisegepäckversicherung,Barmenia Reiseunfallversicherung,Barmenia Reiseversicherung,Barmenia Rentenversicherung,Barmenia Riester-Rente,Barmenia Risiko-Lebensversicherung,Barmenia Schwere Krankheiten (Dread Disease) Versicherung,Barmenia Sterbegeldversicherung,Barmenia Tierhalterhaftpflichtversicherung,Barmenia Tierkrankenversicherung,Barmenia Unfallversicherung,Barmenia Wohngebäudeversicherung,Barmenia Zahnzusatzversicherung</Weitere_Adressen_name><Weitere_Adressen_link>https://www.aboalarm.de/kuendigung-adresse/krankenversicherung/barmenia-auslandskrankenversicherung,https://www.aboalarm.de/kuendigung-adresse/berufsunfaehigkeitsversicherung/barmenia,https://www.aboalarm.de/kuendigung-adresse/versicherung/barmenia-glasversicherung,https://www.aboalarm.de/kuendigung-adresse/haftpflichtversicherung/barmenia-haus-grundbesitzerhaftpflichtversicherung,https://www.aboalarm.de/kuendigung-adresse/hausratversicherung/barmenia,https://www.aboalarm.de/kuendigung-adresse/kfz-versicherung/barmenia,https://www.aboalarm.de/kuendigung-adresse/krankenversicherung/barmenia,https://www.aboalarm.de/kuendigung-adresse/krankenversicherung/barmenia-sonstige-krankenzusatzversicherung,https://www.aboalarm.de/kuendigung-adresse/lebensversicherung/barmenia-lebensversicherung,https://www.aboalarm.de/kuendigung-adresse/krankenversicherung/barmenia-pflegeversicherung,https://www.aboalarm.de/kuendigung-adresse/krankenversicherung/barmenia-pflegezusatzversicherung,https://www.aboalarm.de/kuendigung-adresse/rechtsschutzversicherung/barmenia,https://www.aboalarm.de/kuendigung-adresse/reiseversicherung/barmenia,https://www.aboalarm.de/kuendigung-adresse/unfallversicherung/barmenia-reiseunfallversicherung,https://www.aboalarm.de/kuendigung-adresse/reiseversicherung/barmenia-reiseversicherung,https://www.aboalarm.de/kuendigung-adresse/rentenversicherung/barmenia,https://www.aboalarm.de/kuendigung-adresse/rentenversicherung/barmenia-riester-rente,https://www.aboalarm.de/kuendigung-adresse/lebensversicherung/barmenia-risiko-lebensversicherung,https://www.aboalarm.de/kuendigung-adresse/krankenversicherung/barmenia-schwere-krankheiten-dread-disease-versicherung,https://www.aboalarm.de/kuendigung-adresse/versicherung/barmenia-sterbegeldversicherung,https://www.aboalarm.de/kuendigung-adresse/haftpflichtversicherung/barmenia-tierhalterhaftpflichtversicherung,https://www.aboalarm.de/kuendigung-adresse/versicherung/barmenia-tierkrankenversicherung,https://www.aboalarm.de/kuendigung-adresse/unfallversicherung/barmenia,https://www.aboalarm.de/kuendigung-adresse/versicherung/barmenia-wohngebaeudeversicherung,https://www.aboalarm.de/kuendigung-adresse/zahnzusatzversicherung/barmenia</Weitere_Adressen_link><form_field>Versicherungsnummer</form_field><subject>Sehr geehrte Damen und Herren,</subject><letter_text>hiermit kündige ich meine oben genannte Haftpflichtversicherung fristgerecht zum nächstmöglichen Zeitpunkt. Bitte senden Sie mir eine schriftliche Bestätigung der Kündigung unter Angabe des Beendigungszeitpunktes zu.</letter_text></item>
<item><category>Versicherung</category><source_url>https://www.aboalarm.de/kuendigung-adresse/haftpflichtversicherung/asstel</source_url><sub_category>Haftpflichtversicherung</sub_category><company>Asstel Haftpflichtversicherung</company><full_address>Gothaer Versiche- rungsbank VVaG Arnoldiplatz 1 50969 Köln</full_address><address>Gothaer Versiche- rungsbank VVaG</address><city>Köln</city><zip>50969</zip><email>info@gothaer.de</email><website>https://www.gothaer.de</website><fax>0221 308-103</fax><hotline>0221 308-00</hotline><Weitere_Adressen_name>Asstel Berufsunfähigkeitsversicherung,Asstel Erwerbsunfähigkeitsversicherung,Asstel Glasversicherung,Asstel Haus-/Grundbesitzerhaftpflichtversicherung,Asstel Hausratversicherung,Asstel Hundeversicherung,Asstel Krankenversicherung,Asstel Lebensversicherung,Asstel Pflegeversicherung,Asstel Rechtsschutzversicherung,Asstel Rentenversicherung,Asstel Riester-Rente,Asstel Risiko-Lebensversicherung,Asstel Sterbegeldversicherung,Asstel Unfallversicherung,Asstel Versicherung,Asstel Wohngebäudeversicherung,Asstel Zahnzusatzversicherung</Weitere_Adressen_name><Weitere_Adressen_link>https://www.aboalarm.de/kuendigung-adresse/berufsunfaehigkeitsversicherung/asstel-berufsunfaehigkeitsversicherung,https://www.aboalarm.de/kuendigung-adresse/rentenversicherung/asstel-erwerbsunfaehigkeitsversicherung,https://www.aboalarm.de/kuendigung-adresse/versicherung/asstel-glasversicherung,https://www.aboalarm.de/kuendigung-adresse/haftpflichtversicherung/asstel-haus-grundbesitzerhaftpflichtversicherung,https://www.aboalarm.de/kuendigung-adresse/hausratversicherung/asstel,https://www.aboalarm.de/kuendigung-adresse/abonnement/asstel-hundeversicherung,https://www.aboalarm.de/kuendigung-adresse/krankenversicherung/asstel,https://www.aboalarm.de/kuendigung-adresse/lebensversicherung/asstel-lebensversicherung,https://www.aboalarm.de/kuendigung-adresse/versicherung/asstel-pflegeversicherung,https://www.aboalarm.de/kuendigung-adresse/rechtsschutzversicherung/asstel,https://www.aboalarm.de/kuendigung-adresse/rentenversicherung/asstel,https://www.aboalarm.de/kuendigung-adresse/rentenversicherung/asstel-rieser-rente,https://www.aboalarm.de/kuendigung-adresse/lebensversicherung/asstel-risiko-lebensversicherung,https://www.aboalarm.de/kuendigung-adresse/versicherung/asstel-sterbegeldversicherung,https://www.aboalarm.de/kuendigung-adresse/unfallversicherung/asstel,https://www.aboalarm.de/kuendigung-adresse/versicherung/asstel-versicherung,https://www.aboalarm.de/kuendigung-adresse/versicherung/asstel-wohngebaeudeversicherung,https://www.aboalarm.de/kuendigung-adresse/zahnzusatzversicherung/asstel</Weitere_Adressen_link><form_field>Versicherungsnummer</form_field><subject>Sehr geehrte Damen und Herren,</subject><letter_text>hiermit kündige ich meine oben genannte Haftpflichtversicherung fristgerecht zum nächstmöglichen Zeitpunkt. Bitte senden Sie mir eine schriftliche Bestätigung der Kündigung unter Angabe des Beendigungszeitpunktes zu.</letter_text></item>
<item><category>Versicherung</category><source_url>https://www.aboalarm.de/kuendigung-adresse/haftpflichtversicherung/axa</source_url><sub_category>Haftpflichtversicherung</sub_category><company>AXA Haftpflichtversicherung</company><full_address>AXA Konzern Aktiengesellschaft Colonia-Allee 10- 20 51067  Köln</full_address><address>AXA Konzern Aktiengesellschaft</address><city>Köln</city><zip>51067 </zip><email>service@axa.de</email><website>http://www.axa.de</website><fax>022114821599</fax><hotline>0221 148-41001</hotline><Weitere_Adressen_name>AXA Auslandskrankenversicherung,Axa Bausparkasse,AXA Berufsunfähigkeitsversicherung,AXA Betriebshaftpflichtversicherung,AXA BOXplus,AXA Elektronikversicherung,Axa Erwerbsunfähigkeitsversicherung,Axa Existenzschutzversicherung,AXA Glasversicherung,AXA Haus-/Grundbesitzerhaftpflichtversicherung,AXA Hausratversicherung,AXA KFZ-Versicherung,AXA Krankenversicherung,AXA Krankenzusatzversicherung,AXA Lebensversicherung,AXA Life Europe,AXA Pflegeversicherung,AXA Rechtsschutzversicherung,Axa Reisegepäckversicherung,Axa Reiseunfallversicherung,AXA RELAX Reiseversicherung,AXA Rentenversicherung,AXA Riester-Rente,AXA Risiko-Lebensversicherung,AXA Schwere Krankheiten (Dread Disease),AXA Smartschutz,AXA Sterbegeldversicherung,AXA Tierhalterhaftpflichtversicherung,AXA Unfallversicherung,AXA Wohngebäudeversicherung,AXA Zahnzusatzversicherung</Weitere_Adressen_name><Weitere_Adressen_link>https://www.aboalarm.de/kuendigung-adresse/krankenversicherung/axa-auslandskrankenversicherung,https://www.aboalarm.de/kuendigung-adresse/bausparvertrag/axa,https://www.aboalarm.de/kuendigung-adresse/berufsunfaehigkeitsversicherung/axa,https://www.aboalarm.de/kuendigung-adresse/haftpflichtversicherung/axa-betriebshaftpflichtversicherung,https://www.aboalarm.de/kuendigung-adresse/versicherung/axa-boxplus,https://www.aboalarm.de/kuendigung-adresse/versicherung/axa-elektronikversicherung,https://www.aboalarm.de/kuendigung-adresse/rentenversicherung/axa-erwerbsunfaehigkeitsversicherung,https://www.aboalarm.de/kuendigung-adresse/versicherung/axa-existenzschutzversicherung,https://www.aboalarm.de/kuendigung-adresse/versicherung/axa-glasversicherung,https://www.aboalarm.de/kuendigung-adresse/haftpflichtversicherung/axa-haus-grundbesitzerhaftpflichtversicherung,https://www.aboalarm.de/kuendigung-adresse/hausratversicherung/axa,https://www.aboalarm.de/kuendigung-adresse/kfz-versicherung/axa,https://www.aboalarm.de/kuendigung-adresse/krankenversicherung/axa,https://www.aboalarm.de/kuendigung-adresse/krankenversicherung/axa-sonstige-krankenzusatzversicherung,https://www.aboalarm.de/kuendigung-adresse/lebensversicherung/axa,https://www.aboalarm.de/kuendigung-adresse/lebensversicherung/axa-life-europe,https://www.aboalarm.de/kuendigung-adresse/krankenversicherung/axa-pflegeversicherung,https://www.aboalarm.de/kuendigung-adresse/rechtsschutzversicherung/axa,https://www.aboalarm.de/kuendigung-adresse/reiseversicherung/axa,https://www.aboalarm.de/kuendigung-adresse/unfallversicherung/axa-reiseunfallversicherung,https://www.aboalarm.de/kuendigung-adresse/reiseversicherung/axa-relax-reiseversicherung,https://www.aboalarm.de/kuendigung-adresse/rentenversicherung/axa,https://www.aboalarm.de/kuendigung-adresse/rentenversicherung/axa-riester-rente,https://www.aboalarm.de/kuendigung-adresse/lebensversicherung/axa-risiko-lebensversicherung,https://www.aboalarm.de/kuendigung-adresse/krankenversicherung/axa-schwere-krankheiten-dread-disease,https://www.aboalarm.de/kuendigung-adresse/versicherung/axa-smartschutz,https://www.aboalarm.de/kuendigung-adresse/versicherung/axa-sterbegeldversicherung,https://www.aboalarm.de/kuendigung-adresse/haftpflichtversicherung/axa-tierhalterhaftpflichtversicherung,https://www.aboalarm.de/kuendigung-adresse/unfallversicherung/axa,https://www.aboalarm.de/kuendigung-adresse/versicherung/axa-wohngebaeude,https://www.aboalarm.de/kuendigung-adresse/zahnzusatzversicherung/axa</Weitere_Adressen_link><form_field>Versicherungsnummer</form_field><subject>Sehr geehrte Damen und Herren,</subject><letter_text>hiermit kündige ich meine oben genannte Haftpflichtversicherung fristgerecht zum nächstmöglichen Zeitpunkt. Bitte senden Sie mir eine schriftliche Bestätigung der Kündigung unter Angabe des Beendigungszeitpunktes zu.</letter_text></item>
<item><category>Versicherung</category><source_url>https://www.aboalarm.de/kuendigung-adresse/haftpflichtversicherung/generali</source_url><sub_category>Haftpflichtversicherung</sub_category><company>Generali Haftpflichtversicherung</company><full_address>Generali Versicherungen Adenauerring 7 81731  München</full_address><address>Generali Versicherungen</address><city>München</city><zip>81731 </zip><email>service.de@generali.com</email><website>http://www.generali.de</website><fax>(089) 5121-1000</fax><hotline>(089) 5121-4477</hotline><Weitere_Adressen_name>Generali Bank Konto,Generali Berufsunfähigkeitsversicherung,Generali Deutschland Lebensversicherung (ehemals AachenMünchener),Generali Erwerbsunfähigkeitsversicherung,Generali Gewerbeversicherung,Generali Glasversicherung,Generali Haus-/Grundbesitzerhaftpflichtversicherung,Generali Hausratversicherung,Generali KFZ-Versicherung,Generali Lebensversicherung,Generali Pflegeversicherung,Generali Privatschutzversicherung,Generali Rechtsschutzversicherung,Generali Reisegepäckversicherung,Generali Reiseunfallversicherung,Generali Rentenversicherung,Generali Riester-Rente,Generali Tierhalterhaftpflichtversicherung,Generali Unfallversicherung,Generali Wohngebäudeversicherung</Weitere_Adressen_name><Weitere_Adressen_link>https://www.aboalarm.de/kuendigung-adresse/bankkonto/generali-bank,https://www.aboalarm.de/kuendigung-adresse/berufsunfaehigkeitsversicherung/generali,https://www.aboalarm.de/kuendigung-adresse/lebensversicherung/aachenmuenchener-lebensversicherung,https://www.aboalarm.de/kuendigung-adresse/rentenversicherung/generali-erwerbsunfaehigkeitsversicherung,https://www.aboalarm.de/kuendigung-adresse/versicherung/generali-gewerbeversicherung,https://www.aboalarm.de/kuendigung-adresse/versicherung/generali-glasversicherung,https://www.aboalarm.de/kuendigung-adresse/haftpflichtversicherung/generali-haus-grundbesitzerhaftpflichtversicherung,https://www.aboalarm.de/kuendigung-adresse/hausratversicherung/generali,https://www.aboalarm.de/kuendigung-adresse/kfz-versicherung/generali,https://www.aboalarm.de/kuendigung-adresse/lebensversicherung/generali,https://www.aboalarm.de/kuendigung-adresse/krankenversicherung/generali-pflegeversicherung,https://www.aboalarm.de/kuendigung-adresse/versicherung/generali-privatschutzversicherung,https://www.aboalarm.de/kuendigung-adresse/rechtsschutzversicherung/generali,https://www.aboalarm.de/kuendigung-adresse/reiseversicherung/generali,https://www.aboalarm.de/kuendigung-adresse/unfallversicherung/generali-reiseunfallversicherung,https://www.aboalarm.de/kuendigung-adresse/rentenversicherung/generali,https://www.aboalarm.de/kuendigung-adresse/rentenversicherung/generali-riester-rente,https://www.aboalarm.de/kuendigung-adresse/haftpflichtversicherung/generali-tierhalterhaftpflichtversicherung,https://www.aboalarm.de/kuendigung-adresse/unfallversicherung/generali,https://www.aboalarm.de/kuendigung-adresse/versicherung/generali-wohngebaeudeversicherung</Weitere_Adressen_link><form_field>Versicherungsnummer</form_field><subject>Sehr geehrte Damen und Herren,</subject><letter_text>hiermit kündige ich meine oben genannte Haftpflichtversicherung fristgerecht zum nächstmöglichen Zeitpunkt. Bitte senden Sie mir eine schriftliche Bestätigung der Kündigung unter Angabe des Beendigungszeitpunktes zu.</letter_text></item>
<item><category>Versicherung</category><source_url>https://www.aboalarm.de/kuendigung-adresse/haftpflichtversicherung/arag</source_url><sub_category>Haftpflichtversicherung</sub_category><company>Arag Haftpflichtversicherung</company><full_address>Arag Allgemeine Versicherung AG ARAG-Platz 1 40472  Düsseldorf</full_address><address>Arag Allgemeine Versicherung AG</address><city>Düsseldorf</city><zip>40472 </zip><email>-</email><website>http://www.arag.de</website><fax>02119632850</fax><hotline>021198901433</hotline><Weitere_Adressen_name>Arag Auslandskrankenversicherung,Arag Berufsunfähigkeitsversicherung,Arag Betriebshaftpflichtversicherung,Arag Elektronikversicherung,Arag Fahrradversicherung,Arag Glasversicherung,ARAG Haus-/Grundbesitzerhaftpflichtversicherung,Arag Hausratversicherung,Arag KFZ-Versicherung,Arag Krankenversicherung,Arag Krankenzusatzversicherung,Arag Mietrechtsschutz,Arag Mietrechtsschutz Sofort,Arag Pflegeversicherung,Arag Privatrechtsschutzversicherung,Arag Rentenversicherung,Arag Riester-Rente,Arag Risiko-Lebensversicherung,ARAG SE,Arag Sterbegeldversicherung,Arag Tierhalterhaftpflichtversicherung,Arag Unfallversicherung,Arag Verkehrsrechtsschutz,Arag Verkehrsrechtsschutz Sofort,Arag Wohngebäudeversicherung,Arag Zahnzusatzversicherung</Weitere_Adressen_name><Weitere_Adressen_link>https://www.aboalarm.de/kuendigung-adresse/krankenversicherung/arag-auslandskrankenversicherung,https://www.aboalarm.de/kuendigung-adresse/berufsunfaehigkeitsversicherung/arag-berufsunfaehigkeitsversicherung,https://www.aboalarm.de/kuendigung-adresse/haftpflichtversicherung/arag-betriebshaftpflichtversicherung,https://www.aboalarm.de/kuendigung-adresse/versicherung/arag-elektronikversicherung,https://www.aboalarm.de/kuendigung-adresse/versicherung/arag,https://www.aboalarm.de/kuendigung-adresse/versicherung/arag-glasversicherung,https://www.aboalarm.de/kuendigung-adresse/haftpflichtversicherung/arag-haus-grundbesitzerhaftpflichtversicherung,https://www.aboalarm.de/kuendigung-adresse/hausratversicherung/arag,https://www.aboalarm.de/kuendigung-adresse/kfz-versicherung/arag,https://www.aboalarm.de/kuendigung-adresse/krankenversicherung/arag,https://www.aboalarm.de/kuendigung-adresse/krankenversicherung/arag-sonstige-krankenzusatzversicherung,https://www.aboalarm.de/kuendigung-adresse/rechtsschutzversicherung/arag-mietrechtsschutz,https://www.aboalarm.de/kuendigung-adresse/rechtsschutzversicherung/arag-mietrechtsschutz-sofort,https://www.aboalarm.de/kuendigung-adresse/krankenversicherung/arag-pflegeversicherung,https://www.aboalarm.de/kuendigung-adresse/rechtsschutzversicherung/arag-rechtsschutzversicherung,https://www.aboalarm.de/kuendigung-adresse/rentenversicherung/arag,https://www.aboalarm.de/kuendigung-adresse/abonnement/arag-riester-rente,https://www.aboalarm.de/kuendigung-adresse/lebensversicherung/arag,https://www.aboalarm.de/kuendigung-adresse/versicherung/arag-se,https://www.aboalarm.de/kuendigung-adresse/versicherung/arag-sterbegeldversicherung,https://www.aboalarm.de/kuendigung-adresse/haftpflichtversicherung/arag-tierhalterhaftpflichtversicherung,https://www.aboalarm.de/kuendigung-adresse/unfallversicherung/arag,https://www.aboalarm.de/kuendigung-adresse/rechtsschutzversicherung/arag-verkehrsrechtsschutz,https://www.aboalarm.de/kuendigung-adresse/rechtsschutzversicherung/arag-verkehrsrechtsschutz-sofort,https://www.aboalarm.de/kuendigung-adresse/versicherung/arag-wohngebaeudeversicherung,https://www.aboalarm.de/kuendigung-adresse/zahnzusatzversicherung/arag</Weitere_Adressen_link><form_field>Versicherungsnummer</form_field><subject>Sehr geehrte Damen und Herren,</subject><letter_text>hiermit kündige ich meine oben genannte Haftpflichtversicherung fristgerecht zum nächstmöglichen Zeitpunkt. Bitte senden Sie mir eine schriftliche Bestätigung der Kündigung unter Angabe des Beendigungszeitpunktes zu.</letter_text></item>
<item><category>Versicherung</category><source_url>https://www.aboalarm.de/kuendigung-adresse/haftpflichtversicherung/allianz</source_url><sub_category>Haftpflichtversicherung</sub_category><company>Allianz Haftpflichtversicherung</company><full_address>Allianz Versicherungs-AG 10900 Berlin</full_address><address>Allianz Versicherungs-AG</address><city>Berlin</city><zip>10900</zip><email>sachversicherung@allianz.de</email><website>http://www.allianz.de</website><fax>08004400101</fax><hotline>08004100105</hotline><Weitere_Adressen_name>Allianz 24 Kfz-Versicherung,Allianz AktivDepot,Allianz Altersvorsorge,Allianz Auslandskrankenversicherung,Allianz Berufsunfähigkeitsversicherung,Allianz Direct Haftpflichtversicherung (ehemals AllSecur),Allianz Direct Hausratsversicherung (ehemals AllSecur),Allianz Direct KFZ-Versicherung (ehemals AllSecur),Allianz Direct Rechtsschutzversicherung (ehemals AllSecur),Allianz Direct Risiko-Lebensversicherung (ehemals AllSecur),Allianz Elektronikversicherung,Allianz Erwerbsunfähigkeitsversicherung,Allianz Fahrradversicherung,Allianz Glasversicherung,Allianz Global Investors,Allianz Haus-/Grundbesitzerhaftpflichtversicherung,Allianz Hausratversicherung,Allianz Immobilien-Rechtsschutzversicherung,Allianz Kfz-Versicherung,Allianz Krankenzusatzversicherung,Allianz Lebensversicherung,Allianz Pensionskasse,Allianz Pflegeversicherung,Allianz Private Krankenversicherung,Allianz Rechtsschutzversicherung,Allianz Reisegepäckversicherung,Allianz Reiseunfallversicherung,Allianz Reiseversicherung (Allianz Global Assistance),Allianz Rentenversicherung,Allianz Riester-Rente,Allianz Risiko-Lebensversicherung,Allianz Schwere Krankheiten (Dread Disease),Allianz Sterbegeldversicherung,Allianz Tierhalterhaftpflichtversicherung,Allianz Travel,Allianz Unfallversicherung,Allianz Wohngebäudeversicherung,Allianz Zahnzusatzversicherung</Weitere_Adressen_name><Weitere_Adressen_link>https://www.aboalarm.de/kuendigung-adresse/kfz-versicherung/allianz-24,https://www.aboalarm.de/kuendigung-adresse/finanzen/allianz-aktivdepot,https://www.aboalarm.de/kuendigung-adresse/rentenversicherung/allianz-altersvorsorge,https://www.aboalarm.de/kuendigung-adresse/krankenversicherung/allianz-auslandskrankenversicherung,https://www.aboalarm.de/kuendigung-adresse/berufsunfaehigkeitsversicherung/allianz-berufsunfaehigkeitsversicherung,https://www.aboalarm.de/kuendigung-adresse/haftpflichtversicherung/allianz-direkt-haftpflichtversicherungallsecur,https://www.aboalarm.de/kuendigung-adresse/hausratversicherung/allianz-direkt-hausratversicherungallsecur,https://www.aboalarm.de/kuendigung-adresse/kfz-versicherung/allianz-direkt-kfz-versicherungallsecur,https://www.aboalarm.de/kuendigung-adresse/rechtsschutzversicherung/allsecur-rechtsschutzversicherung,https://www.aboalarm.de/kuendigung-adresse/lebensversicherung/allsecur-risiko-lebensversicherung,https://www.aboalarm.de/kuendigung-adresse/versicherung/allianz-elektronikversicherung,https://www.aboalarm.de/kuendigung-adresse/rentenversicherung/allianz-erwerbsunfaehigkeitsversicherung,https://www.aboalarm.de/kuendigung-adresse/versicherung/allianz-fahrradversicherung,https://www.aboalarm.de/kuendigung-adresse/versicherung/allianz-glasversicherung,https://www.aboalarm.de/kuendigung-adresse/sonstige/allianz-global-investors,https://www.aboalarm.de/kuendigung-adresse/haftpflichtversicherung/allianz-haus-grundbesitzerhaftpflichtversicherung,https://www.aboalarm.de/kuendigung-adresse/hausratversicherung/allianz,https://www.aboalarm.de/kuendigung-adresse/rechtsschutzversicherung/allianz-immobilien-rechtsschutzversicherung,https://www.aboalarm.de/kuendigung-adresse/kfz-versicherung/allianz,https://www.aboalarm.de/kuendigung-adresse/krankenversicherung/allianz-sonstige-krankenzusatzversicherung,https://www.aboalarm.de/kuendigung-adresse/berufsunfaehigkeitsversicherung/allianz,https://www.aboalarm.de/kuendigung-adresse/rentenversicherung/allianz-pensionskasse,https://www.aboalarm.de/kuendigung-adresse/versicherung/allianz-pflegeversicherung,https://www.aboalarm.de/kuendigung-adresse/krankenversicherung/allianz,https://www.aboalarm.de/kuendigung-adresse/rechtsschutzversicherung/allianz,https://www.aboalarm.de/kuendigung-adresse/reiseversicherung/allianz,https://www.aboalarm.de/kuendigung-adresse/unfallversicherung/allianz-reiseunfallversicherung,https://www.aboalarm.de/kuendigung-adresse/versicherung/allianz-aga-international,https://www.aboalarm.de/kuendigung-adresse/rentenversicherung/allianz,https://www.aboalarm.de/kuendigung-adresse/rentenversicherung/allianz-riester-rente,https://www.aboalarm.de/kuendigung-adresse/lebensversicherung/allianz-risiko,https://www.aboalarm.de/kuendigung-adresse/krankenversicherung/allianz-schwere-krankheiten-dread-disease,https://www.aboalarm.de/kuendigung-adresse/versicherung/allianz-sterbegeldversicherung,https://www.aboalarm.de/kuendigung-adresse/haftpflichtversicherung/allianz-tierhalterhaftpflichtversicherung,https://www.aboalarm.de/kuendigung-adresse/abonnement/allianz-reiseversicherung,https://www.aboalarm.de/kuendigung-adresse/unfallversicherung/allianz,https://www.aboalarm.de/kuendigung-adresse/versicherung/allianz-wohngebaeudeversicherung,https://www.aboalarm.de/kuendigung-adresse/zahnzusatzversicherung/allianz</Weitere_Adressen_link><form_field>Versicherungsnummer</form_field><subject>Sehr geehrte Damen und Herren,</subject><letter_text>hiermit kündige ich meine oben genannte Haftpflichtversicherung fristgerecht zum nächstmöglichen Zeitpunkt. Bitte senden Sie mir eine schriftliche Bestätigung der Kündigung unter Angabe des Beendigungszeitpunktes zu.</letter_text></item>
</items>