<?xml version="1.0" encoding="utf-8"?>
<items>
<item><category>Handyvertrag</category><source_url>https://www.aboalarm.de/kuendigung-adresse/handyvertrag/vodafone</source_url><sub_category>None</sub_category><company>Vodafone Mobilfunk</company><full_address>Vodafone GmbH Kundenbetreuung 40875 Ratingen</full_address><address>Vodafone GmbH</address><city>Ratingen</city><zip>40875</zip><email>https://www.vodafone.de/contact/rf/contactform.jsp</email><website>http://www.vodafone.de</website><fax>02102986575</fax><hotline>0800 505 44 42</hotline><Weitere_Adressen_name></Weitere_Adressen_name><Weitere_Adressen_link></Weitere_Adressen_link><form_field>Vodafone-Handynummer,Geburtsdatum</form_field><subject>Sehr geehrte Damen und Herren,</subject><letter_text>hiermit kündige ich meinen Vodafone-Vertrag fristgerecht zum nächstmöglichen Zeitpunkt. Bitte senden Sie mir eine schriftliche Bestätigung der Kündigung unter Angabe des Beendigungszeitpunktes zu.</letter_text></item>
<item><category>Handyvertrag</category><source_url>https://www.aboalarm.de/kuendigung-adresse/handyvertrag/kabel-deutschland-mobilfunk</source_url><sub_category>None</sub_category><company>Vodafone Kabel Deutschland Mobile</company><full_address>Vodafone Kabel Deutschland GmbH Kundenservice 99116 Erfurt</full_address><address>Vodafone Kabel Deutschland GmbH</address><city>Erfurt</city><zip>99116</zip><email>kundenbetreuung@kabeldeutschland-mobile.de</email><website>http://www.kabeldeutschland.de</website><fax>None</fax><hotline>0800 505 44 42</hotline><Weitere_Adressen_name></Weitere_Adressen_name><Weitere_Adressen_link></Weitere_Adressen_link><form_field>Handynummer</form_field><subject>Sehr geehrte Damen und Herren,</subject><letter_text>hiermit kündige ich meinen oben genannten Handyvertrag fristgerecht zum nächstmöglichen Zeitpunkt. Bitte senden Sie mir eine schriftliche Bestätigung der Kündigung unter Angabe des Beendigungszeitpunktes zu.</letter_text></item>
<item><category>Handyvertrag</category><source_url>https://www.aboalarm.de/kuendigung-adresse/handyvertrag/yourfone</source_url><sub_category>None</sub_category><company>yourfone</company><full_address>yourfone AG Wilhelm-Röntgen-Str. 1-5 63477 Maintal</full_address><address>yourfone AG</address><city>Maintal</city><zip>63477</zip><email>kundenservice@yourfone.de</email><website>http://www.yourfone.de</website><fax>06181 7074 063</fax><hotline>06181 7074 083</hotline><Weitere_Adressen_name></Weitere_Adressen_name><Weitere_Adressen_link></Weitere_Adressen_link><form_field>Handynummer</form_field><subject>Sehr geehrte Damen und Herren,</subject><letter_text>hiermit kündige ich meinen oben genannten Handyvertrag fristgerecht zum nächstmöglichen Zeitpunkt. Bitte senden Sie mir eine schriftliche Bestätigung der Kündigung unter Angabe des Beendigungszeitpunktes zu.</letter_text></item>
<item><category>Handyvertrag</category><source_url>https://www.aboalarm.de/kuendigung-adresse/handyvertrag/tchibo-mobil</source_url><sub_category>None</sub_category><company>Tchibo mobil</company><full_address>Telefónica Germany GmbH &amp; Co. OHG Kundenservice Tchibo mobil Postfach 60 14 02 22214 Hamburg</full_address><address>Telefónica Germany GmbH &amp; Co. OHG</address><city>60</city><zip>Postfach</zip><email>info@tchibo-mobil.de</email><website>https://mobilfunk.tchibo.de</website><fax>040/638 759 999</fax><hotline>040605900095</hotline><Weitere_Adressen_name></Weitere_Adressen_name><Weitere_Adressen_link></Weitere_Adressen_link><form_field>Kundennummer,Handynummer</form_field><subject>Sehr geehrte Damen und Herren,</subject><letter_text>hiermit kündige ich meinen oben genannten Handyvertrag fristgerecht zum nächstmöglichen Zeitpunkt. Bitte senden Sie mir eine schriftliche Bestätigung der Kündigung unter Angabe des Beendigungszeitpunktes zu.</letter_text></item>
<item><category>Handyvertrag</category><source_url>https://www.aboalarm.de/kuendigung-adresse/handyvertrag/talkline</source_url><sub_category>None</sub_category><company>Talkline</company><full_address>mobilcom-debitel GmbH Kundenservice 99076 Erfurt</full_address><address>mobilcom-debitel GmbH</address><city>Erfurt</city><zip>99076</zip><email>info@talkline.de</email><website>http://www.talkline.de</website><fax>040 555541001</fax><hotline>040555541000</hotline><Weitere_Adressen_name></Weitere_Adressen_name><Weitere_Adressen_link></Weitere_Adressen_link><form_field>Handynummer</form_field><subject>Sehr geehrte Damen und Herren,</subject><letter_text>hiermit kündige ich meinen Talkline-Vertrag fristgerecht zum nächstmöglichen Zeitpunkt. Bitte senden Sie mir eine schriftliche Bestätigung der Kündigung zu. Erst nachdem meine Kündigung bestätigt wurde, dürfen Sie mich kontaktieren, um interessante Angebote vorzustellen.</letter_text></item>
<item><category>Handyvertrag</category><source_url>https://www.aboalarm.de/kuendigung-adresse/handyvertrag/o2</source_url><sub_category>None</sub_category><company>O2 Mobilfunk</company><full_address>Telefónica O2 Germany GmbH &amp; Co. OHG Kundenbetreuung 90345 Nürnberg</full_address><address>Telefónica O2 Germany GmbH &amp; Co. OHG</address><city>Nürnberg</city><zip>90345</zip><email>None</email><website>http://www.o2online.de</website><fax>01805571766</fax><hotline>089787979400</hotline><Weitere_Adressen_name>O2 Business Internet &amp; Telefon,O2 Business Mobilfunk,O2 Cloud,O2 Datentarif,O2 Handy Ratenplan,O2 Internet&amp;Festnetz,O2 TV</Weitere_Adressen_name><Weitere_Adressen_link>https://www.aboalarm.de/kuendigung-adresse/internet-und-telefon/o2-business-internet-und-telefon,https://www.aboalarm.de/kuendigung-adresse/handyvertrag/o2-business-mobilfunk,https://www.aboalarm.de/kuendigung-adresse/online-dienst/o2-cloud,https://www.aboalarm.de/kuendigung-adresse/internet-und-telefon/o2-datentarife,https://www.aboalarm.de/kuendigung-adresse/abonnement/o2-handy-ratenplan,https://www.aboalarm.de/kuendigung-adresse/internet-und-telefon/o2,https://www.aboalarm.de/kuendigung-adresse/online-videothek/o2-tv</Weitere_Adressen_link><form_field>O2-Handynummer,Geburtsdatum</form_field><subject>Sehr geehrte Damen und Herren,</subject><letter_text>hiermit kündige ich meinen O2-Vertrag fristgerecht zum nächstmöglichen Zeitpunkt. Bitte senden Sie mir eine schriftliche Bestätigung der Kündigung unter Angabe des Beendigungszeitpunktes zu.</letter_text></item>
<item><category>Handyvertrag</category><source_url>https://www.aboalarm.de/kuendigung-adresse/handyvertrag/platinummobile</source_url><sub_category>None</sub_category><company>platinummobile</company><full_address>platinummobile GmbH Gewerbering 8 22113 Oststeinbek</full_address><address>platinummobile GmbH</address><city>Oststeinbek</city><zip>22113</zip><email>support@platinummobile.de</email><website>http://www.platinummobile.de</website><fax>01805554909</fax><hotline>01805178278</hotline><Weitere_Adressen_name></Weitere_Adressen_name><Weitere_Adressen_link></Weitere_Adressen_link><form_field>Handynummer</form_field><subject>Sehr geehrte Damen und Herren,</subject><letter_text>hiermit kündige ich meinen oben genannten Handyvertrag fristgerecht zum nächstmöglichen Zeitpunkt. Bitte senden Sie mir eine schriftliche Bestätigung der Kündigung unter Angabe des Beendigungszeitpunktes zu.</letter_text></item>
<item><category>Handyvertrag</category><source_url>https://www.aboalarm.de/kuendigung-adresse/handyvertrag/mtv-mobile</source_url><sub_category>None</sub_category><company>MTV mobile</company><full_address>MTV Mobile c/o E-Plus Service GmbH &amp; Co. KG Postfach 60 03 10 14403 Potsdam</full_address><address>MTV Mobile</address><city>60</city><zip>Postfach</zip><email>None</email><website>None</website><fax>None</fax><hotline></hotline><Weitere_Adressen_name>MTV mobile Schweiz</Weitere_Adressen_name><Weitere_Adressen_link>https://www.aboalarm.de/kuendigung-adresse/handyvertrag/mtv-mobile-schweiz</Weitere_Adressen_link><form_field>Handynummer</form_field><subject>Sehr geehrte Damen und Herren,</subject><letter_text>hiermit kündige ich meinen oben genannten Handyvertrag fristgerecht zum nächstmöglichen Zeitpunkt. Bitte senden Sie mir eine schriftliche Bestätigung der Kündigung unter Angabe des Beendigungszeitpunktes zu.</letter_text></item>
<item><category>Handyvertrag</category><source_url>https://www.aboalarm.de/kuendigung-adresse/handyvertrag/telekom</source_url><sub_category>None</sub_category><company>Telekom Handyvertrag</company><full_address>Telekom Deutschland GmbH Landgrabenweg 151 53227 Bonn</full_address><address>Telekom Deutschland GmbH</address><city>Bonn</city><zip>53227</zip><email>kundenservice.mobilfunk@telekom.de</email><website>https://www.telekom.de/</website><fax>None</fax><hotline>08003302202</hotline><Weitere_Adressen_name>Telekom Computerhilfe,Telekom Data Comfort,Telekom Internet und Telefon,Telekom MagentaZuhause,Telekom Mail &amp; Cloud,Telekom MyWallet,Telekom Sport,Telekom Strom</Weitere_Adressen_name><Weitere_Adressen_link>https://www.aboalarm.de/kuendigung-adresse/internet-und-telefon/telekom-computerhilfe,https://www.aboalarm.de/kuendigung-adresse/internet-und-telefon/telekom-data-comfort,https://www.aboalarm.de/kuendigung-adresse/internet-und-telefon/telekom,https://www.aboalarm.de/kuendigung-adresse/internet-und-telefon/magentazuhause,https://www.aboalarm.de/kuendigung-adresse/mail-service/telekom-mail-und-cloud,https://www.aboalarm.de/kuendigung-adresse/abonnement/telekom-mywallet,https://www.aboalarm.de/kuendigung-adresse/pay-tv/telekom-sport,https://www.aboalarm.de/kuendigung-adresse/energie/telekom-strom</Weitere_Adressen_link><form_field>T-Mobile-Handynummer,Geburtsdatum</form_field><subject>Sehr geehrte Damen und Herren,</subject><letter_text>hiermit kündige ich meinen T-Mobile Mobilfunk-Vertrag fristgerecht zum nächstmöglichen Zeitpunkt. Bitte senden Sie mir eine schriftliche Bestätigung der Kündigung unter Angabe des Beendigungszeitpunktes zu.</letter_text></item>
<item><category>Handyvertrag</category><source_url>https://www.aboalarm.de/kuendigung-adresse/handyvertrag/mobilcom-debitel</source_url><sub_category>None</sub_category><company>mobilcom-debitel</company><full_address>mobilcom-debitel GmbH Kundenservice 99076 Erfurt</full_address><address>mobilcom-debitel GmbH</address><city>Erfurt</city><zip>99076</zip><email>impressum@md.de</email><website>http://www.mobilcom-debitel.de</website><fax>None</fax><hotline>040 55 55 41 540</hotline><Weitere_Adressen_name></Weitere_Adressen_name><Weitere_Adressen_link></Weitere_Adressen_link><form_field>Handynummer</form_field><subject>Sehr geehrte Damen und Herren,</subject><letter_text>hiermit kündige ich meinen mobilcom-debitel-Vertrag fristgerecht zum nächstmöglichen Zeitpunkt. Bitte senden Sie mir eine schriftliche Bestätigung der Kündigung zu.</letter_text></item>
<item><category>Handyvertrag</category><source_url>https://www.aboalarm.de/kuendigung-adresse/handyvertrag/freenet-mobile</source_url><sub_category>None</sub_category><company>freenet Mobile</company><full_address>klarmobil GmbH Freenet Mobile Kundenbetreuung Postfach 0661 24752 Rendsburg</full_address><address>klarmobil GmbH</address><city>0661</city><zip>Postfach</zip><email>info@klarmobil.de</email><website>https://www.freenetmobile.de/</website><fax>None</fax><hotline>040 34 8585 330</hotline><Weitere_Adressen_name></Weitere_Adressen_name><Weitere_Adressen_link></Weitere_Adressen_link><form_field>Handynummer</form_field><subject>Sehr geehrte Damen und Herren,</subject><letter_text>hiermit kündige ich meinen oben genannten Handyvertrag fristgerecht zum nächstmöglichen Zeitpunkt. Bitte senden Sie mir eine schriftliche Bestätigung der Kündigung unter Angabe des Beendigungszeitpunktes zu.</letter_text></item>
<item><category>Handyvertrag</category><source_url>https://www.aboalarm.de/kuendigung-adresse/handyvertrag/klarmobil-de</source_url><sub_category>None</sub_category><company>klarmobil.de</company><full_address>klarmobil GmbH Hollerstraße 126 24782 Büdelsdorf</full_address><address>klarmobil GmbH</address><city>Büdelsdorf</city><zip>24782</zip><email>info@klarmobil.de</email><website>http://www.klarmobil.de</website><fax>040 34 8585 309</fax><hotline>040 34 8585 300</hotline><Weitere_Adressen_name></Weitere_Adressen_name><Weitere_Adressen_link></Weitere_Adressen_link><form_field>Handynummer</form_field><subject>Sehr geehrte Damen und Herren,</subject><letter_text>hiermit kündige ich meinen klarmobil-Vertrag fristgerecht zum nächstmöglichen Zeitpunkt. Bitte senden Sie mir eine schriftliche Bestätigung der Kündigung zu.</letter_text></item>
<item><category>Handyvertrag</category><source_url>https://www.aboalarm.de/kuendigung-adresse/handyvertrag/fonic</source_url><sub_category>None</sub_category><company>FONIC</company><full_address>Telefónica Germany GmbH &amp; Co. OHG FONIC Kundenbetreuung Postfach 1038 90001 Nürnberg</full_address><address>Telefónica Germany GmbH &amp; Co. OHG</address><city>1038</city><zip>Postfach</zip><email>service@fonic.de</email><website>http://www.fonic.de</website><fax>01805 -910 908</fax><hotline>0176 8888 0000</hotline><Weitere_Adressen_name></Weitere_Adressen_name><Weitere_Adressen_link></Weitere_Adressen_link><form_field>Handynummer</form_field><subject>Sehr geehrte Damen und Herren,</subject><letter_text>hiermit kündige ich meinen oben genannten Handyvertrag fristgerecht zum nächstmöglichen Zeitpunkt. Bitte senden Sie mir eine schriftliche Bestätigung der Kündigung unter Angabe des Beendigungszeitpunktes zu.</letter_text></item>
<item><category>Handyvertrag</category><source_url>https://www.aboalarm.de/kuendigung-adresse/handyvertrag/e-plus</source_url><sub_category>None</sub_category><company>E-Plus</company><full_address>Telefónica Germany GmbH &amp; Co. OHG Kundenbetreuung 90345 Nürnberg</full_address><address>Telefónica Germany GmbH &amp; Co. OHG</address><city>Nürnberg</city><zip>90345</zip><email>kundenservice@eplus.de</email><website>https://www.o2online.de/service/kuendigung/</website><fax>01805571766</fax><hotline>089 - 78 79 79 40 0</hotline><Weitere_Adressen_name></Weitere_Adressen_name><Weitere_Adressen_link></Weitere_Adressen_link><form_field>E-Plus-Handynummer</form_field><subject>Sehr geehrte Damen und Herren,</subject><letter_text>hiermit kündige ich meinen E-Plus-Vertrag fristgerecht zum nächstmöglichen Zeitpunkt. Bitte senden Sie mir eine schriftliche Bestätigung der Kündigung unter Angabe des Beendigungszeitpunktes zu.</letter_text></item>
<item><category>Handyvertrag</category><source_url>https://www.aboalarm.de/kuendigung-adresse/handyvertrag/deutschlandsim</source_url><sub_category>None</sub_category><company>DeutschlandSIM</company><full_address>Drillisch Online GmbH Wilhelm-Röntgen-Str. 1-5 63477 Maintal</full_address><address>Drillisch Online GmbH</address><city>Maintal</city><zip>63477</zip><email>Impressum@deutschlandsim.de</email><website>http://www.deutschlandsim.de</website><fax>06181 7074 063</fax><hotline>06181 7074 093</hotline><Weitere_Adressen_name></Weitere_Adressen_name><Weitere_Adressen_link></Weitere_Adressen_link><form_field>Handynummer</form_field><subject>Sehr geehrte Damen und Herren,</subject><letter_text>hiermit kündige ich meinen oben genannten Handyvertrag fristgerecht zum nächstmöglichen Zeitpunkt. Bitte senden Sie mir eine schriftliche Bestätigung der Kündigung unter Angabe des Beendigungszeitpunktes zu.</letter_text></item>
<item><category>Handyvertrag</category><source_url>https://www.aboalarm.de/kuendigung-adresse/handyvertrag/bildmobil</source_url><sub_category>None</sub_category><company>BILDmobil</company><full_address>BILDmobil-Kundenbetreuung Postfach 65 04 12 66143 Saarbrücken</full_address><address>BILDmobil-Kundenbetreuung</address><city>Saarbrücken</city><zip>66143</zip><email>service@bildmobil.de</email><website>http://www.bildmobile.de</website><fax>01805880046</fax><hotline>01807112233</hotline><Weitere_Adressen_name></Weitere_Adressen_name><Weitere_Adressen_link></Weitere_Adressen_link><form_field>Handynummer</form_field><subject>Sehr geehrte Damen und Herren,</subject><letter_text>hiermit kündige ich meinen oben genannten Handyvertrag fristgerecht zum nächstmöglichen Zeitpunkt. Bitte senden Sie mir eine schriftliche Bestätigung der Kündigung unter Angabe des Beendigungszeitpunktes zu.</letter_text></item>
<item><category>Handyvertrag</category><source_url>https://www.aboalarm.de/kuendigung-adresse/handyvertrag/congstar</source_url><sub_category>None</sub_category><company>congstar Mobilfunk</company><full_address>congstar GmbH Kundenservice Postfach 1165 61466 Kronberg</full_address><address>congstar GmbH</address><city>1165</city><zip>Postfach</zip><email>kundenservice@congstar.de</email><website>http://www.congstar.de</website><fax>0221 79 700 601</fax><hotline>0221 79 700 700</hotline><Weitere_Adressen_name>congstar Internet &amp; Festnetz</Weitere_Adressen_name><Weitere_Adressen_link>https://www.aboalarm.de/kuendigung-adresse/internet-und-telefon/congstar</Weitere_Adressen_link><form_field>Kundennummer</form_field><subject>Sehr geehrte Damen und Herren,</subject><letter_text>hiermit kündige ich meinen oben genannten Handyvertrag fristgerecht zum nächstmöglichen Zeitpunkt. Bitte senden Sie mir eine schriftliche Bestätigung der Kündigung unter Angabe des Beendigungszeitpunktes zu.</letter_text></item>
<item><category>Handyvertrag</category><source_url>https://www.aboalarm.de/kuendigung-adresse/handyvertrag/base</source_url><sub_category>None</sub_category><company>BASE</company><full_address>BASE c/o Telefónica Germany GmbH &amp; Co. OHG Kundenservice Base Georg-Brauchle-Ring 50 80992 München</full_address><address>BASE c/o Telefónica Germany GmbH &amp; Co. OHG</address><city>50</city><zip>Georg-Brauchle-Ring</zip><email>None</email><website>http://www.base.de</website><fax>089 96160628</fax><hotline>089 787979400</hotline><Weitere_Adressen_name>baseportal</Weitere_Adressen_name><Weitere_Adressen_link>https://www.aboalarm.de/kuendigung-adresse/online-dienst/baseportal</Weitere_Adressen_link><form_field>BASE Handynummer,BASE Kundennummer</form_field><subject>Sehr geehrte Damen und Herren,</subject><letter_text>hiermit kündige ich meinen BASE-Vertrag fristgerecht zum nächstmöglichen Zeitpunkt. Bitte senden Sie mir eine schriftliche Bestätigung der Kündigung unter Angabe des Beendigungszeitpunktes zu.</letter_text></item>
<item><category>Handyvertrag</category><source_url>https://www.aboalarm.de/kuendigung-adresse/handyvertrag/1-und-1</source_url><sub_category>None</sub_category><company>1&amp;1 Mobilfunk</company><full_address>1&amp;1 Telecom GmbH Elgendorfer Str. 57 56410 Montabaur</full_address><address>1&amp;1 Telecom GmbH</address><city>Montabaur</city><zip>56410</zip><email>kuendigung@1und1.de</email><website>http://www.1und1.de</website><fax>0721 960 8132</fax><hotline>07219600</hotline><Weitere_Adressen_name>1&amp;1 De-Mail,1&amp;1 Domain &amp; Hosting,1&amp;1 DSL/Festnetz/Mobilfunk,1&amp;1 Energie,1&amp;1 Internet &amp; Telefon,1&amp;1 IONOS,1&amp;1 Mail &amp; Media,1&amp;1 Notebook-Flat,1&amp;1 Tablet-Flat</Weitere_Adressen_name><Weitere_Adressen_link>https://www.aboalarm.de/kuendigung-adresse/mail-service/1-und-1-de-mail,https://www.aboalarm.de/kuendigung-adresse/domain/1-und-1,https://www.aboalarm.de/kuendigung-adresse/internet-und-telefon/1-und-1-dslfestnetzmobilfunk,https://www.aboalarm.de/kuendigung-adresse/energie/1-und-1-energie,https://www.aboalarm.de/kuendigung-adresse/internet-und-telefon/1-und-1,https://www.aboalarm.de/kuendigung-adresse/domain/1-und-1-ionos,https://www.aboalarm.de/kuendigung-adresse/mail-service/1-und-1-mail-und-media,https://www.aboalarm.de/kuendigung-adresse/internet-und-telefon/1-und-1-datentarife,https://www.aboalarm.de/kuendigung-adresse/abonnement/1-und-1-tablet-flat</Weitere_Adressen_link><form_field>1&amp;1 Kundennummer,1&amp;1 Vertragsnummer</form_field><subject>Sehr geehrte Damen und Herren,</subject><letter_text>hiermit kündige ich meinen oben genannten Handyvertrag fristgerecht zum nächstmöglichen Zeitpunkt. Bitte senden Sie mir eine schriftliche Bestätigung der Kündigung unter Angabe des Beendigungszeitpunktes zu.</letter_text></item>
</items>