<?xml version="1.0" encoding="utf-8"?>
<items>
<item><category>Versicherung</category><source_url>https://www.aboalarm.de/kuendigung-adresse/hausratversicherung/wwk</source_url><sub_category>Hausratversicherung</sub_category><company>WWK Hausratversicherung</company><full_address>WWK Versicherung AG Hausratversicherung Marsstr. 37 80335  München</full_address><address>WWK Versicherung AG</address><city>München</city><zip>80335 </zip><email>info@wwk.de</email><website>http://www.wwk.de</website><fax>+49 89 5114-2337</fax><hotline>+49 89 5114-0</hotline><Weitere_Adressen_name>WWK Altersvorsorge,WWK Berufsunfähigkeitsversicherung,WWK Glasversicherung,WWK Haftpflichtversicherung,WWK Haus-/Grundbesitzerhaftpflichtversicherung,WWK KFZ-Versicherung,WWK Lebensversicherung,WWK Pflegeversicherung,WWK Rechtsschutzversicherung,WWK Riesterrente,WWK Risiko-Lebensversicherung,WWK Sterbegeldversicherung,WWK Tierhalterhaftpflichtversicherung,WWK Unfallversicherung,WWK Wohngebäudeversicherung</Weitere_Adressen_name><Weitere_Adressen_link>https://www.aboalarm.de/kuendigung-adresse/rentenversicherung/wwk,https://www.aboalarm.de/kuendigung-adresse/berufsunfaehigkeitsversicherung/wwk,https://www.aboalarm.de/kuendigung-adresse/versicherung/wwk-glasversicherung,https://www.aboalarm.de/kuendigung-adresse/haftpflichtversicherung/wwk,https://www.aboalarm.de/kuendigung-adresse/haftpflichtversicherung/wwk-haus-grundbesitzerhaftpflichtversicherung,https://www.aboalarm.de/kuendigung-adresse/kfz-versicherung/wwk,https://www.aboalarm.de/kuendigung-adresse/lebensversicherung/wwk,https://www.aboalarm.de/kuendigung-adresse/krankenversicherung/wwk-pflegeversicherung,https://www.aboalarm.de/kuendigung-adresse/rechtsschutzversicherung/wwk,https://www.aboalarm.de/kuendigung-adresse/rentenversicherung/wwk-riesterrente,https://www.aboalarm.de/kuendigung-adresse/lebensversicherung/wwk-risiko-lebensversicherung,https://www.aboalarm.de/kuendigung-adresse/versicherung/wwk-sterbegeldversicherung,https://www.aboalarm.de/kuendigung-adresse/haftpflichtversicherung/wwk-tierhalterhaftpflichtversicherung,https://www.aboalarm.de/kuendigung-adresse/unfallversicherung/wwk,https://www.aboalarm.de/kuendigung-adresse/versicherung/wwk-wohngebaeudeversicherung</Weitere_Adressen_link><form_field>Versicherungsnummer</form_field><subject>Sehr geehrte Damen und Herren,</subject><letter_text>hiermit kündige ich meine oben genannte Hausratsversicherung fristgerecht zum nächstmöglichen Zeitpunkt. Bitte senden Sie mir eine schriftliche Bestätigung der Kündigung unter Angabe des Beendigungszeitpunktes zu.</letter_text></item>
<item><category>Versicherung</category><source_url>https://www.aboalarm.de/kuendigung-adresse/hausratversicherung/wertgarantie</source_url><sub_category>Hausratversicherung</sub_category><company>Wertgarantie Geräteversicherung</company><full_address>WERTGARANTIE AG Breite Straße 8 30159 Hannover</full_address><address>WERTGARANTIE AG</address><city>Hannover</city><zip>30159</zip><email>kunde@wertgarantie.com</email><website>http://www.wertgarantie.com</website><fax>051171280149</fax><hotline>051171280123</hotline><Weitere_Adressen_name></Weitere_Adressen_name><Weitere_Adressen_link></Weitere_Adressen_link><form_field>Versicherungsnummer</form_field><subject>Sehr geehrte Damen und Herren,</subject><letter_text>hiermit kündige ich meine oben genannte Geräteversicherung fristgerecht zum nächstmöglichen Zeitpunkt. Bitte senden Sie mir eine schriftliche Bestätigung der Kündigung unter Angabe des Beendigungszeitpunktes zu.</letter_text></item>
<item><category>Versicherung</category><source_url>https://www.aboalarm.de/kuendigung-adresse/hausratversicherung/volkswohl-bund</source_url><sub_category>Hausratversicherung</sub_category><company>Volkswohl Bund Hausratversicherung</company><full_address>Volkswohl Bund Sachversicherung AG Südwall 37 - 41 44137  Dortmund</full_address><address>Volkswohl Bund Sachversicherung AG</address><city>Dortmund</city><zip>44137 </zip><email>-</email><website>http://www.volkswohl-bund.de</website><fax> 0231/5433400</fax><hotline>0 0231-54330</hotline><Weitere_Adressen_name>Volkswohl Bund  Berufsunfähigkeitsversicherung,Volkswohl Bund Erwerbsunfähigkeitsversicherung,Volkswohl Bund Glasversicherung,Volkswohl Bund Haftpflichtversicherung,Volkswohl Bund Haus-/Grundbesitzerhaftpflichtversicherung,Volkswohl Bund KFZ-Versicherung,Volkswohl Bund Lebensversicherung,Volkswohl Bund Rechtsschutzversicherung,Volkswohl Bund Rentenversicherung,Volkswohl Bund Riester-Rente,Volkswohl Bund Risiko-Lebensversicherung,Volkswohl Bund Schwere Krankheiten (Dread Disease) Versicherung,Volkswohl Bund Tierhalterhaftpflichtversicherung,Volkswohl Bund Unfallversicherung,Volkswohl Bund Wohngebäudeversicherung</Weitere_Adressen_name><Weitere_Adressen_link>https://www.aboalarm.de/kuendigung-adresse/berufsunfaehigkeitsversicherung/volkswohl-bund,https://www.aboalarm.de/kuendigung-adresse/rentenversicherung/volkswohl-bund-erwerbsunfaehigkeitsversicherung,https://www.aboalarm.de/kuendigung-adresse/versicherung/volkswohl-bund-glasversicherung,https://www.aboalarm.de/kuendigung-adresse/haftpflichtversicherung/volkswohl-bund,https://www.aboalarm.de/kuendigung-adresse/haftpflichtversicherung/volkswohl-bund-haus-grundbesitzerhaftpflichtversicherung,https://www.aboalarm.de/kuendigung-adresse/kfz-versicherung/volkswohl-bund,https://www.aboalarm.de/kuendigung-adresse/lebensversicherung/volkswohl-bund-versicherung,https://www.aboalarm.de/kuendigung-adresse/rechtsschutzversicherung/volkswohl-bund,https://www.aboalarm.de/kuendigung-adresse/rentenversicherung/volkswohl-bund,https://www.aboalarm.de/kuendigung-adresse/rentenversicherung/volkswohl-bund-rieser-rente,https://www.aboalarm.de/kuendigung-adresse/lebensversicherung/volkswohl-versicherungen,https://www.aboalarm.de/kuendigung-adresse/krankenversicherung/volkswohl-bund-schwere-krankheiten-dread-disease-versicherung,https://www.aboalarm.de/kuendigung-adresse/haftpflichtversicherung/volkswohl-bund-tierhalterhaftpflichtversicherung,https://www.aboalarm.de/kuendigung-adresse/unfallversicherung/volkswohl-bund,https://www.aboalarm.de/kuendigung-adresse/versicherung/volkswohl-bund-wohngebaeudeversicherung</Weitere_Adressen_link><form_field>Versicherungsnummer</form_field><subject>Sehr geehrte Damen und Herren,</subject><letter_text>hiermit kündige ich meine oben genannte Hausratsversicherung fristgerecht zum nächstmöglichen Zeitpunkt. Bitte senden Sie mir eine schriftliche Bestätigung der Kündigung unter Angabe des Beendigungszeitpunktes zu.</letter_text></item>
<item><category>Versicherung</category><source_url>https://www.aboalarm.de/kuendigung-adresse/hausratversicherung/signal-iduna</source_url><sub_category>Hausratversicherung</sub_category><company>Signal Iduna Hausratversicherung</company><full_address>Signal Iduna Gruppe Joseph-Scherer-Str. 3 44139  Dortmund</full_address><address>Signal Iduna Gruppe</address><city>Dortmund</city><zip>44139 </zip><email>info@signal-iduna.de</email><website>http://www.signal-iduna.de</website><fax> 0231/1354638</fax><hotline>02311350</hotline><Weitere_Adressen_name>Signal Iduna  Schwere Krankheiten (Dread Disease) Versicherung,Signal Iduna Altersvorsorge,SIGNAL IDUNA Bauspar,Signal Iduna Berufsunfähigkeitsversicherung,Signal Iduna Depot,SIGNAL IDUNA Elektronikschadenversicherung,Signal Iduna Elektronikversicherung,SIGNAL IDUNA Elementarschadenversicherung,Signal Iduna Glasversicherung,Signal Iduna Haftpflichtversicherung,Signal Iduna Haus-/Grundbesitzerhaftpflichtversicherung,SIGNAL IDUNA Haushaltglasversicherung,Signal Iduna KFZ-Versicherung,Signal Iduna Krankenversicherung,SIGNAL IDUNA Lebensversicherung,SIGNAL IDUNA Pflegepflichtversicherung,Signal Iduna Rechtsschutzversicherung,Signal Iduna Reisegepäckversicherung,Signal Iduna Reiseversicherung,Signal Iduna Rentenversicherung,Signal Iduna Riester-Rente,Signal Iduna Sterbegeldversicherung,Signal Iduna Tierhalterhaftpflichtversicherung,Signal Iduna Unfallversicherung,Signal Iduna Wohngebäudeversicherung</Weitere_Adressen_name><Weitere_Adressen_link>https://www.aboalarm.de/kuendigung-adresse/krankenversicherung/signal-iduna-schwere-krankheiten-dread-disease-versicherung,https://www.aboalarm.de/kuendigung-adresse/rentenversicherung/signal-iduna-altersvorsorge,https://www.aboalarm.de/kuendigung-adresse/bausparvertrag/signal-iduna,https://www.aboalarm.de/kuendigung-adresse/berufsunfaehigkeitsversicherung/signal-iduna,https://www.aboalarm.de/kuendigung-adresse/finanzen/signal-iduna-depot,https://www.aboalarm.de/kuendigung-adresse/hausratversicherung/signal-iduna-elektronikschadenversicherung,https://www.aboalarm.de/kuendigung-adresse/versicherung/signal-iduna-elektronikversicherung,https://www.aboalarm.de/kuendigung-adresse/hausratversicherung/signal-iduna-elementarschadenversicherung,https://www.aboalarm.de/kuendigung-adresse/versicherung/signal-iduna-glasversicherung,https://www.aboalarm.de/kuendigung-adresse/haftpflichtversicherung/signal-iduna,https://www.aboalarm.de/kuendigung-adresse/haftpflichtversicherung/signal-iduna-haus-grundbesitzerhaftpflichtversicherung,https://www.aboalarm.de/kuendigung-adresse/abonnement/signal-iduna-haushaltglasversicherung,https://www.aboalarm.de/kuendigung-adresse/kfz-versicherung/signal-iduna,https://www.aboalarm.de/kuendigung-adresse/krankenversicherung/signal-iduna,https://www.aboalarm.de/kuendigung-adresse/lebensversicherung/signal-iduna,https://www.aboalarm.de/kuendigung-adresse/versicherung/signal-iduna-pflegepflichtversicherung,https://www.aboalarm.de/kuendigung-adresse/rechtsschutzversicherung/signal-iduna,https://www.aboalarm.de/kuendigung-adresse/reiseversicherung/signal-iduna,https://www.aboalarm.de/kuendigung-adresse/reiseversicherung/signal-iduna-reiseversicherung,https://www.aboalarm.de/kuendigung-adresse/rentenversicherung/signal-iduna,https://www.aboalarm.de/kuendigung-adresse/rentenversicherung/signal-iduna-riester-rente,https://www.aboalarm.de/kuendigung-adresse/versicherung/signal-iduna-sterbegeldversicherung,https://www.aboalarm.de/kuendigung-adresse/haftpflichtversicherung/signal-iduna-tierhalterhaftpflichtversicherung,https://www.aboalarm.de/kuendigung-adresse/unfallversicherung/signal-iduna-unfallversicherung,https://www.aboalarm.de/kuendigung-adresse/versicherung/signal-iduna-wohngebaeudeversicherung</Weitere_Adressen_link><form_field>Versicherungsnummer</form_field><subject>Sehr geehrte Damen und Herren,</subject><letter_text>hiermit kündige ich meine oben genannte Hausratsversicherung fristgerecht zum nächstmöglichen Zeitpunkt. Bitte senden Sie mir eine schriftliche Bestätigung der Kündigung unter Angabe des Beendigungszeitpunktes zu.</letter_text></item>
<item><category>Versicherung</category><source_url>https://www.aboalarm.de/kuendigung-adresse/hausratversicherung/r-und-v</source_url><sub_category>Hausratversicherung</sub_category><company>R+V Hausratversicherung</company><full_address>R+V Versicherung AG Raiffeisenplatz 1 65189 Wiesbaden</full_address><address>R+V Versicherung AG</address><city>Wiesbaden</city><zip>65189</zip><email>ruv@ruv.de</email><website>http://www.ruv.de</website><fax>06115334500</fax><hotline>018027858633</hotline><Weitere_Adressen_name>R+V  Krankenversicherung,R+V  Rentenversicherung,R+V Allgemeine Versicherung Ag,R+V Auslandskrankenversicherung,R+V Berufshaftpflicht­versicherung,R+V Berufsunfähig­keits­versicherung,R+V Betriebs­haftpflicht­versicherung,R+V Betriebskrankenkasse,R+V Elektronikversicherung,R+V Erwerbsunfähigkeitsversicherung,R+V Glasversicherung,R+V Haftpflichtversicherung,R+V Haus-/Grundbesitzerhaftpflichtversicherung,R+V KFZ-Versicherung,R+V Lebensversicherung,R+V Pflegeversicherung,R+V Private Krankenvollversicherung,R+V Private Krankenzusatzversicherung,R+V Privatpolice,R+V Rechtsschutzversicherung,R+V Riester-Rente,R+V Schwere Krankheiten (Dread Disease) Versicherung,R+V Sterbegeldversicherung,R+V Tierhalterhaftpflichtversicherung,R+V Unfallversicherung,R+V Wohngebäudeversicherung,R+V Zahnzusatzversicherung,R+V24 KFZ-Versicherung</Weitere_Adressen_name><Weitere_Adressen_link>https://www.aboalarm.de/kuendigung-adresse/krankenversicherung/r-und-v,https://www.aboalarm.de/kuendigung-adresse/rentenversicherung/r-und-v,https://www.aboalarm.de/kuendigung-adresse/abonnement/r-und-v-allgemeine-versicherung,https://www.aboalarm.de/kuendigung-adresse/krankenversicherung/r-und-v-auslandskrankenversicherung,https://www.aboalarm.de/kuendigung-adresse/haftpflichtversicherung/r-und-v-berufshaftpflichtversicherung,https://www.aboalarm.de/kuendigung-adresse/berufsunfaehigkeitsversicherung/r-und-v,https://www.aboalarm.de/kuendigung-adresse/haftpflichtversicherung/r-und-v-betriebshaftpflichtversicherung,https://www.aboalarm.de/kuendigung-adresse/krankenversicherung/r-und-v-betriebskrankenkasse,https://www.aboalarm.de/kuendigung-adresse/versicherung/r-und-v-elektronikversicherung,https://www.aboalarm.de/kuendigung-adresse/rentenversicherung/r-und-v-erwerbsunfaehigkeitsversicherung,https://www.aboalarm.de/kuendigung-adresse/versicherung/r-und-v-glasversicherung,https://www.aboalarm.de/kuendigung-adresse/haftpflichtversicherung/r-plus-v,https://www.aboalarm.de/kuendigung-adresse/haftpflichtversicherung/r-und-v-haus-grundbesitzerhaftpflichtversicherung,https://www.aboalarm.de/kuendigung-adresse/kfz-versicherung/r-und-v,https://www.aboalarm.de/kuendigung-adresse/lebensversicherung/r-und-v-lebensversicherung,https://www.aboalarm.de/kuendigung-adresse/krankenversicherung/r-und-v-pflegeversicherung,https://www.aboalarm.de/kuendigung-adresse/krankenversicherung/r-und-v-private-krankenvollversicherung,https://www.aboalarm.de/kuendigung-adresse/krankenversicherung/r-und-v-private-krankenzusatzversicherung,https://www.aboalarm.de/kuendigung-adresse/versicherung/r-und-v-privatpolice,https://www.aboalarm.de/kuendigung-adresse/rechtsschutzversicherung/r-und-v,https://www.aboalarm.de/kuendigung-adresse/rentenversicherung/r-und-v-riester-rente,https://www.aboalarm.de/kuendigung-adresse/krankenversicherung/r-und-v-schwere-krankheiten-dread-disease-versicherung,https://www.aboalarm.de/kuendigung-adresse/versicherung/r-und-v-sterbegeldversicherung,https://www.aboalarm.de/kuendigung-adresse/haftpflichtversicherung/r-und-v-tierhalterhaftpflichtversicherung,https://www.aboalarm.de/kuendigung-adresse/unfallversicherung/r-und-v,https://www.aboalarm.de/kuendigung-adresse/versicherung/r-und-v-wohngebaeudeversicherung,https://www.aboalarm.de/kuendigung-adresse/zahnzusatzversicherung/r-und-v,https://www.aboalarm.de/kuendigung-adresse/kfz-versicherung/r-und-v24</Weitere_Adressen_link><form_field>Versicherungsnummer</form_field><subject>Sehr geehrte Damen und Herren,</subject><letter_text>hiermit kündige ich meine oben genannte Hausratsversicherung fristgerecht zum nächstmöglichen Zeitpunkt. Bitte senden Sie mir eine schriftliche Bestätigung der Kündigung unter Angabe des Beendigungszeitpunktes zu.</letter_text></item>
<item><category>Versicherung</category><source_url>https://www.aboalarm.de/kuendigung-adresse/hausratversicherung/volksfuersorge</source_url><sub_category>Hausratversicherung</sub_category><company>Volksfürsorge Deutsche Hausratversicherung</company><full_address>Volksfürsorge Deutsche Sachversicherung AG Besenbinderhof 43 20097  Hamburg</full_address><address>Volksfürsorge Deutsche Sachversicherung AG</address><city>Hamburg</city><zip>20097 </zip><email>service@volksfuersorge.de</email><website>http://www.volksfuersorge.de</website><fax> 04028653369</fax><hotline>040-2865-4477</hotline><Weitere_Adressen_name>Volksfürsorge,Volksfürsorge Deutsche Berufsunfähigkeitsversicherung,Volksfürsorge Deutsche Haftpflichtversicherung,Volksfürsorge KFZ-Versicherung</Weitere_Adressen_name><Weitere_Adressen_link>https://www.aboalarm.de/kuendigung-adresse/versicherung/volksfuersorge,https://www.aboalarm.de/kuendigung-adresse/berufsunfaehigkeitsversicherung/volksfuersorge,https://www.aboalarm.de/kuendigung-adresse/haftpflichtversicherung/volksfuersorge,https://www.aboalarm.de/kuendigung-adresse/kfz-versicherung/volksfuersorge</Weitere_Adressen_link><form_field>Versicherungsnummer</form_field><subject>Sehr geehrte Damen und Herren,</subject><letter_text>hiermit kündige ich meine oben genannte Hausratsversicherung fristgerecht zum nächstmöglichen Zeitpunkt. Bitte senden Sie mir eine schriftliche Bestätigung der Kündigung unter Angabe des Beendigungszeitpunktes zu.</letter_text></item>
<item><category>Versicherung</category><source_url>https://www.aboalarm.de/kuendigung-adresse/hausratversicherung/nuernberger-allg-versicherung</source_url><sub_category>Hausratversicherung</sub_category><company>Nürnberger Hausratversicherung</company><full_address>Nürnberger Allg. Versicherungs-AG Ostendstr. 100 90334  Nürnberg</full_address><address>Nürnberger Allg. Versicherungs-AG</address><city>Nürnberg</city><zip>90334 </zip><email>info@nuernberger.de</email><website>http://www.nuernberger.de</website><fax>09115313206</fax><hotline>009115315</hotline><Weitere_Adressen_name></Weitere_Adressen_name><Weitere_Adressen_link></Weitere_Adressen_link><form_field>Versicherungsnummer</form_field><subject>Sehr geehrte Damen und Herren,</subject><letter_text>hiermit kündige ich meine oben genannte Hausratsversicherung fristgerecht zum nächstmöglichen Zeitpunkt. Bitte senden Sie mir eine schriftliche Bestätigung der Kündigung unter Angabe des Beendigungszeitpunktes zu.</letter_text></item>
<item><category>Versicherung</category><source_url>https://www.aboalarm.de/kuendigung-adresse/hausratversicherung/mannheimer-versicherung</source_url><sub_category>Hausratversicherung</sub_category><company>Mannheimer Hausratversicherung</company><full_address>Mannheimer Versicherung AG Hausratversicherung Augustaanlage 66 68165  Mannheim</full_address><address>Mannheimer Versicherung AG</address><city>Mannheim</city><zip>68165 </zip><email>service@mannheimer.de</email><website>http://www.mannheimer.de</website><fax>0621 457 80 08</fax><hotline>06214578000</hotline><Weitere_Adressen_name>Mannheimer Versicherung</Weitere_Adressen_name><Weitere_Adressen_link>https://www.aboalarm.de/kuendigung-adresse/versicherung/mannheimer-versicherung</Weitere_Adressen_link><form_field>Versicherungsnummer</form_field><subject>Sehr geehrte Damen und Herren,</subject><letter_text>hiermit kündige ich meine oben genannte Hausratsversicherung fristgerecht zum nächstmöglichen Zeitpunkt. Bitte senden Sie mir eine schriftliche Bestätigung der Kündigung unter Angabe des Beendigungszeitpunktes zu.</letter_text></item>
<item><category>Versicherung</category><source_url>https://www.aboalarm.de/kuendigung-adresse/hausratversicherung/huk-coburg</source_url><sub_category>Hausratversicherung</sub_category><company>Huk-Coburg Hausratversicherung</company><full_address>Huk-Coburg Allgemeine AG Bahnhofsplatz  96445  Coburg</full_address><address>Huk-Coburg Allgemeine AG</address><city>Coburg</city><zip>96445 </zip><email>Info@HUK-COBURG.de</email><website>http://www.huk.de</website><fax>08002153486</fax><hotline>0800-2153153</hotline><Weitere_Adressen_name>HUK-Coburg Auslandskrankenversicherung,HUK-COBURG Berufsunfähigkeitsversicherung,HUK-Coburg Glasversicherung,Huk-Coburg Haftpflichtversicherung,HUK-Coburg Haus-/Grundbesitzerhaftpflichtversicherung,HUK-Coburg KFZ-Versicherung,Huk-Coburg Krankenversicherung,HUK-Coburg Krankenzusatzversicherung,Huk-Coburg Lebensversicherung,HUK-Coburg Pflegeversicherung,Huk-Coburg Rechtsschutzversicherung,Huk-Coburg Reiseversicherung,Huk-Coburg Riester-Rente,HUK-Coburg Sterbegeldversicherung,HUK-Coburg Tierhalterhaftpflichtversicherung,HUK-Coburg Unfallversicherung,Huk-Coburg Wohngebäudeversicherung,HUK-Coburg Zahnzusatzversicherung</Weitere_Adressen_name><Weitere_Adressen_link>https://www.aboalarm.de/kuendigung-adresse/krankenversicherung/huk-coburg-auslandskrankenversicherung,https://www.aboalarm.de/kuendigung-adresse/berufsunfaehigkeitsversicherung/huk-coburg,https://www.aboalarm.de/kuendigung-adresse/versicherung/huk-coburg-glasversicherung,https://www.aboalarm.de/kuendigung-adresse/haftpflichtversicherung/huk-coburg,https://www.aboalarm.de/kuendigung-adresse/haftpflichtversicherung/huk-coburg-haus-grundbesitzerhaftpflichtversicherung,https://www.aboalarm.de/kuendigung-adresse/kfz-versicherung/huk-coburg,https://www.aboalarm.de/kuendigung-adresse/krankenversicherung/huk-coburg,https://www.aboalarm.de/kuendigung-adresse/krankenversicherung/huk-coburg-sonstige-krankenzusatzversicherung,https://www.aboalarm.de/kuendigung-adresse/lebensversicherung/huk-coburg,https://www.aboalarm.de/kuendigung-adresse/versicherung/huk-coburg-pflegeversicherung,https://www.aboalarm.de/kuendigung-adresse/rechtsschutzversicherung/huk-coburg,https://www.aboalarm.de/kuendigung-adresse/reiseversicherung/huk-coburg-reiseversicherung,https://www.aboalarm.de/kuendigung-adresse/rentenversicherung/huk-coburg-riester-rente,https://www.aboalarm.de/kuendigung-adresse/versicherung/huk-coburg-sterbegeldversicherung,https://www.aboalarm.de/kuendigung-adresse/haftpflichtversicherung/huk-coburg-tierhalterhaftpflichtversicherung,https://www.aboalarm.de/kuendigung-adresse/unfallversicherung/huk-coburg,https://www.aboalarm.de/kuendigung-adresse/versicherung/huk-coburg-wohngebaeudeversicherung,https://www.aboalarm.de/kuendigung-adresse/zahnzusatzversicherung/huk-coburg</Weitere_Adressen_link><form_field>Versicherungsnummer</form_field><subject>Sehr geehrte Damen und Herren,</subject><letter_text>hiermit kündige ich meine oben genannte Hausratsversicherung fristgerecht zum nächstmöglichen Zeitpunkt. Bitte senden Sie mir eine schriftliche Bestätigung der Kündigung unter Angabe des Beendigungszeitpunktes zu.</letter_text></item>
<item><category>Versicherung</category><source_url>https://www.aboalarm.de/kuendigung-adresse/hausratversicherung/hdi</source_url><sub_category>Hausratversicherung</sub_category><company>HDI Hausratversicherung</company><full_address>HDI Versicherung AG Hausratversicherung HDI Platz 1 30659 Hannover</full_address><address>HDI Versicherung AG</address><city>Platz</city><zip>HDI</zip><email>sach.vertrag@hdi.de</email><website>http://www.hdi.de</website><fax>05116451152916</fax><hotline>05113806-3806</hotline><Weitere_Adressen_name>HDI Berufsunfähigkeitsversicherung,HDI Erwerbsunfähigkeitsversicherung,HDI Glasversicherung,HDI Haftpflichtversicherung,HDI Haus-/Grundbesitzerhaftpflichtversicherung,HDI KFZ-Versicherung,HDI Lebensversicherung,HDI Pflegeversicherung,HDI Privatschutzversicherung,HDI Rechtsschutzversicherung,HDI Rentenversicherung,HDI Riester-Rente,HDI Schwere Krankheiten (Dread Disease) Versicherung,HDI Sterbegeldversicherung,HDI Tierhalterhaftpflichtversicherung,HDI Unfallversicherung,HDI Wohngebäudeversicherung</Weitere_Adressen_name><Weitere_Adressen_link>https://www.aboalarm.de/kuendigung-adresse/berufsunfaehigkeitsversicherung/hdi,https://www.aboalarm.de/kuendigung-adresse/rentenversicherung/hdi-erwerbsunfaehigkeitsversicherung,https://www.aboalarm.de/kuendigung-adresse/versicherung/hdi-glasversicherung,https://www.aboalarm.de/kuendigung-adresse/haftpflichtversicherung/hdi,https://www.aboalarm.de/kuendigung-adresse/haftpflichtversicherung/hdi-haus-grundbesitzerhaftpflichtversicherung,https://www.aboalarm.de/kuendigung-adresse/kfz-versicherung/hdi,https://www.aboalarm.de/kuendigung-adresse/lebensversicherung/hdi,https://www.aboalarm.de/kuendigung-adresse/krankenversicherung/hdi-pflegeversicherung,https://www.aboalarm.de/kuendigung-adresse/versicherung/hdi-privatschutzversicherung,https://www.aboalarm.de/kuendigung-adresse/rechtsschutzversicherung/hdi,https://www.aboalarm.de/kuendigung-adresse/rentenversicherung/hdi,https://www.aboalarm.de/kuendigung-adresse/rentenversicherung/hdi-riester-rente,https://www.aboalarm.de/kuendigung-adresse/krankenversicherung/hdi-schwere-krankheiten-dread-disease-versicherung,https://www.aboalarm.de/kuendigung-adresse/versicherung/hdi-sterbegeldversicherung,https://www.aboalarm.de/kuendigung-adresse/haftpflichtversicherung/hdi-tierhalterhaftpflichtversicherung,https://www.aboalarm.de/kuendigung-adresse/unfallversicherung/hdi,https://www.aboalarm.de/kuendigung-adresse/versicherung/hdi-wohngebaeudeversicherung</Weitere_Adressen_link><form_field>Versicherungsnummer</form_field><subject>Sehr geehrte Damen und Herren,</subject><letter_text>hiermit kündige ich meine oben genannte Hausratsversicherung fristgerecht zum nächstmöglichen Zeitpunkt. Bitte senden Sie mir eine schriftliche Bestätigung der Kündigung unter Angabe des Beendigungszeitpunktes zu.</letter_text></item>
<item><category>Versicherung</category><source_url>https://www.aboalarm.de/kuendigung-adresse/hausratversicherung/hansemerkur</source_url><sub_category>Hausratversicherung</sub_category><company>HanseMerkur Hausratversicherung</company><full_address>HanseMerkur Allgemeine Versicherung AG Hausratversicherung Siegfried-Wedells-Platz 1 20354 Hamburg</full_address><address>HanseMerkur Allgemeine Versicherung AG</address><city>1</city><zip>Siegfried-Wedells-Platz</zip><email>info@hansemerkur.de</email><website>http://www.hansemerkur.de</website><fax>04041193257</fax><hotline>0404119-1940</hotline><Weitere_Adressen_name>HanseMerkur Auslandskrankenversicherung,HanseMerkur Berufsunfähigkeitsversicherung,HanseMerkur Glasversicherung,HanseMerkur Haftpflichtversicherung,HanseMerkur Haus-/Grundbesitzerhaftpflichtversicherung,HanseMerkur Hunde-OP Versicherung,HanseMerkur KFZ-Versicherung,HanseMerkur Krankenversicherung,HanseMerkur Krankenzusatzversicherung,HanseMerkur Lebensversicherung,HanseMerkur Pflegeversicherung,HanseMerkur Private Krankenvollversicherung,HanseMerkur Rechtsschutzversicherung,HanseMerkur Reisegepäckversicherung,HanseMerkur Reiseunfallversicherung,HanseMerkur Reiseversicherung,HanseMerkur Rentenversicherung,HanseMerkur Risiko-Lebensversicherung,HanseMerkur Schwere Krankheiten (Dread Disease) Versicherung,HanseMerkur Speziale Krankenversicherung,HanseMerkur Sterbegeldversicherung,HanseMerkur Tierhalterhaftpflichtversicherung,HanseMerkur Unfallversicherung,HanseMerkur Versicherung,HanseMerkur Wohngebäudeversicherung,HanseMerkur Zahnzusatzversicherung</Weitere_Adressen_name><Weitere_Adressen_link>https://www.aboalarm.de/kuendigung-adresse/krankenversicherung/hansemerkur-auslandskrankenversicherung,https://www.aboalarm.de/kuendigung-adresse/berufsunfaehigkeitsversicherung/hansemerkur,https://www.aboalarm.de/kuendigung-adresse/versicherung/hansemerkur-glasversicherung,https://www.aboalarm.de/kuendigung-adresse/haftpflichtversicherung/hansemerkur,https://www.aboalarm.de/kuendigung-adresse/haftpflichtversicherung/hansemerkur-haus-grundbesitzerhaftpflichtversicherung,https://www.aboalarm.de/kuendigung-adresse/krankenversicherung/hansemerkur-hunde-op-versicherung,https://www.aboalarm.de/kuendigung-adresse/kfz-versicherung/hansemerkur,https://www.aboalarm.de/kuendigung-adresse/krankenversicherung/hansemerkur,https://www.aboalarm.de/kuendigung-adresse/krankenversicherung/hansemerkur-sonstige-krankenzusatzversicherung,https://www.aboalarm.de/kuendigung-adresse/lebensversicherung/hansemerkur-lebensversicherung,https://www.aboalarm.de/kuendigung-adresse/krankenversicherung/hansemerkur-pflegeversicherung,https://www.aboalarm.de/kuendigung-adresse/krankenversicherung/hansemerkur-private-krankenvollversicherung,https://www.aboalarm.de/kuendigung-adresse/rechtsschutzversicherung/hansemerkur,https://www.aboalarm.de/kuendigung-adresse/reiseversicherung/hansemerkur-reisegepaeckversicherung,https://www.aboalarm.de/kuendigung-adresse/unfallversicherung/hansemerkur-reiseunfallversicherung,https://www.aboalarm.de/kuendigung-adresse/reiseversicherung/hansemerkur,https://www.aboalarm.de/kuendigung-adresse/rentenversicherung/hansemerkur,https://www.aboalarm.de/kuendigung-adresse/lebensversicherung/hansemerkur-risiko-lebensversicherung,https://www.aboalarm.de/kuendigung-adresse/krankenversicherung/hansemerkur-schwere-krankheiten-dread-disease-versicherung,https://www.aboalarm.de/kuendigung-adresse/krankenversicherung/hansemerkur-speziale-krankenversicherung,https://www.aboalarm.de/kuendigung-adresse/versicherung/hansemerkur-sterbegeldversicherung,https://www.aboalarm.de/kuendigung-adresse/haftpflichtversicherung/hansemerkur-tierhalterhaftpflichtversicherung,https://www.aboalarm.de/kuendigung-adresse/unfallversicherung/hansemerkur,https://www.aboalarm.de/kuendigung-adresse/versicherung/hansemerkur,https://www.aboalarm.de/kuendigung-adresse/versicherung/hansemerkur-wohngebaeudeversicherung,https://www.aboalarm.de/kuendigung-adresse/zahnzusatzversicherung/hansemerkur</Weitere_Adressen_link><form_field>Versicherungsnummer</form_field><subject>Sehr geehrte Damen und Herren,</subject><letter_text>hiermit kündige ich meine oben genannte Hausratsversicherung fristgerecht zum nächstmöglichen Zeitpunkt. Bitte senden Sie mir eine schriftliche Bestätigung der Kündigung unter Angabe des Beendigungszeitpunktes zu.</letter_text></item>
<item><category>Versicherung</category><source_url>https://www.aboalarm.de/kuendigung-adresse/hausratversicherung/gothaer</source_url><sub_category>Hausratversicherung</sub_category><company>Gothaer Hausratversicherung</company><full_address>Gothaer Allgemeine Versicherung AG Hausratversicherung Gothaer Allee 1 50969 Köln</full_address><address>Gothaer Allgemeine Versicherung AG</address><city>Allee</city><zip>Gothaer</zip><email>info@gothaer.de</email><website>http://www.gothaer.de</website><fax>022130907079</fax><hotline>022130800</hotline><Weitere_Adressen_name>Gothaer Altersvorsorge,Gothaer Auslandskrankenversicherung,Gothaer Berufsunfähigkeitsversicherung,Gothaer Elektronikversicherung,Gothaer Erwerbsunfähigkeitsversicherung,Gothaer Glasversicherung,Gothaer Haftpflichtversicherung,Gothaer Haus-/Grundbesitzerhaftpflichtversicherung,Gothaer KFZ-Versicherung,Gothaer Krankenversicherung,Gothaer Lebensversicherung,Gothaer Pflegeversicherung,Gothaer Rechtsschutzversicherung,Gothaer Reisegepäckversicherung,Gothaer Rentenversicherung,Gothaer Riester-Rente,Gothaer Risiko-Lebensversicherung,Gothaer Schwere Krankheiten (Dread Disease) Versicherung,Gothaer Sterbegeldversicherung,Gothaer Tierhalterhaftpflichtversicherung,Gothaer Tierkrankenversicherung,Gothaer Unfallversicherung,Gothaer Wohngebäudeversicherung,Gothaer Zahnzusatzversicherung</Weitere_Adressen_name><Weitere_Adressen_link>https://www.aboalarm.de/kuendigung-adresse/rentenversicherung/gothaer-altersvorsorge,https://www.aboalarm.de/kuendigung-adresse/krankenversicherung/gothaer-auslandskrankenversicherung,https://www.aboalarm.de/kuendigung-adresse/berufsunfaehigkeitsversicherung/gothaer-berufsunfaehigkeitsversicherung,https://www.aboalarm.de/kuendigung-adresse/versicherung/gothaer-elektronikversicherung,https://www.aboalarm.de/kuendigung-adresse/rentenversicherung/gothaer-erwerbsunfaehigkeitsversicherung,https://www.aboalarm.de/kuendigung-adresse/versicherung/gothaer-glasversicherung,https://www.aboalarm.de/kuendigung-adresse/haftpflichtversicherung/gothaer,https://www.aboalarm.de/kuendigung-adresse/haftpflichtversicherung/gothaer-haus-grundbesitzerhaftpflichtversicherung,https://www.aboalarm.de/kuendigung-adresse/kfz-versicherung/gothaer,https://www.aboalarm.de/kuendigung-adresse/krankenversicherung/gothaer,https://www.aboalarm.de/kuendigung-adresse/lebensversicherung/gothaer,https://www.aboalarm.de/kuendigung-adresse/krankenversicherung/gothaer-pflegeversicherung,https://www.aboalarm.de/kuendigung-adresse/rechtsschutzversicherung/gothaer,https://www.aboalarm.de/kuendigung-adresse/reiseversicherung/gothaer,https://www.aboalarm.de/kuendigung-adresse/rentenversicherung/gothaer-rentenversicherung,https://www.aboalarm.de/kuendigung-adresse/rentenversicherung/gothaer-riester-rente,https://www.aboalarm.de/kuendigung-adresse/versicherung/gothaer-risiko-lebensversicherung,https://www.aboalarm.de/kuendigung-adresse/krankenversicherung/gothaer-schwere-krankheiten-dread-disease-versicherung,https://www.aboalarm.de/kuendigung-adresse/versicherung/gothaer-sterbegeldversicherung,https://www.aboalarm.de/kuendigung-adresse/haftpflichtversicherung/gothaer-tierhalterhaftpflichtversicherung,https://www.aboalarm.de/kuendigung-adresse/versicherung/gothaer-tierkrankenversicherung,https://www.aboalarm.de/kuendigung-adresse/unfallversicherung/gothaer,https://www.aboalarm.de/kuendigung-adresse/versicherung/gothaer-wohngebaeudeversicherung,https://www.aboalarm.de/kuendigung-adresse/zahnzusatzversicherung/gothaer</Weitere_Adressen_link><form_field>Versicherungsnummer</form_field><subject>Sehr geehrte Damen und Herren,</subject><letter_text>hiermit kündige ich meine oben genannte Hausratsversicherung fristgerecht zum nächstmöglichen Zeitpunkt. Bitte senden Sie mir eine schriftliche Bestätigung der Kündigung unter Angabe des Beendigungszeitpunktes zu.</letter_text></item>
<item><category>Versicherung</category><source_url>https://www.aboalarm.de/kuendigung-adresse/hausratversicherung/generali</source_url><sub_category>Hausratversicherung</sub_category><company>Generali Hausratversicherung</company><full_address>Generali Versicherungen Adenauerring 7 81737 München</full_address><address>Generali Versicherungen</address><city>München</city><zip>81737</zip><email>service@generali.de</email><website>http://www.generali.de</website><fax>08951211000</fax><hotline>08951213636</hotline><Weitere_Adressen_name>Generali Bank Konto,Generali Berufsunfähigkeitsversicherung,Generali Deutschland Lebensversicherung (ehemals AachenMünchener),Generali Erwerbsunfähigkeitsversicherung,Generali Gewerbeversicherung,Generali Glasversicherung,Generali Haftpflichtversicherung,Generali Haus-/Grundbesitzerhaftpflichtversicherung,Generali KFZ-Versicherung,Generali Lebensversicherung,Generali Pflegeversicherung,Generali Privatschutzversicherung,Generali Rechtsschutzversicherung,Generali Reisegepäckversicherung,Generali Reiseunfallversicherung,Generali Rentenversicherung,Generali Riester-Rente,Generali Tierhalterhaftpflichtversicherung,Generali Unfallversicherung,Generali Wohngebäudeversicherung</Weitere_Adressen_name><Weitere_Adressen_link>https://www.aboalarm.de/kuendigung-adresse/bankkonto/generali-bank,https://www.aboalarm.de/kuendigung-adresse/berufsunfaehigkeitsversicherung/generali,https://www.aboalarm.de/kuendigung-adresse/lebensversicherung/aachenmuenchener-lebensversicherung,https://www.aboalarm.de/kuendigung-adresse/rentenversicherung/generali-erwerbsunfaehigkeitsversicherung,https://www.aboalarm.de/kuendigung-adresse/versicherung/generali-gewerbeversicherung,https://www.aboalarm.de/kuendigung-adresse/versicherung/generali-glasversicherung,https://www.aboalarm.de/kuendigung-adresse/haftpflichtversicherung/generali,https://www.aboalarm.de/kuendigung-adresse/haftpflichtversicherung/generali-haus-grundbesitzerhaftpflichtversicherung,https://www.aboalarm.de/kuendigung-adresse/kfz-versicherung/generali,https://www.aboalarm.de/kuendigung-adresse/lebensversicherung/generali,https://www.aboalarm.de/kuendigung-adresse/krankenversicherung/generali-pflegeversicherung,https://www.aboalarm.de/kuendigung-adresse/versicherung/generali-privatschutzversicherung,https://www.aboalarm.de/kuendigung-adresse/rechtsschutzversicherung/generali,https://www.aboalarm.de/kuendigung-adresse/reiseversicherung/generali,https://www.aboalarm.de/kuendigung-adresse/unfallversicherung/generali-reiseunfallversicherung,https://www.aboalarm.de/kuendigung-adresse/rentenversicherung/generali,https://www.aboalarm.de/kuendigung-adresse/rentenversicherung/generali-riester-rente,https://www.aboalarm.de/kuendigung-adresse/haftpflichtversicherung/generali-tierhalterhaftpflichtversicherung,https://www.aboalarm.de/kuendigung-adresse/unfallversicherung/generali,https://www.aboalarm.de/kuendigung-adresse/versicherung/generali-wohngebaeudeversicherung</Weitere_Adressen_link><form_field>Versicherungsnummer</form_field><subject>Sehr geehrte Damen und Herren,</subject><letter_text>hiermit kündige ich meine oben genannte Hausratsversicherung fristgerecht zum nächstmöglichen Zeitpunkt. Bitte senden Sie mir eine schriftliche Bestätigung der Kündigung unter Angabe des Beendigungszeitpunktes zu.</letter_text></item>
<item><category>Versicherung</category><source_url>https://www.aboalarm.de/kuendigung-adresse/hausratversicherung/devk</source_url><sub_category>Hausratversicherung</sub_category><company>DEVK Hausratversicherung</company><full_address>DEVK Allgemeine Versicherungs-AG Riehler Str. 190 50735 Köln</full_address><address>DEVK Allgemeine Versicherungs-AG</address><city>Köln</city><zip>50735</zip><email>info@devk.de</email><website>http://www.devk.de</website><fax>02217572200</fax><hotline>01802757757</hotline><Weitere_Adressen_name>DEVK Auslandskrankenversicherung,DEVK Berufsunfähigkeitsversicherung,DEVK Erwerbsunfähigkeitsversicherung,DEVK Glasversicherung,DEVK Haftpflichtversicherung,DEVK Haus-/Grundbesitzerhaftpflichtversicherung,DEVK KFZ-Versicherung,DEVK Krankenversicherung,DEVK Pensionsfonds,DEVK Pflegeversicherung,DEVK Rechtsschutzversicherung,DEVK Reisegepäckversicherung,DEVK Reiseversicherung,DEVK Rentenversicherung,DEVK Risiko-Lebensversicherung,DEVK Schwere Krankheiten (Dread Disease) Versicherung,DEVK Sterbegeldversicherung,DEVK Tierhalterhaftpflichtversicherung,DEVK Unfallversicherung,DEVK Wohngebäudeversicherung,DEVK Zahnzusatzversicherung</Weitere_Adressen_name><Weitere_Adressen_link>https://www.aboalarm.de/kuendigung-adresse/krankenversicherung/devk-auslandskrankenversicherung,https://www.aboalarm.de/kuendigung-adresse/berufsunfaehigkeitsversicherung/devk,https://www.aboalarm.de/kuendigung-adresse/rentenversicherung/devk-erwerbsunfaehigkeitsversicherung,https://www.aboalarm.de/kuendigung-adresse/versicherung/devk-glasversicherung,https://www.aboalarm.de/kuendigung-adresse/haftpflichtversicherung/devk,https://www.aboalarm.de/kuendigung-adresse/haftpflichtversicherung/devk-haus-grundbesitzerhaftpflichtversicherung,https://www.aboalarm.de/kuendigung-adresse/kfz-versicherung/devk,https://www.aboalarm.de/kuendigung-adresse/krankenversicherung/devk,https://www.aboalarm.de/kuendigung-adresse/rentenversicherung/devk-pensionsfonds,https://www.aboalarm.de/kuendigung-adresse/rentenversicherung/devk-pflegeversicherung,https://www.aboalarm.de/kuendigung-adresse/rechtsschutzversicherung/devk,https://www.aboalarm.de/kuendigung-adresse/reiseversicherung/devk-reisegepaeckversicherung,https://www.aboalarm.de/kuendigung-adresse/reiseversicherung/devk,https://www.aboalarm.de/kuendigung-adresse/rentenversicherung/devk,https://www.aboalarm.de/kuendigung-adresse/lebensversicherung/devk-risiko-lebensversicherung,https://www.aboalarm.de/kuendigung-adresse/krankenversicherung/devk-schwere-krankheiten-dread-disease-versicherung,https://www.aboalarm.de/kuendigung-adresse/versicherung/devk-sterbegeldversicherung,https://www.aboalarm.de/kuendigung-adresse/haftpflichtversicherung/devk-tierhalterhaftpflichtversicherung,https://www.aboalarm.de/kuendigung-adresse/unfallversicherung/devk,https://www.aboalarm.de/kuendigung-adresse/versicherung/devk-wohngebaeudeversicherung,https://www.aboalarm.de/kuendigung-adresse/zahnzusatzversicherung/devk</Weitere_Adressen_link><form_field>Versicherungsnummer</form_field><subject>Sehr geehrte Damen und Herren,</subject><letter_text>hiermit kündige ich meine oben genannte Hausratsversicherung fristgerecht zum nächstmöglichen Zeitpunkt. Bitte senden Sie mir eine schriftliche Bestätigung der Kündigung unter Angabe des Beendigungszeitpunktes zu.</letter_text></item>
<item><category>Versicherung</category><source_url>https://www.aboalarm.de/kuendigung-adresse/hausratversicherung/deutscher-ring</source_url><sub_category>Hausratversicherung</sub_category><company>Deutscher Ring Hausratversicherung</company><full_address>Deutscher Ring Sachversicherungs-AG Ludwig-Erhard-Str. 22 20459  Hamburg</full_address><address>Deutscher Ring Sachversicherungs-AG</address><city>Hamburg</city><zip>20459 </zip><email>-</email><website>http://www.deutscherring.de</website><fax> 040/35993636</fax><hotline>040-35997711</hotline><Weitere_Adressen_name>Deutscher Ring Auslandskrankenversicherung,Deutscher Ring Bausparkasse,Deutscher Ring Haftpflichtversicherung,Deutscher Ring Krankenversicherungsverein,Deutscher Ring Krankenzusatzversicherung,Deutscher Ring Lebensversicherung,Deutscher Ring Private Krankenvollversicherung,Deutscher Ring Unfallversicherung,Deutscher Ring Zahnzusatzversicherung</Weitere_Adressen_name><Weitere_Adressen_link>https://www.aboalarm.de/kuendigung-adresse/krankenversicherung/deutscher-ring-auslandskrankenversicherung,https://www.aboalarm.de/kuendigung-adresse/bausparvertrag/deutscher-ring,https://www.aboalarm.de/kuendigung-adresse/haftpflichtversicherung/deutscher-ring,https://www.aboalarm.de/kuendigung-adresse/krankenversicherung/deutscher-ring,https://www.aboalarm.de/kuendigung-adresse/krankenversicherung/deutscher-ring-sonstige-krankenzusatzversicherung,https://www.aboalarm.de/kuendigung-adresse/berufsunfaehigkeitsversicherung/deutscher-ring,https://www.aboalarm.de/kuendigung-adresse/krankenversicherung/deutscher-ring-private-krankenvollversicherung,https://www.aboalarm.de/kuendigung-adresse/unfallversicherung/deutscher-ring,https://www.aboalarm.de/kuendigung-adresse/zahnzusatzversicherung/deutscher-ring</Weitere_Adressen_link><form_field>Versicherungsnummer</form_field><subject>Sehr geehrte Damen und Herren,</subject><letter_text>hiermit kündige ich meine oben genannte Hausratsversicherung fristgerecht zum nächstmöglichen Zeitpunkt. Bitte senden Sie mir eine schriftliche Bestätigung der Kündigung unter Angabe des Beendigungszeitpunktes zu.</letter_text></item>
<item><category>Versicherung</category><source_url>https://www.aboalarm.de/kuendigung-adresse/hausratversicherung/debeka</source_url><sub_category>Hausratversicherung</sub_category><company>Debeka Hausratversicherung</company><full_address>Debeka Allgemeine Versicherung AG Ferdinand-Sauerbruch-Straße 18 56073 Koblenz</full_address><address>Debeka Allgemeine Versicherung AG</address><city>Koblenz</city><zip>56073</zip><email>kundenservice@debeka.de</email><website>http://www.debeka.de</website><fax>02614985555</fax><hotline>02614984664</hotline><Weitere_Adressen_name>Debeka Auslandskrankenversicherung,Debeka Bausparkasse,Debeka Berufsunfähigkeitsversicherung,Debeka BKK,Debeka Glasversicherung,Debeka Haftpflichtversicherung,Debeka Haus-/Grundbesitzerhaftpflichtversicherung,Debeka KFZ-Versicherung,Debeka Krankenversicherung,Debeka Krankenzusatzversicherung,Debeka Pensionskasse,Debeka Pflegeversicherung,Debeka Rechtsschutzversicherung,DEBEKA Reisegepäckversicherung,Debeka Rentenversicherung,Debeka Riester-Rente,Debeka Risiko-Lebensversicherung,Debeka Schwere Krankheiten (Dread Disease) Versicherung,Debeka Sterbegeldversicherung,Debeka Tierhalterhaftpflichtversicherung,Debeka Unfallversicherung,Debeka Wohngebäudeversicherung,Debeka Zahnzusatzversicherung</Weitere_Adressen_name><Weitere_Adressen_link>https://www.aboalarm.de/kuendigung-adresse/krankenversicherung/debeka-auslandskrankenversicherung,https://www.aboalarm.de/kuendigung-adresse/bausparvertrag/debeka,https://www.aboalarm.de/kuendigung-adresse/berufsunfaehigkeitsversicherung/debeka,https://www.aboalarm.de/kuendigung-adresse/krankenversicherung/debeka-bkk,https://www.aboalarm.de/kuendigung-adresse/versicherung/debeka-glasversicherung,https://www.aboalarm.de/kuendigung-adresse/haftpflichtversicherung/debeka,https://www.aboalarm.de/kuendigung-adresse/haftpflichtversicherung/debeka-haus-grundbesitzerhaftpflichtversicherung,https://www.aboalarm.de/kuendigung-adresse/kfz-versicherung/debeka,https://www.aboalarm.de/kuendigung-adresse/krankenversicherung/debeka,https://www.aboalarm.de/kuendigung-adresse/krankenversicherung/debeka-sonstige-krankenzusatzversicherung,https://www.aboalarm.de/kuendigung-adresse/rentenversicherung/debeka-pensionskasse,https://www.aboalarm.de/kuendigung-adresse/krankenversicherung/debeka-pflegeversicherung,https://www.aboalarm.de/kuendigung-adresse/rechtsschutzversicherung/debeka,https://www.aboalarm.de/kuendigung-adresse/reiseversicherung/debeka,https://www.aboalarm.de/kuendigung-adresse/rentenversicherung/debeka,https://www.aboalarm.de/kuendigung-adresse/rentenversicherung/debeka-riester-rente,https://www.aboalarm.de/kuendigung-adresse/lebensversicherung/debeka-risiko-lebensversicherung,https://www.aboalarm.de/kuendigung-adresse/krankenversicherung/debeka-schwere-krankheiten-dread-disease-versicherung,https://www.aboalarm.de/kuendigung-adresse/versicherung/debeka-sterbegeldversicherung,https://www.aboalarm.de/kuendigung-adresse/haftpflichtversicherung/debeka-tierhalterhaftpflichtversicherung,https://www.aboalarm.de/kuendigung-adresse/unfallversicherung/debeka-unfallversicherung,https://www.aboalarm.de/kuendigung-adresse/versicherung/debeka-wohngebaeudeversicherung,https://www.aboalarm.de/kuendigung-adresse/zahnzusatzversicherung/debeka</Weitere_Adressen_link><form_field>Versicherungsnummer</form_field><subject>Sehr geehrte Damen und Herren,</subject><letter_text>hiermit kündige ich meine oben genannte Hausratsversicherung fristgerecht zum nächstmöglichen Zeitpunkt. Bitte senden Sie mir eine schriftliche Bestätigung der Kündigung unter Angabe des Beendigungszeitpunktes zu.</letter_text></item>
<item><category>Versicherung</category><source_url>https://www.aboalarm.de/kuendigung-adresse/hausratversicherung/cosmosdirekt</source_url><sub_category>Hausratversicherung</sub_category><company>CosmosDirekt Hausratversicherung</company><full_address>CosmosDirekt Versicherungs AG Halbergstr. 50- 60 66121  Saarbrücken</full_address><address>CosmosDirekt Versicherungs AG</address><city>Saarbrücken</city><zip>66121 </zip><email>None</email><website>http://www.cosmosdirekt.de</website><fax>0681/9666633</fax><hotline>0681-9666666</hotline><Weitere_Adressen_name>CosmosDirekt Berufsunfähigkeitsversicherung,CosmosDirekt Finanzschutz,CosmosDirekt Glasversicherung,CosmosDirekt Haftpflichtversicherung,CosmosDirekt Haus-/Grundbesitzerhaftpflichtversicherung,CosmosDirekt KFZ-Versicherung,CosmosDirekt Lebensversicherung,CosmosDirekt Rechtsschutzversicherung,CosmosDirekt Reiseversicherung,CosmosDirekt Rentenversicherung,CosmosDirekt Sterbegeldversicherung,CosmosDirekt Tierhalterhaftpflichtversicherung,CosmosDirekt Unfallversicherung,CosmosDirekt Wohngebäudeversicherung</Weitere_Adressen_name><Weitere_Adressen_link>https://www.aboalarm.de/kuendigung-adresse/berufsunfaehigkeitsversicherung/cosmosdirekt,https://www.aboalarm.de/kuendigung-adresse/versicherung/cosmosdirekt-finanzschutz,https://www.aboalarm.de/kuendigung-adresse/versicherung/cosmosdirekt-glasversicherung,https://www.aboalarm.de/kuendigung-adresse/haftpflichtversicherung/cosmosdirekt,https://www.aboalarm.de/kuendigung-adresse/haftpflichtversicherung/cosmosdirekt-haus-grundbesitzerhaftpflichtversicherung,https://www.aboalarm.de/kuendigung-adresse/kfz-versicherung/cosmosdirekt,https://www.aboalarm.de/kuendigung-adresse/lebensversicherung/cosmosdirect,https://www.aboalarm.de/kuendigung-adresse/rechtsschutzversicherung/cosmosdirekt,https://www.aboalarm.de/kuendigung-adresse/reiseversicherung/cosmosdirekt,https://www.aboalarm.de/kuendigung-adresse/rentenversicherung/cosmosdirekt,https://www.aboalarm.de/kuendigung-adresse/versicherung/cosmosdirekt-sterbegeldversicherung,https://www.aboalarm.de/kuendigung-adresse/haftpflichtversicherung/cosmosdirekt-tierhalterhaftpflichtversicherung,https://www.aboalarm.de/kuendigung-adresse/unfallversicherung/cosmosdirekt,https://www.aboalarm.de/kuendigung-adresse/versicherung/cosmosdirekt-wohngebaeudeversicherung</Weitere_Adressen_link><form_field>Versicherungsnummer</form_field><subject>Sehr geehrte Damen und Herren,</subject><letter_text>hiermit kündige ich meine oben genannte Hausratsversicherung fristgerecht zum nächstmöglichen Zeitpunkt. Bitte senden Sie mir eine schriftliche Bestätigung der Kündigung unter Angabe des Beendigungszeitpunktes zu.</letter_text></item>
<item><category>Versicherung</category><source_url>https://www.aboalarm.de/kuendigung-adresse/hausratversicherung/barmenia</source_url><sub_category>Hausratversicherung</sub_category><company>Barmenia Hausratversicherung</company><full_address>Barmenia Allgemeine Versicherungs-AG Hausratversicherung Barmenia-Allee 1 42119 Wuppertal</full_address><address>Barmenia Allgemeine Versicherungs-AG</address><city>1</city><zip>Barmenia-Allee</zip><email>info@barmenia.de</email><website>http://www.barmenia.de</website><fax>02024382703</fax><hotline>0202-4382250</hotline><Weitere_Adressen_name></Weitere_Adressen_name><Weitere_Adressen_link></Weitere_Adressen_link><form_field>Versicherungsnummer</form_field><subject>Sehr geehrte Damen und Herren,</subject><letter_text>hiermit kündige ich meine oben genannte Hausratsversicherung fristgerecht zum nächstmöglichen Zeitpunkt. Bitte senden Sie mir eine schriftliche Bestätigung der Kündigung unter Angabe des Beendigungszeitpunktes zu.</letter_text></item>
<item><category>Versicherung</category><source_url>https://www.aboalarm.de/kuendigung-adresse/hausratversicherung/axa</source_url><sub_category>Hausratversicherung</sub_category><company>AXA Hausratversicherung</company><full_address>AXA Versicherung AG Colonia-Allee 10- 20 51067  Köln</full_address><address>AXA Versicherung AG</address><city>Köln</city><zip>51067 </zip><email>service@axa.de</email><website>http://www.axa.de</website><fax>022114821599</fax><hotline>0221 148-41001</hotline><Weitere_Adressen_name>AXA Auslandskrankenversicherung,Axa Bausparkasse,AXA Berufsunfähigkeitsversicherung,AXA Betriebshaftpflichtversicherung,AXA BOXplus,AXA Elektronikversicherung,Axa Erwerbsunfähigkeitsversicherung,Axa Existenzschutzversicherung,AXA Glasversicherung,AXA Haftpflichtversicherung,AXA Haus-/Grundbesitzerhaftpflichtversicherung,AXA KFZ-Versicherung,AXA Krankenversicherung,AXA Krankenzusatzversicherung,AXA Lebensversicherung,AXA Life Europe,AXA Pflegeversicherung,AXA Rechtsschutzversicherung,Axa Reisegepäckversicherung,Axa Reiseunfallversicherung,AXA RELAX Reiseversicherung,AXA Rentenversicherung,AXA Riester-Rente,AXA Risiko-Lebensversicherung,AXA Schwere Krankheiten (Dread Disease),AXA Smartschutz,AXA Sterbegeldversicherung,AXA Tierhalterhaftpflichtversicherung,AXA Unfallversicherung,AXA Wohngebäudeversicherung,AXA Zahnzusatzversicherung</Weitere_Adressen_name><Weitere_Adressen_link>https://www.aboalarm.de/kuendigung-adresse/krankenversicherung/axa-auslandskrankenversicherung,https://www.aboalarm.de/kuendigung-adresse/bausparvertrag/axa,https://www.aboalarm.de/kuendigung-adresse/berufsunfaehigkeitsversicherung/axa,https://www.aboalarm.de/kuendigung-adresse/haftpflichtversicherung/axa-betriebshaftpflichtversicherung,https://www.aboalarm.de/kuendigung-adresse/versicherung/axa-boxplus,https://www.aboalarm.de/kuendigung-adresse/versicherung/axa-elektronikversicherung,https://www.aboalarm.de/kuendigung-adresse/rentenversicherung/axa-erwerbsunfaehigkeitsversicherung,https://www.aboalarm.de/kuendigung-adresse/versicherung/axa-existenzschutzversicherung,https://www.aboalarm.de/kuendigung-adresse/versicherung/axa-glasversicherung,https://www.aboalarm.de/kuendigung-adresse/haftpflichtversicherung/axa,https://www.aboalarm.de/kuendigung-adresse/haftpflichtversicherung/axa-haus-grundbesitzerhaftpflichtversicherung,https://www.aboalarm.de/kuendigung-adresse/kfz-versicherung/axa,https://www.aboalarm.de/kuendigung-adresse/krankenversicherung/axa,https://www.aboalarm.de/kuendigung-adresse/krankenversicherung/axa-sonstige-krankenzusatzversicherung,https://www.aboalarm.de/kuendigung-adresse/lebensversicherung/axa,https://www.aboalarm.de/kuendigung-adresse/lebensversicherung/axa-life-europe,https://www.aboalarm.de/kuendigung-adresse/krankenversicherung/axa-pflegeversicherung,https://www.aboalarm.de/kuendigung-adresse/rechtsschutzversicherung/axa,https://www.aboalarm.de/kuendigung-adresse/reiseversicherung/axa,https://www.aboalarm.de/kuendigung-adresse/unfallversicherung/axa-reiseunfallversicherung,https://www.aboalarm.de/kuendigung-adresse/reiseversicherung/axa-relax-reiseversicherung,https://www.aboalarm.de/kuendigung-adresse/rentenversicherung/axa,https://www.aboalarm.de/kuendigung-adresse/rentenversicherung/axa-riester-rente,https://www.aboalarm.de/kuendigung-adresse/lebensversicherung/axa-risiko-lebensversicherung,https://www.aboalarm.de/kuendigung-adresse/krankenversicherung/axa-schwere-krankheiten-dread-disease,https://www.aboalarm.de/kuendigung-adresse/versicherung/axa-smartschutz,https://www.aboalarm.de/kuendigung-adresse/versicherung/axa-sterbegeldversicherung,https://www.aboalarm.de/kuendigung-adresse/haftpflichtversicherung/axa-tierhalterhaftpflichtversicherung,https://www.aboalarm.de/kuendigung-adresse/unfallversicherung/axa,https://www.aboalarm.de/kuendigung-adresse/versicherung/axa-wohngebaeude,https://www.aboalarm.de/kuendigung-adresse/zahnzusatzversicherung/axa</Weitere_Adressen_link><form_field>Versicherungsnummer</form_field><subject>Sehr geehrte Damen und Herren,</subject><letter_text>hiermit kündige ich meine oben genannte Hausratsversicherung fristgerecht zum nächstmöglichen Zeitpunkt. Bitte senden Sie mir eine schriftliche Bestätigung der Kündigung unter Angabe des Beendigungszeitpunktes zu.</letter_text></item>
<item><category>Versicherung</category><source_url>https://www.aboalarm.de/kuendigung-adresse/hausratversicherung/arag</source_url><sub_category>Hausratversicherung</sub_category><company>Arag Hausratversicherung</company><full_address>ARAG Allgemeine Versicherung AG ARAG-Platz 1 40472 Düsseldorf</full_address><address>ARAG Allgemeine Versicherung AG</address><city>Düsseldorf</city><zip>40472</zip><email>service@arag.de</email><website>http://www.arag.de</website><fax>02119632850</fax><hotline>021198700700</hotline><Weitere_Adressen_name>Arag Auslandskrankenversicherung,Arag Berufsunfähigkeitsversicherung,Arag Betriebshaftpflichtversicherung,Arag Elektronikversicherung,Arag Fahrradversicherung,Arag Glasversicherung,Arag Haftpflichtversicherung,ARAG Haus-/Grundbesitzerhaftpflichtversicherung,Arag KFZ-Versicherung,Arag Krankenversicherung,Arag Krankenzusatzversicherung,Arag Mietrechtsschutz,Arag Mietrechtsschutz Sofort,Arag Pflegeversicherung,Arag Privatrechtsschutzversicherung,Arag Rentenversicherung,Arag Riester-Rente,Arag Risiko-Lebensversicherung,ARAG SE,Arag Sterbegeldversicherung,Arag Tierhalterhaftpflichtversicherung,Arag Unfallversicherung,Arag Verkehrsrechtsschutz,Arag Verkehrsrechtsschutz Sofort,Arag Wohngebäudeversicherung,Arag Zahnzusatzversicherung</Weitere_Adressen_name><Weitere_Adressen_link>https://www.aboalarm.de/kuendigung-adresse/krankenversicherung/arag-auslandskrankenversicherung,https://www.aboalarm.de/kuendigung-adresse/berufsunfaehigkeitsversicherung/arag-berufsunfaehigkeitsversicherung,https://www.aboalarm.de/kuendigung-adresse/haftpflichtversicherung/arag-betriebshaftpflichtversicherung,https://www.aboalarm.de/kuendigung-adresse/versicherung/arag-elektronikversicherung,https://www.aboalarm.de/kuendigung-adresse/versicherung/arag,https://www.aboalarm.de/kuendigung-adresse/versicherung/arag-glasversicherung,https://www.aboalarm.de/kuendigung-adresse/haftpflichtversicherung/arag,https://www.aboalarm.de/kuendigung-adresse/haftpflichtversicherung/arag-haus-grundbesitzerhaftpflichtversicherung,https://www.aboalarm.de/kuendigung-adresse/kfz-versicherung/arag,https://www.aboalarm.de/kuendigung-adresse/krankenversicherung/arag,https://www.aboalarm.de/kuendigung-adresse/krankenversicherung/arag-sonstige-krankenzusatzversicherung,https://www.aboalarm.de/kuendigung-adresse/rechtsschutzversicherung/arag-mietrechtsschutz,https://www.aboalarm.de/kuendigung-adresse/rechtsschutzversicherung/arag-mietrechtsschutz-sofort,https://www.aboalarm.de/kuendigung-adresse/krankenversicherung/arag-pflegeversicherung,https://www.aboalarm.de/kuendigung-adresse/rechtsschutzversicherung/arag-rechtsschutzversicherung,https://www.aboalarm.de/kuendigung-adresse/rentenversicherung/arag,https://www.aboalarm.de/kuendigung-adresse/abonnement/arag-riester-rente,https://www.aboalarm.de/kuendigung-adresse/lebensversicherung/arag,https://www.aboalarm.de/kuendigung-adresse/versicherung/arag-se,https://www.aboalarm.de/kuendigung-adresse/versicherung/arag-sterbegeldversicherung,https://www.aboalarm.de/kuendigung-adresse/haftpflichtversicherung/arag-tierhalterhaftpflichtversicherung,https://www.aboalarm.de/kuendigung-adresse/unfallversicherung/arag,https://www.aboalarm.de/kuendigung-adresse/rechtsschutzversicherung/arag-verkehrsrechtsschutz,https://www.aboalarm.de/kuendigung-adresse/rechtsschutzversicherung/arag-verkehrsrechtsschutz-sofort,https://www.aboalarm.de/kuendigung-adresse/versicherung/arag-wohngebaeudeversicherung,https://www.aboalarm.de/kuendigung-adresse/zahnzusatzversicherung/arag</Weitere_Adressen_link><form_field>Versicherungsnummer</form_field><subject>Sehr geehrte Damen und Herren,</subject><letter_text>hiermit kündige ich meine oben genannte Hausratsversicherung fristgerecht zum nächstmöglichen Zeitpunkt. Bitte senden Sie mir eine schriftliche Bestätigung der Kündigung unter Angabe des Beendigungszeitpunktes zu.</letter_text></item>
<item><category>Versicherung</category><source_url>https://www.aboalarm.de/kuendigung-adresse/hausratversicherung/allianz</source_url><sub_category>Hausratversicherung</sub_category><company>Allianz Hausratversicherung</company><full_address>Allianz Versicherungs-AG 10900 Berlin</full_address><address>Allianz Versicherungs-AG</address><city>Berlin</city><zip>10900</zip><email>sachversicherung@allianz.de</email><website>http://www.allianz.de</website><fax>08004400101</fax><hotline>08004100105</hotline><Weitere_Adressen_name>Allianz 24 Kfz-Versicherung,Allianz AktivDepot,Allianz Altersvorsorge,Allianz Auslandskrankenversicherung,Allianz Berufsunfähigkeitsversicherung,Allianz Direct Haftpflichtversicherung (ehemals AllSecur),Allianz Direct Hausratsversicherung (ehemals AllSecur),Allianz Direct KFZ-Versicherung (ehemals AllSecur),Allianz Direct Rechtsschutzversicherung (ehemals AllSecur),Allianz Direct Risiko-Lebensversicherung (ehemals AllSecur),Allianz Elektronikversicherung,Allianz Erwerbsunfähigkeitsversicherung,Allianz Fahrradversicherung,Allianz Glasversicherung,Allianz Global Investors,Allianz Haftpflichtversicherung,Allianz Haus-/Grundbesitzerhaftpflichtversicherung,Allianz Immobilien-Rechtsschutzversicherung,Allianz Kfz-Versicherung,Allianz Krankenzusatzversicherung,Allianz Lebensversicherung,Allianz Pensionskasse,Allianz Pflegeversicherung,Allianz Private Krankenversicherung,Allianz Rechtsschutzversicherung,Allianz Reisegepäckversicherung,Allianz Reiseunfallversicherung,Allianz Reiseversicherung (Allianz Global Assistance),Allianz Rentenversicherung,Allianz Riester-Rente,Allianz Risiko-Lebensversicherung,Allianz Schwere Krankheiten (Dread Disease),Allianz Sterbegeldversicherung,Allianz Tierhalterhaftpflichtversicherung,Allianz Travel,Allianz Unfallversicherung,Allianz Wohngebäudeversicherung,Allianz Zahnzusatzversicherung</Weitere_Adressen_name><Weitere_Adressen_link>https://www.aboalarm.de/kuendigung-adresse/kfz-versicherung/allianz-24,https://www.aboalarm.de/kuendigung-adresse/finanzen/allianz-aktivdepot,https://www.aboalarm.de/kuendigung-adresse/rentenversicherung/allianz-altersvorsorge,https://www.aboalarm.de/kuendigung-adresse/krankenversicherung/allianz-auslandskrankenversicherung,https://www.aboalarm.de/kuendigung-adresse/berufsunfaehigkeitsversicherung/allianz-berufsunfaehigkeitsversicherung,https://www.aboalarm.de/kuendigung-adresse/haftpflichtversicherung/allianz-direkt-haftpflichtversicherungallsecur,https://www.aboalarm.de/kuendigung-adresse/hausratversicherung/allianz-direkt-hausratversicherungallsecur,https://www.aboalarm.de/kuendigung-adresse/kfz-versicherung/allianz-direkt-kfz-versicherungallsecur,https://www.aboalarm.de/kuendigung-adresse/rechtsschutzversicherung/allsecur-rechtsschutzversicherung,https://www.aboalarm.de/kuendigung-adresse/lebensversicherung/allsecur-risiko-lebensversicherung,https://www.aboalarm.de/kuendigung-adresse/versicherung/allianz-elektronikversicherung,https://www.aboalarm.de/kuendigung-adresse/rentenversicherung/allianz-erwerbsunfaehigkeitsversicherung,https://www.aboalarm.de/kuendigung-adresse/versicherung/allianz-fahrradversicherung,https://www.aboalarm.de/kuendigung-adresse/versicherung/allianz-glasversicherung,https://www.aboalarm.de/kuendigung-adresse/sonstige/allianz-global-investors,https://www.aboalarm.de/kuendigung-adresse/haftpflichtversicherung/allianz,https://www.aboalarm.de/kuendigung-adresse/haftpflichtversicherung/allianz-haus-grundbesitzerhaftpflichtversicherung,https://www.aboalarm.de/kuendigung-adresse/rechtsschutzversicherung/allianz-immobilien-rechtsschutzversicherung,https://www.aboalarm.de/kuendigung-adresse/kfz-versicherung/allianz,https://www.aboalarm.de/kuendigung-adresse/krankenversicherung/allianz-sonstige-krankenzusatzversicherung,https://www.aboalarm.de/kuendigung-adresse/berufsunfaehigkeitsversicherung/allianz,https://www.aboalarm.de/kuendigung-adresse/rentenversicherung/allianz-pensionskasse,https://www.aboalarm.de/kuendigung-adresse/versicherung/allianz-pflegeversicherung,https://www.aboalarm.de/kuendigung-adresse/krankenversicherung/allianz,https://www.aboalarm.de/kuendigung-adresse/rechtsschutzversicherung/allianz,https://www.aboalarm.de/kuendigung-adresse/reiseversicherung/allianz,https://www.aboalarm.de/kuendigung-adresse/unfallversicherung/allianz-reiseunfallversicherung,https://www.aboalarm.de/kuendigung-adresse/versicherung/allianz-aga-international,https://www.aboalarm.de/kuendigung-adresse/rentenversicherung/allianz,https://www.aboalarm.de/kuendigung-adresse/rentenversicherung/allianz-riester-rente,https://www.aboalarm.de/kuendigung-adresse/lebensversicherung/allianz-risiko,https://www.aboalarm.de/kuendigung-adresse/krankenversicherung/allianz-schwere-krankheiten-dread-disease,https://www.aboalarm.de/kuendigung-adresse/versicherung/allianz-sterbegeldversicherung,https://www.aboalarm.de/kuendigung-adresse/haftpflichtversicherung/allianz-tierhalterhaftpflichtversicherung,https://www.aboalarm.de/kuendigung-adresse/abonnement/allianz-reiseversicherung,https://www.aboalarm.de/kuendigung-adresse/unfallversicherung/allianz,https://www.aboalarm.de/kuendigung-adresse/versicherung/allianz-wohngebaeudeversicherung,https://www.aboalarm.de/kuendigung-adresse/zahnzusatzversicherung/allianz</Weitere_Adressen_link><form_field>Versicherungsnummer</form_field><subject>Sehr geehrte Damen und Herren,</subject><letter_text>hiermit kündige ich meine oben genannte Hausratsversicherung fristgerecht zum nächstmöglichen Zeitpunkt. Bitte senden Sie mir eine schriftliche Bestätigung der Kündigung unter Angabe des Beendigungszeitpunktes zu.</letter_text></item>
</items>