<?xml version="1.0" encoding="utf-8"?>
<items>
<item><category>Internet und Telefon</category><source_url>https://www.aboalarm.de/kuendigung-adresse/internet-und-telefon/kabel-deutschland</source_url><sub_category>None</sub_category><company>Vodafone Kabel Deutschland Internet &amp; Telefon</company><full_address>Vodafone Kabel Deutschland GmbH Kundenservice 99116 Erfurt</full_address><address>Vodafone Kabel Deutschland GmbH</address><city>Erfurt</city><zip>99116</zip><email>None</email><website>http://www.kabeldeutschland.de</website><fax>None</fax><hotline>0800-66 47 073</hotline><Weitere_Adressen_name></Weitere_Adressen_name><Weitere_Adressen_link></Weitere_Adressen_link><form_field>Kundennummer,Vertragsnummer</form_field><subject>Sehr geehrte Damen und Herren,</subject><letter_text>hiermit kündige ich meinen oben genannten Vertrag fristgerecht zum nächstmöglichen Zeitpunkt. Bitte bestätigen Sie mir die Kündigung unter Angabe des Beendigungszeitpunktes.</letter_text></item>
<item><category>Internet und Telefon</category><source_url>https://www.aboalarm.de/kuendigung-adresse/internet-und-telefon/vodafone</source_url><sub_category>None</sub_category><company>Vodafone Internet &amp; Telefon</company><full_address>Vodafone GmbH Kundenbetreuung 40875 Ratingen</full_address><address>Vodafone GmbH</address><city>Ratingen</city><zip>40875</zip><email>https://www.vodafone.de/contact/rf/contactform.jsp</email><website>http://www.vodafone.de</website><fax>02102986575</fax><hotline>0800 1721212</hotline><Weitere_Adressen_name>Vodafone (Arcor Verträge),Vodafone GigaTV,Vodafone Handyversicherung,Vodafone Kabel Deutschland Fernsehen,Vodafone Kabel Deutschland Internet &amp; Telefon,Vodafone Kabel Deutschland Mobile,Vodafone Mobilfunk,Vodafone Schadenservice,Vodafone Sicherheitspaket,Vodafone Tablets &amp; Datentarife,Vodafone TV</Weitere_Adressen_name><Weitere_Adressen_link>https://www.aboalarm.de/kuendigung-adresse/internet-und-telefon/vodafone-arcor,https://www.aboalarm.de/kuendigung-adresse/pay-tv/gigatv,https://www.aboalarm.de/kuendigung-adresse/abonnement/vodafone-handyversicherung,https://www.aboalarm.de/kuendigung-adresse/kabelanschluss/kabel-deutschland,https://www.aboalarm.de/kuendigung-adresse/internet-und-telefon/kabel-deutschland,https://www.aboalarm.de/kuendigung-adresse/handyvertrag/kabel-deutschland-mobilfunk,https://www.aboalarm.de/kuendigung-adresse/handyvertrag/vodafone,https://www.aboalarm.de/kuendigung-adresse/abonnement/vodafone-schadenservice,https://www.aboalarm.de/kuendigung-adresse/online-dienst/vodafone-sicherheitspaket,https://www.aboalarm.de/kuendigung-adresse/internet-und-telefon/vodafone-tablets-und-datentarife,https://www.aboalarm.de/kuendigung-adresse/pay-tv/vodafone-tv</Weitere_Adressen_link><form_field>Geburtsdatum,Kundennummer</form_field><subject>Sehr geehrte Damen und Herren,</subject><letter_text>hiermit kündige ich meinen oben genannten Vertrag fristgerecht zum nächstmöglichen Zeitpunkt. Bitte senden Sie mir eine schriftliche Bestätigung der Kündigung unter Angabe des Beendigungszeitpunktes zu.</letter_text></item>
<item><category>Internet und Telefon</category><source_url>https://www.aboalarm.de/kuendigung-adresse/internet-und-telefon/versatel-west</source_url><sub_category>None</sub_category><company>Versatel West</company><full_address>Versatel West GmbH Unterste-Wilms-Str. 29 44143 Dortmund</full_address><address>Versatel West GmbH</address><city>Dortmund</city><zip>44143</zip><email>info@versatel.de</email><website>http://www.versatel.de</website><fax>04619090021</fax><hotline>01805151818</hotline><Weitere_Adressen_name></Weitere_Adressen_name><Weitere_Adressen_link></Weitere_Adressen_link><form_field>Kundennummer</form_field><subject>Sehr geehrte Damen und Herren,</subject><letter_text>hiermit kündige ich meinen oben genannten Vertrag fristgerecht zum nächstmöglichen Zeitpunkt. Bitte senden Sie mir eine schriftliche Bestätigung der Kündigung unter Angabe des Beendigungszeitpunktes zu.</letter_text></item>
<item><category>Internet und Telefon</category><source_url>https://www.aboalarm.de/kuendigung-adresse/internet-und-telefon/versatel-sued</source_url><sub_category>None</sub_category><company>Versatel Süd</company><full_address>Versatel Süd GmbH Kegelenstraße 12 70372 Stuttgart</full_address><address>Versatel Süd GmbH</address><city>Stuttgart</city><zip>70372</zip><email>info@versatel.de</email><website>http://www.versatel.de</website><fax>04619090021</fax><hotline>01805-151818</hotline><Weitere_Adressen_name></Weitere_Adressen_name><Weitere_Adressen_link></Weitere_Adressen_link><form_field>Kundennummer</form_field><subject>Sehr geehrte Damen und Herren,</subject><letter_text>hiermit kündige ich meinen oben genannten Vertrag fristgerecht zum nächstmöglichen Zeitpunkt. Bitte senden Sie mir eine schriftliche Bestätigung der Kündigung unter Angabe des Beendigungszeitpunktes zu.</letter_text></item>
<item><category>Internet und Telefon</category><source_url>https://www.aboalarm.de/kuendigung-adresse/internet-und-telefon/versatel-nord</source_url><sub_category>None</sub_category><company>Versatel Nord</company><full_address>Versatel Nord GmbH Nordstr. 2 24937 Flensburg</full_address><address>Versatel Nord GmbH</address><city>Flensburg</city><zip>24937</zip><email>info@versatel.de</email><website>http://www.versatel.de</website><fax>04619090021</fax><hotline>01805151818</hotline><Weitere_Adressen_name></Weitere_Adressen_name><Weitere_Adressen_link></Weitere_Adressen_link><form_field>Kundennummer</form_field><subject>Sehr geehrte Damen und Herren,</subject><letter_text>hiermit kündige ich meinen oben genannten Vertrag fristgerecht zum nächstmöglichen Zeitpunkt. Bitte senden Sie mir eine schriftliche Bestätigung der Kündigung unter Angabe des Beendigungszeitpunktes zu.</letter_text></item>
<item><category>Internet und Telefon</category><source_url>https://www.aboalarm.de/kuendigung-adresse/internet-und-telefon/vodafone-arcor</source_url><sub_category>None</sub_category><company>Vodafone (Arcor Verträge)</company><full_address>Vodafone GmbH Kundenbetreuung Arcor 40875 Ratingen</full_address><address>Vodafone GmbH</address><city>Ratingen</city><zip>40875</zip><email>info@arcor.net</email><website>http://www.vodafone.de</website><fax>02102986575</fax><hotline>0800 505 45 71</hotline><Weitere_Adressen_name></Weitere_Adressen_name><Weitere_Adressen_link></Weitere_Adressen_link><form_field>Kundennummer</form_field><subject>Sehr geehrte Damen und Herren,</subject><letter_text>hiermit kündige ich meinen oben genannten Vertrag fristgerecht zum nächstmöglichen Zeitpunkt. Bitte senden Sie mir eine schriftliche Bestätigung der Kündigung unter Angabe des Beendigungszeitpunktes zu.</letter_text></item>
<item><category>Internet und Telefon</category><source_url>https://www.aboalarm.de/kuendigung-adresse/internet-und-telefon/versatel</source_url><sub_category>None</sub_category><company>Versatel</company><full_address>Versatel AG Aroser Allee 72 13407 Berlin</full_address><address>Versatel AG</address><city>Berlin</city><zip>13407</zip><email>info@versatel.de</email><website>http://www.versatel.de</website><fax>04619090021</fax><hotline>01805151818</hotline><Weitere_Adressen_name>Versatel 1&amp;1,Versatel Nord,Versatel Ost,Versatel Süd,Versatel West</Weitere_Adressen_name><Weitere_Adressen_link>https://www.aboalarm.de/kuendigung-adresse/internet-und-telefon/versatel-1-und-1,https://www.aboalarm.de/kuendigung-adresse/internet-und-telefon/versatel-nord,https://www.aboalarm.de/kuendigung-adresse/internet-und-telefon/versatel-ost,https://www.aboalarm.de/kuendigung-adresse/internet-und-telefon/versatel-sued,https://www.aboalarm.de/kuendigung-adresse/internet-und-telefon/versatel-west</Weitere_Adressen_link><form_field>Kundennummer</form_field><subject>Sehr geehrte Damen und Herren,</subject><letter_text>hiermit kündige ich meinen oben genannten Vertrag fristgerecht zum nächstmöglichen Zeitpunkt. Bitte senden Sie mir eine schriftliche Bestätigung der Kündigung unter Angabe des Beendigungszeitpunktes zu.</letter_text></item>
<item><category>Internet und Telefon</category><source_url>https://www.aboalarm.de/kuendigung-adresse/internet-und-telefon/unitymedia</source_url><sub_category>None</sub_category><company>Unitymedia  Internet &amp; Telefon</company><full_address>Vodafone West GmbH Aachener Str. 746-750 50933 Köln</full_address><address>Vodafone West GmbH</address><city>Köln</city><zip>50933</zip><email>https://www.unitymedia.de/privatkunden/kontakt/</email><website>http://www.unitymedia.de</website><fax>0221 / 466 191 09</fax><hotline>0221 / 466 191 00</hotline><Weitere_Adressen_name>Unitymedia Fernsehen,Unitymedia Fernsehen Hessen,Unitymedia Fernsehen NRW,Unitymedia Internet, Telefon &amp; TV (3play),Unitymedia Mobilfunk</Weitere_Adressen_name><Weitere_Adressen_link>https://www.aboalarm.de/kuendigung-adresse/kabelanschluss/unitymedia,https://www.aboalarm.de/kuendigung-adresse/kabelanschluss/unitymedia-hessen,https://www.aboalarm.de/kuendigung-adresse/kabelanschluss/unitymedia-nrw,https://www.aboalarm.de/kuendigung-adresse/internet-und-telefon/unitymedia-3play,https://www.aboalarm.de/kuendigung-adresse/handyvertrag/unitymedia</Weitere_Adressen_link><form_field>Kundennummer</form_field><subject>Sehr geehrte Damen und Herren,</subject><letter_text>hiermit kündige ich meinen oben genannten Vertrag fristgerecht zum nächstmöglichen Zeitpunkt. Bitte senden Sie mir eine schriftliche Bestätigung der Kündigung unter Angabe des Beendigungszeitpunktes zu.</letter_text></item>
<item><category>Internet und Telefon</category><source_url>https://www.aboalarm.de/kuendigung-adresse/internet-und-telefon/telekom</source_url><sub_category>None</sub_category><company>Telekom Internet und Telefon</company><full_address>Telekom Deutschland GmbH Landgrabenweg 151 53227 Bonn</full_address><address>Telekom Deutschland GmbH</address><city>Bonn</city><zip>53227</zip><email>www.telekom.de/email-kontakt</email><website>http://www.telekom.de</website><fax>0800-1515900</fax><hotline>0800 33 01000</hotline><Weitere_Adressen_name>Telekom Computerhilfe,Telekom Data Comfort,Telekom Handyvertrag,Telekom MagentaZuhause,Telekom Mail &amp; Cloud,Telekom MyWallet,Telekom Sport,Telekom Strom</Weitere_Adressen_name><Weitere_Adressen_link>https://www.aboalarm.de/kuendigung-adresse/internet-und-telefon/telekom-computerhilfe,https://www.aboalarm.de/kuendigung-adresse/internet-und-telefon/telekom-data-comfort,https://www.aboalarm.de/kuendigung-adresse/handyvertrag/telekom,https://www.aboalarm.de/kuendigung-adresse/internet-und-telefon/magentazuhause,https://www.aboalarm.de/kuendigung-adresse/mail-service/telekom-mail-und-cloud,https://www.aboalarm.de/kuendigung-adresse/abonnement/telekom-mywallet,https://www.aboalarm.de/kuendigung-adresse/pay-tv/telekom-sport,https://www.aboalarm.de/kuendigung-adresse/energie/telekom-strom</Weitere_Adressen_link><form_field>Festnetznummer,Geburtsdatum</form_field><subject>Sehr geehrte Damen und Herren,</subject><letter_text>hiermit kündige ich meinen Telekom Internet und Telefon-Vertrag fristgerecht zum nächstmöglichen Zeitpunkt. Bitte senden Sie mir eine schriftliche Bestätigung der Kündigung unter Angabe des Beendigungszeitpunktes zu.</letter_text></item>
<item><category>Internet und Telefon</category><source_url>https://www.aboalarm.de/kuendigung-adresse/internet-und-telefon/tele-2</source_url><sub_category>None</sub_category><company>TELE2 DSL</company><full_address>TELE2 Kundenservice Postfach 11 01 55 17041 Neubrandenburg</full_address><address>TELE2 Kundenservice</address><city>Neubrandenburg</city><zip>17041</zip><email>info-de@tele2.com</email><website>http://www.tele2.de</website><fax>021140824093</fax><hotline>021140824082</hotline><Weitere_Adressen_name>TELE2 Mobilfunk</Weitere_Adressen_name><Weitere_Adressen_link>https://www.aboalarm.de/kuendigung-adresse/handyvertrag/tele-2</Weitere_Adressen_link><form_field>Kundennummer</form_field><subject>Sehr geehrte Damen und Herren,</subject><letter_text>hiermit kündige ich meinen oben genannten Vertrag fristgerecht zum nächstmöglichen Zeitpunkt. Bitte senden Sie mir eine schriftliche Bestätigung der Kündigung unter Angabe des Beendigungszeitpunktes zu.</letter_text></item>
<item><category>Internet und Telefon</category><source_url>https://www.aboalarm.de/kuendigung-adresse/internet-und-telefon/pyur</source_url><sub_category>None</sub_category><company>PYUR Internet &amp; Telefon</company><full_address>Tele Columbus AG Postfach 110608 10836 Berlin</full_address><address>Tele Columbus AG</address><city>Berlin</city><zip>10836</zip><email>None</email><website>https://www.pyur.com</website><fax>030 25 777 300</fax><hotline>030 1300 49902</hotline><Weitere_Adressen_name>PYUR Fernsehen,PYUR Mobilfunk</Weitere_Adressen_name><Weitere_Adressen_link>https://www.aboalarm.de/kuendigung-adresse/kabelanschluss/pyur,https://www.aboalarm.de/kuendigung-adresse/handyvertrag/pyur</Weitere_Adressen_link><form_field>Kundennummer</form_field><subject>Sehr geehrte Damen und Herren,</subject><letter_text>hiermit kündige ich meinen oben genannten Vertrag fristgerecht zum nächstmöglichen Zeitpunkt. Bitte senden Sie mir eine schriftliche Bestätigung der Kündigung unter Angabe des Beendigungszeitpunktes zu.</letter_text></item>
<item><category>Internet und Telefon</category><source_url>https://www.aboalarm.de/kuendigung-adresse/internet-und-telefon/o2</source_url><sub_category>None</sub_category><company>O2 Internet&amp;Festnetz</company><full_address>Telefónica Germany GmbH &amp; Co. OHG Kundenbetreuung 90345 Nürnberg</full_address><address>Telefónica Germany GmbH &amp; Co. OHG</address><city>Nürnberg</city><zip>90345</zip><email>None</email><website>http://www.o2online.de</website><fax>01805571766</fax><hotline>089787979400</hotline><Weitere_Adressen_name>O2 Business Internet &amp; Telefon,O2 Business Mobilfunk,O2 Cloud,O2 Datentarif,O2 Handy Ratenplan,O2 Mobilfunk,O2 TV</Weitere_Adressen_name><Weitere_Adressen_link>https://www.aboalarm.de/kuendigung-adresse/internet-und-telefon/o2-business-internet-und-telefon,https://www.aboalarm.de/kuendigung-adresse/handyvertrag/o2-business-mobilfunk,https://www.aboalarm.de/kuendigung-adresse/online-dienst/o2-cloud,https://www.aboalarm.de/kuendigung-adresse/internet-und-telefon/o2-datentarife,https://www.aboalarm.de/kuendigung-adresse/abonnement/o2-handy-ratenplan,https://www.aboalarm.de/kuendigung-adresse/handyvertrag/o2,https://www.aboalarm.de/kuendigung-adresse/online-videothek/o2-tv</Weitere_Adressen_link><form_field>Kennwort,Vertragsnummer </form_field><subject>Sehr geehrte Damen und Herren,</subject><letter_text>hiermit kündige ich meinen O2-DSL-Vertrag fristgerecht zum nächstmöglichen Zeitpunkt. Bitte senden Sie mir eine schriftliche Bestätigung der Kündigung unter Angabe des Beendigungszeitpunktes zu.</letter_text></item>
<item><category>Internet und Telefon</category><source_url>https://www.aboalarm.de/kuendigung-adresse/internet-und-telefon/netcologne</source_url><sub_category>None</sub_category><company>NetCologne Internet&amp;Festnetz</company><full_address>NetCologne Gesellschaft für Telekommunikation mbH Am Coloneum 9 50829 Köln</full_address><address>NetCologne Gesellschaft für Telekommunikation mbH</address><city>Köln</city><zip>50829</zip><email>info@netcologne.de</email><website>http://www.netcologne.de</website><fax>02212222390</fax><hotline>08002222800</hotline><Weitere_Adressen_name>NetCologne Mobilfunk</Weitere_Adressen_name><Weitere_Adressen_link>https://www.aboalarm.de/kuendigung-adresse/handyvertrag/netcologne</Weitere_Adressen_link><form_field>Kundennummer</form_field><subject>Sehr geehrte Damen und Herren,</subject><letter_text>hiermit kündige ich meinen oben genannten Vertrag fristgerecht zum nächstmöglichen Zeitpunkt. Bitte senden Sie mir eine schriftliche Bestätigung der Kündigung unter Angabe des Beendigungszeitpunktes zu.</letter_text></item>
<item><category>Internet und Telefon</category><source_url>https://www.aboalarm.de/kuendigung-adresse/internet-und-telefon/kabel-bw</source_url><sub_category>None</sub_category><company>Kabel BW Internet&amp;Festnetz</company><full_address>Unitymedia BW GmbH Postfach 90 01 31 75090 Pforzheim</full_address><address>Unitymedia BW GmbH</address><city>Pforzheim</city><zip>75090</zip><email>kundenservice@unitymedia.de</email><website>http://www.kabelbw.de</website><fax>071154888151</fax><hotline>0221 4661 9011</hotline><Weitere_Adressen_name>Kabel BW Fernsehen</Weitere_Adressen_name><Weitere_Adressen_link>https://www.aboalarm.de/kuendigung-adresse/kabelanschluss/kabel-bw</Weitere_Adressen_link><form_field>Kundennummer</form_field><subject>Sehr geehrte Damen und Herren,</subject><letter_text>hiermit kündige ich meinen oben genannten Vertrag fristgerecht zum nächstmöglichen Zeitpunkt. Bitte senden Sie mir eine schriftliche Bestätigung der Kündigung unter Angabe des Beendigungszeitpunktes zu.</letter_text></item>
<item><category>Internet und Telefon</category><source_url>https://www.aboalarm.de/kuendigung-adresse/internet-und-telefon/m-net</source_url><sub_category>None</sub_category><company>M-net</company><full_address>M-net Telekommunikations GmbH Frankfurter Ring 158 80807 München</full_address><address>M-net Telekommunikations GmbH</address><city>München</city><zip>80807</zip><email>info@m-net.de</email><website>http://www.m-net.de</website><fax>0894520045</fax><hotline>08002906090</hotline><Weitere_Adressen_name>M-net mobil</Weitere_Adressen_name><Weitere_Adressen_link>https://www.aboalarm.de/kuendigung-adresse/handyvertrag/m-net-mobil</Weitere_Adressen_link><form_field>Kundennummer</form_field><subject>Sehr geehrte Damen und Herren,</subject><letter_text>hiermit kündige ich meinen oben genannten Vertrag fristgerecht zum nächstmöglichen Zeitpunkt. Bitte senden Sie mir eine schriftliche Bestätigung der Kündigung unter Angabe des Beendigungszeitpunktes zu.</letter_text></item>
<item><category>Internet und Telefon</category><source_url>https://www.aboalarm.de/kuendigung-adresse/internet-und-telefon/gmx-dsl</source_url><sub_category>None</sub_category><company>GMX DSL</company><full_address>GMX GmbH - Kundenservice Brauerstraße 48 76135 Karlsruhe</full_address><address>GMX GmbH - Kundenservice</address><city>Karlsruhe</city><zip>76135</zip><email>gmx@gmxnet.de</email><website>http://www.gmx.net</website><fax>None</fax><hotline>07219609741</hotline><Weitere_Adressen_name></Weitere_Adressen_name><Weitere_Adressen_link></Weitere_Adressen_link><form_field>Kundennummer</form_field><subject>Sehr geehrte Damen und Herren,</subject><letter_text>hiermit kündige ich meinen oben genannten Vertrag fristgerecht zum nächstmöglichen Zeitpunkt. Bitte senden Sie mir eine schriftliche Bestätigung der Kündigung unter Angabe des Beendigungszeitpunktes zu.</letter_text></item>
<item><category>Internet und Telefon</category><source_url>https://www.aboalarm.de/kuendigung-adresse/internet-und-telefon/freenetdsl</source_url><sub_category>None</sub_category><company>freenetDSL</company><full_address>1&amp;1 Internet SE Elgendorfer Str. 57 56410 Montabaur</full_address><address>1&amp;1 Internet SE</address><city>Montabaur</city><zip>56410</zip><email>None</email><website>http://dsl.freenet.de/</website><fax>02602 102666</fax><hotline></hotline><Weitere_Adressen_name></Weitere_Adressen_name><Weitere_Adressen_link></Weitere_Adressen_link><form_field>Kundennummer</form_field><subject>Sehr geehrte Damen und Herren,</subject><letter_text>hiermit kündige ich meinen oben genannten Vertrag fristgerecht zum nächstmöglichen Zeitpunkt. Bitte senden Sie mir eine schriftliche Bestätigung der Kündigung unter Angabe des Beendigungszeitpunktes zu.</letter_text></item>
<item><category>Internet und Telefon</category><source_url>https://www.aboalarm.de/kuendigung-adresse/internet-und-telefon/freenet</source_url><sub_category>None</sub_category><company>freenet</company><full_address>freenet.de freenet-Kundenservice Postfach 900265 99105 Erfurt</full_address><address>freenet.de</address><city>900265</city><zip>Postfach</zip><email>None</email><website>http://www.freenet.de</website><fax>018030 30 310</fax><hotline>040 - 348 584 455</hotline><Weitere_Adressen_name>freenet digital,Freenet Mail,freenet Mobile,freenet TV,freenet Video,freenetDSL,freenetPhone</Weitere_Adressen_name><Weitere_Adressen_link>https://www.aboalarm.de/kuendigung-adresse/abonnement/freenet-digital,https://www.aboalarm.de/kuendigung-adresse/mail-service/freenet-mail,https://www.aboalarm.de/kuendigung-adresse/handyvertrag/freenet-mobile,https://www.aboalarm.de/kuendigung-adresse/pay-tv/freenet-tv,https://www.aboalarm.de/kuendigung-adresse/online-videothek/freenet-video,https://www.aboalarm.de/kuendigung-adresse/internet-und-telefon/freenetdsl,https://www.aboalarm.de/kuendigung-adresse/abonnement/freenetphone</Weitere_Adressen_link><form_field>Kundennummer</form_field><subject>Sehr geehrte Damen und Herren,</subject><letter_text>hiermit kündige ich meinen oben genannten Vertrag fristgerecht zum nächstmöglichen Zeitpunkt. Bitte senden Sie mir eine schriftliche Bestätigung der Kündigung unter Angabe des Beendigungszeitpunktes zu.</letter_text></item>
<item><category>Internet und Telefon</category><source_url>https://www.aboalarm.de/kuendigung-adresse/internet-und-telefon/congstar</source_url><sub_category>None</sub_category><company>congstar Internet &amp; Festnetz</company><full_address>congstar GmbH - Kundenservice Postfach 1165 61466 Kronberg</full_address><address>congstar GmbH - Kundenservice</address><city>Kronberg</city><zip>61466</zip><email>kundenservice@congstar.de</email><website>http://www.congstar.de</website><fax>0221 79 700 603</fax><hotline>0221 79 700 700</hotline><Weitere_Adressen_name>congstar Mobilfunk</Weitere_Adressen_name><Weitere_Adressen_link>https://www.aboalarm.de/kuendigung-adresse/handyvertrag/congstar</Weitere_Adressen_link><form_field>Kundennummer</form_field><subject>Sehr geehrte Damen und Herren,</subject><letter_text>hiermit kündige ich meinen oben genannten Vertrag fristgerecht zum nächstmöglichen Zeitpunkt. Bitte senden Sie mir eine schriftliche Bestätigung der Kündigung unter Angabe des Beendigungszeitpunktes zu.</letter_text></item>
<item><category>Internet und Telefon</category><source_url>https://www.aboalarm.de/kuendigung-adresse/internet-und-telefon/cablesurf-de</source_url><sub_category>None</sub_category><company>cablesurf.de</company><full_address>Tele Columbus AG Postfach 11 06 08 10836 Berlin</full_address><address>Tele Columbus AG</address><city>Berlin</city><zip>10836</zip><email>Kontaktformular unter www.pyur.com/kontakt</email><website>https://www.pyur.com/content/pyur/de/privatkunden.html</website><fax>030 25 777 300</fax><hotline>030 25 77 77 77</hotline><Weitere_Adressen_name></Weitere_Adressen_name><Weitere_Adressen_link></Weitere_Adressen_link><form_field>Kundennummer</form_field><subject>Sehr geehrte Damen und Herren,</subject><letter_text>hiermit kündige ich meinen oben genannten Vertrag fristgerecht zum nächstmöglichen Zeitpunkt. Bitte senden Sie mir eine schriftliche Bestätigung der Kündigung unter Angabe des Beendigungszeitpunktes zu.</letter_text></item>
<item><category>Internet und Telefon</category><source_url>https://www.aboalarm.de/kuendigung-adresse/internet-und-telefon/arcor</source_url><sub_category>None</sub_category><company>Arcor Internet&amp;Festnetz</company><full_address>Vodafone GmbH Kundenbetreuung Arcor 40875 Ratingen</full_address><address>Vodafone GmbH</address><city>Ratingen</city><zip>40875</zip><email>info@arcor.net</email><website>http://www.arcor.de</website><fax>02102986575</fax><hotline>08005052343</hotline><Weitere_Adressen_name>Arcor Mobilfunk</Weitere_Adressen_name><Weitere_Adressen_link>https://www.aboalarm.de/kuendigung-adresse/handyvertrag/arcor</Weitere_Adressen_link><form_field>Kundennummer</form_field><subject>Sehr geehrte Damen und Herren,</subject><letter_text>hiermit kündige ich meinen oben genannten Vertrag fristgerecht zum nächstmöglichen Zeitpunkt. Bitte senden Sie mir eine schriftliche Bestätigung der Kündigung unter Angabe des Beendigungszeitpunktes zu.</letter_text></item>
<item><category>Internet und Telefon</category><source_url>https://www.aboalarm.de/kuendigung-adresse/internet-und-telefon/aol</source_url><sub_category>None</sub_category><company>AOL</company><full_address>Telefónica Germany GmbH &amp; Co. OHG AOL Kundenservice Überseering 33 22297 Hamburg</full_address><address>Telefónica Germany GmbH &amp; Co. OHG</address><city>33</city><zip>Überseering</zip><email>None</email><website>http://www.o2online.de</website><fax>01805880088</fax><hotline>089787979400</hotline><Weitere_Adressen_name>AOL eMail</Weitere_Adressen_name><Weitere_Adressen_link>https://www.aboalarm.de/kuendigung-adresse/online-dienst/aol-email</Weitere_Adressen_link><form_field>Kundennummer</form_field><subject>Sehr geehrte Damen und Herren,</subject><letter_text>hiermit kündige ich meinen oben genannten Vertrag fristgerecht zum nächstmöglichen Zeitpunkt. Bitte senden Sie mir eine schriftliche Bestätigung der Kündigung unter Angabe des Beendigungszeitpunktes zu.</letter_text></item>
<item><category>Internet und Telefon</category><source_url>https://www.aboalarm.de/kuendigung-adresse/internet-und-telefon/1-und-1</source_url><sub_category>None</sub_category><company>1&amp;1 Internet &amp; Telefon</company><full_address>1&amp;1 Telecom GmbH Elgendorfer Str. 57 56410 Montabaur</full_address><address>1&amp;1 Telecom GmbH</address><city>Montabaur</city><zip>56410</zip><email>kuendigung@1und1.de</email><website>http://www.1und1.de</website><fax>0721 960 8132</fax><hotline>07219600</hotline><Weitere_Adressen_name>1&amp;1 De-Mail,1&amp;1 Domain &amp; Hosting,1&amp;1 DSL/Festnetz/Mobilfunk,1&amp;1 Energie,1&amp;1 IONOS,1&amp;1 Mail &amp; Media,1&amp;1 Mobilfunk,1&amp;1 Notebook-Flat,1&amp;1 Tablet-Flat</Weitere_Adressen_name><Weitere_Adressen_link>https://www.aboalarm.de/kuendigung-adresse/mail-service/1-und-1-de-mail,https://www.aboalarm.de/kuendigung-adresse/domain/1-und-1,https://www.aboalarm.de/kuendigung-adresse/internet-und-telefon/1-und-1-dslfestnetzmobilfunk,https://www.aboalarm.de/kuendigung-adresse/energie/1-und-1-energie,https://www.aboalarm.de/kuendigung-adresse/domain/1-und-1-ionos,https://www.aboalarm.de/kuendigung-adresse/mail-service/1-und-1-mail-und-media,https://www.aboalarm.de/kuendigung-adresse/handyvertrag/1-und-1,https://www.aboalarm.de/kuendigung-adresse/internet-und-telefon/1-und-1-datentarife,https://www.aboalarm.de/kuendigung-adresse/abonnement/1-und-1-tablet-flat</Weitere_Adressen_link><form_field>1&amp;1 Kundennummer,1&amp;1 Vertragsnummer</form_field><subject>Sehr geehrte Damen und Herren,</subject><letter_text>hiermit kündige ich meinen oben genannten Vertrag fristgerecht zum nächstmöglichen Zeitpunkt. Bitte senden Sie mir eine schriftliche Bestätigung der Kündigung unter Angabe des Beendigungszeitpunktes zu.</letter_text></item>
</items>