<?xml version="1.0" encoding="utf-8"?>
<items>
<item><category>Tv</category><source_url>https://www.aboalarm.de/kuendigung-adresse/kabelanschluss/kabel-deutschland</source_url><sub_category>Kabelanschluss</sub_category><company>Vodafone Kabel Deutschland Fernsehen</company><full_address>Vodafone Kabel Deutschland GmbH Kundenservice 99116 Erfurt</full_address><address>Vodafone Kabel Deutschland GmbH</address><city>Erfurt</city><zip>99116</zip><email>None</email><website>http://www.kabeldeutschland.de</website><fax>None</fax><hotline>0800-66 47 073</hotline><Weitere_Adressen_name></Weitere_Adressen_name><Weitere_Adressen_link></Weitere_Adressen_link><form_field>Kundennummer</form_field><subject>Sehr geehrte Damen und Herren,</subject><letter_text>hiermit kündige ich meinen Vodafone Kabel Deutschland Fernsehen-Vertrag fristgerecht zum nächstmöglichen Zeitpunkt. Bitte bestätigen Sie mir die Kündigung unter Angabe des Beendigungszeitpunktes.</letter_text></item>
<item><category>Tv</category><source_url>https://www.aboalarm.de/kuendigung-adresse/kabelanschluss/unitymedia</source_url><sub_category>Kabelanschluss</sub_category><company>Unitymedia Fernsehen</company><full_address>Vodafone West GmbH Aachener Str. 746-750 50933 Köln</full_address><address>Vodafone West GmbH</address><city>Köln</city><zip>50933</zip><email>https://www.unitymedia.de/privatkunden/kontakt/</email><website>http://www.unitymedia.de</website><fax>0221 / 466 191 09</fax><hotline>0221 / 466 191 00</hotline><Weitere_Adressen_name>Unitymedia  Internet &amp; Telefon,Unitymedia Fernsehen Hessen,Unitymedia Fernsehen NRW,Unitymedia Internet, Telefon &amp; TV (3play),Unitymedia Mobilfunk</Weitere_Adressen_name><Weitere_Adressen_link>https://www.aboalarm.de/kuendigung-adresse/internet-und-telefon/unitymedia,https://www.aboalarm.de/kuendigung-adresse/kabelanschluss/unitymedia-hessen,https://www.aboalarm.de/kuendigung-adresse/kabelanschluss/unitymedia-nrw,https://www.aboalarm.de/kuendigung-adresse/internet-und-telefon/unitymedia-3play,https://www.aboalarm.de/kuendigung-adresse/handyvertrag/unitymedia</Weitere_Adressen_link><form_field>Kundennummer</form_field><subject>Sehr geehrte Damen und Herren,</subject><letter_text>hiermit kündige ich meinen Unitymedia Fernsehen-Vertrag fristgerecht zum nächstmöglichen Zeitpunkt. Bitte senden Sie mir eine schriftliche Bestätigung der Kündigung unter Angabe des Beendigungszeitpunktes zu.</letter_text></item>
<item><category>Tv</category><source_url>https://www.aboalarm.de/kuendigung-adresse/kabelanschluss/pyur</source_url><sub_category>Kabelanschluss</sub_category><company>PYUR Fernsehen</company><full_address>Tele Columbus AG Postfach 110608 10836 Berlin</full_address><address>Tele Columbus AG</address><city>Berlin</city><zip>10836</zip><email>None</email><website>https://www.pyur.com</website><fax>030 25 777 300</fax><hotline>030 1300 49902</hotline><Weitere_Adressen_name>PYUR Internet &amp; Telefon,PYUR Mobilfunk</Weitere_Adressen_name><Weitere_Adressen_link>https://www.aboalarm.de/kuendigung-adresse/internet-und-telefon/pyur,https://www.aboalarm.de/kuendigung-adresse/handyvertrag/pyur</Weitere_Adressen_link><form_field>Kundennummer</form_field><subject>Sehr geehrte Damen und Herren,</subject><letter_text>hiermit kündige ich meinen PYUR Fernsehen-Vertrag fristgerecht zum nächstmöglichen Zeitpunkt. Bitte senden Sie mir eine schriftliche Bestätigung der Kündigung unter Angabe des Beendigungszeitpunktes zu.</letter_text></item>
<item><category>Tv</category><source_url>https://www.aboalarm.de/kuendigung-adresse/kabelanschluss/kabel-bw</source_url><sub_category>Kabelanschluss</sub_category><company>Kabel BW Fernsehen</company><full_address>Kabel BW GmbH Postfach 90 01 31 75090 Pforzheim</full_address><address>Kabel BW GmbH</address><city>Pforzheim</city><zip>75090</zip><email>kundenservice@kabelbw.de</email><website>http://www.kabelbw.de</website><fax>071154888151</fax><hotline>071154888150</hotline><Weitere_Adressen_name>Kabel BW Internet&amp;Festnetz</Weitere_Adressen_name><Weitere_Adressen_link>https://www.aboalarm.de/kuendigung-adresse/internet-und-telefon/kabel-bw</Weitere_Adressen_link><form_field>Kundennummer</form_field><subject>Sehr geehrte Damen und Herren,</subject><letter_text>hiermit kündige ich meinen Kabel BW Fernsehen-Vertrag fristgerecht zum nächstmöglichen Zeitpunkt. Bitte senden Sie mir eine schriftliche Bestätigung der Kündigung unter Angabe des Beendigungszeitpunktes zu.</letter_text></item>
</items>