<?xml version="1.0" encoding="utf-8"?>
<items>
<item><category>Versicherung</category><source_url>https://www.aboalarm.de/kuendigung-adresse/kfz-versicherung/zurich</source_url><sub_category> Kfz-Versicherung</sub_category><company>Zurich KFZ-Versicherung</company><full_address>Zurich Gruppe Deutschland Poppelsdorfer Allee 25-33 53115 Bonn</full_address><address>Zurich Gruppe Deutschland</address><city>Bonn</city><zip>53115</zip><email>service@zurich.de</email><website>http://www.zurich.de</website><fax>02282683952</fax><hotline>022826801</hotline><Weitere_Adressen_name>Zurich Bausparkasse,Zurich Berufsunfähigkeitsversicherung,Zurich Betriebshaftpflichtversicherung,Zurich Erwerbsunfähigkeitsversicherung,Zurich Gebäudeversicherung,Zurich Glasversicherung,Zurich Haftpflichtversicherung,Zurich Haus-/Grundbesitzerhaftpflichtversicherung,Zurich Hausratversicherung,Zurich Lebensversicherung,Zurich MultiPlus Versicherung,Zurich Pflegeversicherung,Zurich Reisegepäckversicherung,Zurich Rentenversicherung,Zurich Riester-Rente,Zurich Risiko-Lebensversicherung,Zurich Schwere Krankheiten (Dread Disease) Versicherung,Zurich Sterbegeldversicherung,Zurich Tierhalterhaftpflichtversicherung,Zurich Unfallversicherung,Zurich Wohngebäudeversicherung</Weitere_Adressen_name><Weitere_Adressen_link>https://www.aboalarm.de/kuendigung-adresse/bausparvertrag/zurich,https://www.aboalarm.de/kuendigung-adresse/berufsunfaehigkeitsversicherung/zurich-deutscher-herold,https://www.aboalarm.de/kuendigung-adresse/haftpflichtversicherung/zurich-betriebshaftpflichtversicherung,https://www.aboalarm.de/kuendigung-adresse/rentenversicherung/zurich-erwerbsunfaehigkeitsversicherung,https://www.aboalarm.de/kuendigung-adresse/versicherung/zurich-gebaeudeversicherung,https://www.aboalarm.de/kuendigung-adresse/versicherung/zurich-glasversicherung,https://www.aboalarm.de/kuendigung-adresse/haftpflichtversicherung/zurich,https://www.aboalarm.de/kuendigung-adresse/haftpflichtversicherung/zurich-haus-grundbesitzerhaftpflichtversicherung,https://www.aboalarm.de/kuendigung-adresse/hausratversicherung/zurich,https://www.aboalarm.de/kuendigung-adresse/lebensversicherung/zurich,https://www.aboalarm.de/kuendigung-adresse/versicherung/zurich-multiplus-versicherung,https://www.aboalarm.de/kuendigung-adresse/krankenversicherung/zurich-pflegeversicherung,https://www.aboalarm.de/kuendigung-adresse/reiseversicherung/zurich,https://www.aboalarm.de/kuendigung-adresse/rentenversicherung/zurich-deutscher-herold,https://www.aboalarm.de/kuendigung-adresse/rentenversicherung/zurich-riester-rente,https://www.aboalarm.de/kuendigung-adresse/lebensversicherung/zurich-risiko-lebensversicherung,https://www.aboalarm.de/kuendigung-adresse/krankenversicherung/zurich-schwere-krankheiten-dread-disease-versicherung,https://www.aboalarm.de/kuendigung-adresse/versicherung/zurich-sterbegeldversicherung,https://www.aboalarm.de/kuendigung-adresse/haftpflichtversicherung/zurich-tierhalterhaftpflichtversicherung,https://www.aboalarm.de/kuendigung-adresse/unfallversicherung/zurich-unfallversicherung,https://www.aboalarm.de/kuendigung-adresse/versicherung/zurich-wohngebaeudeversicherung</Weitere_Adressen_link><form_field>Kennzeichen,Versicherungsnummer</form_field><subject>Sehr geehrte Damen und Herren,</subject><letter_text>hiermit kündige ich meine oben genannte Kfz-Versicherung fristgerecht zum nächstmöglichen Zeitpunkt. Bitte senden Sie mir eine schriftliche Bestätigung der Kündigung unter Angabe des Beendigungszeitpunktes zu.</letter_text></item>
<item><category>Versicherung</category><source_url>https://www.aboalarm.de/kuendigung-adresse/kfz-versicherung/westfaelische-provinzial</source_url><sub_category> Kfz-Versicherung</sub_category><company>Westfälische Provinzial KFZ-Versicherung</company><full_address>Westfälische Provinzial Versicherung AG 48131 Münster</full_address><address>Westfälische Provinzial Versicherung AG</address><city>Münster</city><zip>48131</zip><email>service@provinzial.de</email><website>http://www.provinzial-online.de</website><fax>0251 2192300</fax><hotline>0251 2199921</hotline><Weitere_Adressen_name>Westfälische Provinzial Altersvorsorge,Westfälische Provinzial Berufsunfähigkeitsversicherung,Westfälische Provinzial Haftpflichtversicherung,Westfälische Provinzial Haus-/Grundbesitzerhaftpflichtversicherung,Westfälische Provinzial Hausratversicherung,Westfälische Provinzial Rechtsschutzversicherung,Westfälische Provinzial Tierhalterhaftpflichtversicherung,Westfälische Provinzial Unfallversicherung,Westfälische Provinzial Wohngebäudeversicherung</Weitere_Adressen_name><Weitere_Adressen_link>https://www.aboalarm.de/kuendigung-adresse/rentenversicherung/westfaelische-provinzial,https://www.aboalarm.de/kuendigung-adresse/berufsunfaehigkeitsversicherung/westfaelische-provinzial,https://www.aboalarm.de/kuendigung-adresse/haftpflichtversicherung/westfaelische-provinzial,https://www.aboalarm.de/kuendigung-adresse/haftpflichtversicherung/westfaelische-provinzial-haus-grundbesitzerhaftpflichtversicherung,https://www.aboalarm.de/kuendigung-adresse/hausratversicherung/westfaelische-provinzial,https://www.aboalarm.de/kuendigung-adresse/rechtsschutzversicherung/westfaelische-provinzial,https://www.aboalarm.de/kuendigung-adresse/haftpflichtversicherung/westfaelische-provinzial-tierhalterhaftpflichtversicherung,https://www.aboalarm.de/kuendigung-adresse/unfallversicherung/westfaelische-provinzial,https://www.aboalarm.de/kuendigung-adresse/versicherung/westfaelische-provinzial-wohngebaeudeversicherung</Weitere_Adressen_link><form_field>Kennzeichen,Versicherungsnummer</form_field><subject>Sehr geehrte Damen und Herren,</subject><letter_text>hiermit kündige ich meine oben genannte Kfz-Versicherung fristgerecht zum nächstmöglichen Zeitpunkt. Bitte senden Sie mir eine schriftliche Bestätigung der Kündigung unter Angabe des Beendigungszeitpunktes zu.</letter_text></item>
<item><category>Versicherung</category><source_url>https://www.aboalarm.de/kuendigung-adresse/kfz-versicherung/volksfuersorge</source_url><sub_category> Kfz-Versicherung</sub_category><company>Volksfürsorge KFZ-Versicherung</company><full_address>Volksfürsorge AG 20071 Hamburg</full_address><address>Volksfürsorge AG</address><city>Hamburg</city><zip>20071</zip><email>service@volksfuersorge.de</email><website>http://www.volksfuersorge.de</website><fax>04028653369</fax><hotline>04028654477</hotline><Weitere_Adressen_name>Volksfürsorge,Volksfürsorge Deutsche Berufsunfähigkeitsversicherung,Volksfürsorge Deutsche Haftpflichtversicherung,Volksfürsorge Deutsche Hausratversicherung</Weitere_Adressen_name><Weitere_Adressen_link>https://www.aboalarm.de/kuendigung-adresse/versicherung/volksfuersorge,https://www.aboalarm.de/kuendigung-adresse/berufsunfaehigkeitsversicherung/volksfuersorge,https://www.aboalarm.de/kuendigung-adresse/haftpflichtversicherung/volksfuersorge,https://www.aboalarm.de/kuendigung-adresse/hausratversicherung/volksfuersorge</Weitere_Adressen_link><form_field>Kennzeichen,Versicherungsnummer</form_field><subject>Sehr geehrte Damen und Herren,</subject><letter_text>hiermit kündige ich meine oben genannte Kfz-Versicherung fristgerecht zum nächstmöglichen Zeitpunkt. Bitte senden Sie mir eine schriftliche Bestätigung der Kündigung unter Angabe des Beendigungszeitpunktes zu.</letter_text></item>
<item><category>Versicherung</category><source_url>https://www.aboalarm.de/kuendigung-adresse/kfz-versicherung/victoria</source_url><sub_category> Kfz-Versicherung</sub_category><company>Victoria KFZ-Versicherung</company><full_address>ERGO Versicherung AG (ehemals Victoria) Victoriaplatz 1 40477 Düsseldorf</full_address><address>ERGO Versicherung AG (ehemals Victoria)</address><city>Düsseldorf</city><zip>40477</zip><email>info@ergo.de</email><website>http://www.ergo.de</website><fax>01803123460</fax><hotline>08003746000</hotline><Weitere_Adressen_name>Victoria Krankenversicherung,Victoria Lebensversicherung,VictoriaMilan</Weitere_Adressen_name><Weitere_Adressen_link>https://www.aboalarm.de/kuendigung-adresse/krankenversicherung/victoria,https://www.aboalarm.de/kuendigung-adresse/lebensversicherung/victoria,https://www.aboalarm.de/kuendigung-adresse/online-dating/victoriamilan</Weitere_Adressen_link><form_field>Kennzeichen,Versicherungsnummer</form_field><subject>Sehr geehrte Damen und Herren,</subject><letter_text>hiermit kündige ich meine oben genannte Kfz-Versicherung fristgerecht zum nächstmöglichen Zeitpunkt. Bitte senden Sie mir eine schriftliche Bestätigung der Kündigung unter Angabe des Beendigungszeitpunktes zu.</letter_text></item>
<item><category>Versicherung</category><source_url>https://www.aboalarm.de/kuendigung-adresse/kfz-versicherung/vhv-versicherungen</source_url><sub_category> Kfz-Versicherung</sub_category><company>VHV KFZ-Versicherung</company><full_address>VHV Allgemeine Versicherung AG 30138 Hannover</full_address><address>VHV Allgemeine Versicherung AG</address><city>Hannover</city><zip>30138</zip><email>info@vhv.de</email><website>https://www.vhv.de</website><fax>0511 9078999</fax><hotline>0511 9078811</hotline><Weitere_Adressen_name>VHV,VHV Berufshaftpflichtversicherung,VHV Berufsunfähigkeitsversicherung,VHV Elektronikversicherung,VHV Glasversicherung,VHV Haftpflichtversicherung,VHV Haus-/Grundbesitzerhaftpflichtversicherung,VHV Hausratversicherung,VHV Rechtsschutzversicherung,VHV Rentenversicherung,VHV Risikolebens­ver­si­che­rung,VHV Tierhalterhaftpflichtversicherung,VHV Unfallversicherung,VHV Wohngebäudeversicherung</Weitere_Adressen_name><Weitere_Adressen_link>https://www.aboalarm.de/kuendigung-adresse/versicherung/vhv,https://www.aboalarm.de/kuendigung-adresse/haftpflichtversicherung/vhv-berufshaftpflichtversicherung,https://www.aboalarm.de/kuendigung-adresse/berufsunfaehigkeitsversicherung/vhv,https://www.aboalarm.de/kuendigung-adresse/versicherung/vhv-elektronikversicherung,https://www.aboalarm.de/kuendigung-adresse/versicherung/vhv-glasversicherung,https://www.aboalarm.de/kuendigung-adresse/haftpflichtversicherung/vhv,https://www.aboalarm.de/kuendigung-adresse/haftpflichtversicherung/vhv-haus-grundbesitzerhaftpflichtversicherung,https://www.aboalarm.de/kuendigung-adresse/hausratversicherung/vhv,https://www.aboalarm.de/kuendigung-adresse/rechtsschutzversicherung/vhv,https://www.aboalarm.de/kuendigung-adresse/rentenversicherung/vhv-versicherungen,https://www.aboalarm.de/kuendigung-adresse/lebensversicherung/vhv-risikolebensversicherung,https://www.aboalarm.de/kuendigung-adresse/haftpflichtversicherung/vhv-tierhalterhaftpflichtversicherung,https://www.aboalarm.de/kuendigung-adresse/unfallversicherung/vhv,https://www.aboalarm.de/kuendigung-adresse/versicherung/vhv-allgemeine-versicherung</Weitere_Adressen_link><form_field>Kennzeichen,Versicherungsnummer</form_field><subject>Sehr geehrte Damen und Herren,</subject><letter_text>hiermit kündige ich meine oben genannte Kfz-Versicherung fristgerecht zum nächstmöglichen Zeitpunkt. Bitte senden Sie mir eine schriftliche Bestätigung der Kündigung unter Angabe des Beendigungszeitpunktes zu.</letter_text></item>
<item><category>Versicherung</category><source_url>https://www.aboalarm.de/kuendigung-adresse/kfz-versicherung/vgh-kfz-versicherung</source_url><sub_category> Kfz-Versicherung</sub_category><company>VGH KFZ-Versicherung</company><full_address>VGH Versicherungen 30140 Hannover</full_address><address>VGH Versicherungen</address><city>Hannover</city><zip>30140</zip><email>service@vgh.de</email><website>http://www.vgh.de</website><fax>05113622960</fax><hotline>08001750844</hotline><Weitere_Adressen_name></Weitere_Adressen_name><Weitere_Adressen_link></Weitere_Adressen_link><form_field>Kennzeichen,Versicherungsnummer</form_field><subject>Sehr geehrte Damen und Herren,</subject><letter_text>hiermit kündige ich meine oben genannte Kfz-Versicherung fristgerecht zum nächstmöglichen Zeitpunkt. Bitte senden Sie mir eine schriftliche Bestätigung der Kündigung unter Angabe des Beendigungszeitpunktes zu.</letter_text></item>
<item><category>Versicherung</category><source_url>https://www.aboalarm.de/kuendigung-adresse/kfz-versicherung/sv-sparkassenversicherung</source_url><sub_category> Kfz-Versicherung</sub_category><company>SV Sparkassen KFZ-Versicherung</company><full_address>SV SparkassenVersicherung Holding AG Löwentorstraße 65 70376 Stuttgart</full_address><address>SV SparkassenVersicherung Holding AG</address><city>Stuttgart</city><zip>70376</zip><email>service@sparkassenversicherung.de</email><website>http://www.sparkassenversicherung.de</website><fax>0711 898109</fax><hotline>0711 898100</hotline><Weitere_Adressen_name>SV Sparkassen Berufsunfähigkeitsversicherung,SV Sparkassen Elektronikversicherung,SV Sparkassen Gebäudeversicherung,SV Sparkassen Glasversicherung,SV Sparkassen Haftpflichtversicherung,SV Sparkassen Haus-/Grundbesitzerhaftpflichtversicherung,SV Sparkassen Hausratversicherung,SV Sparkassen Lebensversicherung,SV Sparkassen Pflegeversicherung,SV Sparkassen Rechtsschutzversicherung,SV Sparkassen Rentenversicherung,SV Sparkassen Risiko-Lebensversicherung,SV Sparkassen Schwere Krankheiten (Dread Disease) Versicherung,SV Sparkassen Sterbegeldversicherung,SV Sparkassen Tierhalterhaftpflichtversicherung,SV Sparkassen Unfallversicherung,SV Sparkassen Versicherung Privatschutz,SV Sparkassenversicherung Riester-Rente,SV Sparkassenversicherung Wohngebäudeversicherung</Weitere_Adressen_name><Weitere_Adressen_link>https://www.aboalarm.de/kuendigung-adresse/berufsunfaehigkeitsversicherung/sv-sparkassen,https://www.aboalarm.de/kuendigung-adresse/versicherung/sv-sparkassen-elektronikversicherung,https://www.aboalarm.de/kuendigung-adresse/versicherung/sv-sparkassen-gebaeudeversicherung,https://www.aboalarm.de/kuendigung-adresse/versicherung/sv-sparkassen-glasversicherung,https://www.aboalarm.de/kuendigung-adresse/haftpflichtversicherung/sv-sparkassen,https://www.aboalarm.de/kuendigung-adresse/haftpflichtversicherung/sv-sparkassen-haus-grundbesitzerhaftpflichtversicherung,https://www.aboalarm.de/kuendigung-adresse/hausratversicherung/sv-sparkassen,https://www.aboalarm.de/kuendigung-adresse/lebensversicherung/sv-sparkassen,https://www.aboalarm.de/kuendigung-adresse/krankenversicherung/sv-sparkassen-pflegeversicherung,https://www.aboalarm.de/kuendigung-adresse/rechtsschutzversicherung/sv-sparkassen,https://www.aboalarm.de/kuendigung-adresse/rentenversicherung/sv-sparkassen,https://www.aboalarm.de/kuendigung-adresse/lebensversicherung/sv-sparkassen-risiko-lebensversicherung,https://www.aboalarm.de/kuendigung-adresse/krankenversicherung/sv-sparkassen-schwere-krankheiten-dread-disease-versicherung,https://www.aboalarm.de/kuendigung-adresse/versicherung/sv-sparkassen-sterbegeldversicherung,https://www.aboalarm.de/kuendigung-adresse/haftpflichtversicherung/sv-sparkassen-tierhalterhaftpflichtversicherung,https://www.aboalarm.de/kuendigung-adresse/unfallversicherung/sv-sparkassen,https://www.aboalarm.de/kuendigung-adresse/versicherung/sv-privatschutz,https://www.aboalarm.de/kuendigung-adresse/rentenversicherung/sv-sparkassenversicherung-riester-rente,https://www.aboalarm.de/kuendigung-adresse/versicherung/sv-sparkassenversicherung-wohngebaeudeversicherung</Weitere_Adressen_link><form_field>Kennzeichen,Versicherungsnummer</form_field><subject>Sehr geehrte Damen und Herren,</subject><letter_text>hiermit kündige ich meine oben genannte Kfz-Versicherung fristgerecht zum nächstmöglichen Zeitpunkt. Bitte senden Sie mir eine schriftliche Bestätigung der Kündigung unter Angabe des Beendigungszeitpunktes zu.</letter_text></item>
<item><category>Versicherung</category><source_url>https://www.aboalarm.de/kuendigung-adresse/kfz-versicherung/signal-iduna</source_url><sub_category> Kfz-Versicherung</sub_category><company>Signal Iduna KFZ-Versicherung</company><full_address>SIGNAL IDUNA Gruppe Joseph-Scherer-Str. 3 44139 Dortmund</full_address><address>SIGNAL IDUNA Gruppe</address><city>Dortmund</city><zip>44139</zip><email>info@signal-iduna.de</email><website>http://www.signal-iduna.de</website><fax>0231 1354638</fax><hotline>0231 1357993</hotline><Weitere_Adressen_name>Signal Iduna  Schwere Krankheiten (Dread Disease) Versicherung,Signal Iduna Altersvorsorge,SIGNAL IDUNA Bauspar,Signal Iduna Berufsunfähigkeitsversicherung,Signal Iduna Depot,SIGNAL IDUNA Elektronikschadenversicherung,Signal Iduna Elektronikversicherung,SIGNAL IDUNA Elementarschadenversicherung,Signal Iduna Glasversicherung,Signal Iduna Haftpflichtversicherung,Signal Iduna Haus-/Grundbesitzerhaftpflichtversicherung,SIGNAL IDUNA Haushaltglasversicherung,Signal Iduna Hausratversicherung,Signal Iduna Krankenversicherung,SIGNAL IDUNA Lebensversicherung,SIGNAL IDUNA Pflegepflichtversicherung,Signal Iduna Rechtsschutzversicherung,Signal Iduna Reisegepäckversicherung,Signal Iduna Reiseversicherung,Signal Iduna Rentenversicherung,Signal Iduna Riester-Rente,Signal Iduna Sterbegeldversicherung,Signal Iduna Tierhalterhaftpflichtversicherung,Signal Iduna Unfallversicherung,Signal Iduna Wohngebäudeversicherung</Weitere_Adressen_name><Weitere_Adressen_link>https://www.aboalarm.de/kuendigung-adresse/krankenversicherung/signal-iduna-schwere-krankheiten-dread-disease-versicherung,https://www.aboalarm.de/kuendigung-adresse/rentenversicherung/signal-iduna-altersvorsorge,https://www.aboalarm.de/kuendigung-adresse/bausparvertrag/signal-iduna,https://www.aboalarm.de/kuendigung-adresse/berufsunfaehigkeitsversicherung/signal-iduna,https://www.aboalarm.de/kuendigung-adresse/finanzen/signal-iduna-depot,https://www.aboalarm.de/kuendigung-adresse/hausratversicherung/signal-iduna-elektronikschadenversicherung,https://www.aboalarm.de/kuendigung-adresse/versicherung/signal-iduna-elektronikversicherung,https://www.aboalarm.de/kuendigung-adresse/hausratversicherung/signal-iduna-elementarschadenversicherung,https://www.aboalarm.de/kuendigung-adresse/versicherung/signal-iduna-glasversicherung,https://www.aboalarm.de/kuendigung-adresse/haftpflichtversicherung/signal-iduna,https://www.aboalarm.de/kuendigung-adresse/haftpflichtversicherung/signal-iduna-haus-grundbesitzerhaftpflichtversicherung,https://www.aboalarm.de/kuendigung-adresse/abonnement/signal-iduna-haushaltglasversicherung,https://www.aboalarm.de/kuendigung-adresse/hausratversicherung/signal-iduna,https://www.aboalarm.de/kuendigung-adresse/krankenversicherung/signal-iduna,https://www.aboalarm.de/kuendigung-adresse/lebensversicherung/signal-iduna,https://www.aboalarm.de/kuendigung-adresse/versicherung/signal-iduna-pflegepflichtversicherung,https://www.aboalarm.de/kuendigung-adresse/rechtsschutzversicherung/signal-iduna,https://www.aboalarm.de/kuendigung-adresse/reiseversicherung/signal-iduna,https://www.aboalarm.de/kuendigung-adresse/reiseversicherung/signal-iduna-reiseversicherung,https://www.aboalarm.de/kuendigung-adresse/rentenversicherung/signal-iduna,https://www.aboalarm.de/kuendigung-adresse/rentenversicherung/signal-iduna-riester-rente,https://www.aboalarm.de/kuendigung-adresse/versicherung/signal-iduna-sterbegeldversicherung,https://www.aboalarm.de/kuendigung-adresse/haftpflichtversicherung/signal-iduna-tierhalterhaftpflichtversicherung,https://www.aboalarm.de/kuendigung-adresse/unfallversicherung/signal-iduna-unfallversicherung,https://www.aboalarm.de/kuendigung-adresse/versicherung/signal-iduna-wohngebaeudeversicherung</Weitere_Adressen_link><form_field>Kennzeichen,Versicherungsnummer</form_field><subject>Sehr geehrte Damen und Herren,</subject><letter_text>hiermit kündige ich meine oben genannte Kfz-Versicherung fristgerecht zum nächstmöglichen Zeitpunkt. Bitte senden Sie mir eine schriftliche Bestätigung der Kündigung unter Angabe des Beendigungszeitpunktes zu.</letter_text></item>
<item><category>Versicherung</category><source_url>https://www.aboalarm.de/kuendigung-adresse/kfz-versicherung/r-und-v24</source_url><sub_category> Kfz-Versicherung</sub_category><company>R+V24 KFZ-Versicherung</company><full_address>R+V Direktversicherung AG Raiffeisenplatz 1 65189 Wiesbaden</full_address><address>R+V Direktversicherung AG</address><city>Wiesbaden</city><zip>65189</zip><email>kfz@rv24.de</email><website>http://www.rv24.de</website><fax>0611 533777240</fax><hotline>0611 5337240</hotline><Weitere_Adressen_name></Weitere_Adressen_name><Weitere_Adressen_link></Weitere_Adressen_link><form_field>Kennzeichen,Vertragsnummer</form_field><subject>Sehr geehrte Damen und Herren,</subject><letter_text>hiermit kündige ich meine oben genannte Kfz-Versicherung fristgerecht zum nächstmöglichen Zeitpunkt. Bitte senden Sie mir eine schriftliche Bestätigung der Kündigung unter Angabe des Beendigungszeitpunktes zu.</letter_text></item>
<item><category>Versicherung</category><source_url>https://www.aboalarm.de/kuendigung-adresse/kfz-versicherung/r-und-v</source_url><sub_category> Kfz-Versicherung</sub_category><company>R+V KFZ-Versicherung</company><full_address>R+V Versicherung AG Raiffeisenplatz 1 65189 Wiesbaden</full_address><address>R+V Versicherung AG</address><city>Wiesbaden</city><zip>65189</zip><email>ruv@ruv.de</email><website>http://www.ruv.de</website><fax>0611 5334500</fax><hotline>0800 5331112</hotline><Weitere_Adressen_name>R+V  Krankenversicherung,R+V  Rentenversicherung,R+V Allgemeine Versicherung Ag,R+V Auslandskrankenversicherung,R+V Berufshaftpflicht­versicherung,R+V Berufsunfähig­keits­versicherung,R+V Betriebs­haftpflicht­versicherung,R+V Betriebskrankenkasse,R+V Elektronikversicherung,R+V Erwerbsunfähigkeitsversicherung,R+V Glasversicherung,R+V Haftpflichtversicherung,R+V Haus-/Grundbesitzerhaftpflichtversicherung,R+V Hausratversicherung,R+V Lebensversicherung,R+V Pflegeversicherung,R+V Private Krankenvollversicherung,R+V Private Krankenzusatzversicherung,R+V Privatpolice,R+V Rechtsschutzversicherung,R+V Riester-Rente,R+V Schwere Krankheiten (Dread Disease) Versicherung,R+V Sterbegeldversicherung,R+V Tierhalterhaftpflichtversicherung,R+V Unfallversicherung,R+V Wohngebäudeversicherung,R+V Zahnzusatzversicherung,R+V24 KFZ-Versicherung</Weitere_Adressen_name><Weitere_Adressen_link>https://www.aboalarm.de/kuendigung-adresse/krankenversicherung/r-und-v,https://www.aboalarm.de/kuendigung-adresse/rentenversicherung/r-und-v,https://www.aboalarm.de/kuendigung-adresse/abonnement/r-und-v-allgemeine-versicherung,https://www.aboalarm.de/kuendigung-adresse/krankenversicherung/r-und-v-auslandskrankenversicherung,https://www.aboalarm.de/kuendigung-adresse/haftpflichtversicherung/r-und-v-berufshaftpflichtversicherung,https://www.aboalarm.de/kuendigung-adresse/berufsunfaehigkeitsversicherung/r-und-v,https://www.aboalarm.de/kuendigung-adresse/haftpflichtversicherung/r-und-v-betriebshaftpflichtversicherung,https://www.aboalarm.de/kuendigung-adresse/krankenversicherung/r-und-v-betriebskrankenkasse,https://www.aboalarm.de/kuendigung-adresse/versicherung/r-und-v-elektronikversicherung,https://www.aboalarm.de/kuendigung-adresse/rentenversicherung/r-und-v-erwerbsunfaehigkeitsversicherung,https://www.aboalarm.de/kuendigung-adresse/versicherung/r-und-v-glasversicherung,https://www.aboalarm.de/kuendigung-adresse/haftpflichtversicherung/r-plus-v,https://www.aboalarm.de/kuendigung-adresse/haftpflichtversicherung/r-und-v-haus-grundbesitzerhaftpflichtversicherung,https://www.aboalarm.de/kuendigung-adresse/hausratversicherung/r-und-v,https://www.aboalarm.de/kuendigung-adresse/lebensversicherung/r-und-v-lebensversicherung,https://www.aboalarm.de/kuendigung-adresse/krankenversicherung/r-und-v-pflegeversicherung,https://www.aboalarm.de/kuendigung-adresse/krankenversicherung/r-und-v-private-krankenvollversicherung,https://www.aboalarm.de/kuendigung-adresse/krankenversicherung/r-und-v-private-krankenzusatzversicherung,https://www.aboalarm.de/kuendigung-adresse/versicherung/r-und-v-privatpolice,https://www.aboalarm.de/kuendigung-adresse/rechtsschutzversicherung/r-und-v,https://www.aboalarm.de/kuendigung-adresse/rentenversicherung/r-und-v-riester-rente,https://www.aboalarm.de/kuendigung-adresse/krankenversicherung/r-und-v-schwere-krankheiten-dread-disease-versicherung,https://www.aboalarm.de/kuendigung-adresse/versicherung/r-und-v-sterbegeldversicherung,https://www.aboalarm.de/kuendigung-adresse/haftpflichtversicherung/r-und-v-tierhalterhaftpflichtversicherung,https://www.aboalarm.de/kuendigung-adresse/unfallversicherung/r-und-v,https://www.aboalarm.de/kuendigung-adresse/versicherung/r-und-v-wohngebaeudeversicherung,https://www.aboalarm.de/kuendigung-adresse/zahnzusatzversicherung/r-und-v,https://www.aboalarm.de/kuendigung-adresse/kfz-versicherung/r-und-v24</Weitere_Adressen_link><form_field>Kennzeichen,Versicherungsnummer</form_field><subject>Sehr geehrte Damen und Herren,</subject><letter_text>hiermit kündige ich meine oben genannte Kfz-Versicherung fristgerecht zum nächstmöglichen Zeitpunkt. Bitte senden Sie mir eine schriftliche Bestätigung der Kündigung unter Angabe des Beendigungszeitpunktes zu.</letter_text></item>
<item><category>Versicherung</category><source_url>https://www.aboalarm.de/kuendigung-adresse/kfz-versicherung/provinzial-rheinland</source_url><sub_category> Kfz-Versicherung</sub_category><company>Provinzial Rheinland KFZ-Versicherung</company><full_address>Provinzial Rheinland Versicherung AG KFZ-Versicherung Provinzialplatz 1 40591 Düsseldorf</full_address><address>Provinzial Rheinland Versicherung AG</address><city>1</city><zip>Provinzialplatz</zip><email>service@provinzial.com</email><website>http://www.provinzial.com</website><fax>0211 9781700</fax><hotline>0211 9785211</hotline><Weitere_Adressen_name>Provinzial Rheinland Berufsunfähigkeitsversicherung,Provinzial Rheinland Glasversicherung,Provinzial Rheinland Haftpflichtversicherung,Provinzial Rheinland Haus-/Grundbesitzerhaftpflichtversicherung,Provinzial Rheinland Hausratversicherung,Provinzial Rheinland Lebensversicherung,Provinzial Rheinland Pflegeversicherung,Provinzial Rheinland Rechtsschutzversicherung,Provinzial Rheinland Rentenversicherung,Provinzial Rheinland Riester-Rente,Provinzial Rheinland Schwere Krankheiten (Dread Disease) Versicherung,Provinzial Rheinland Tierhalterhaftpflichtversicherung,Provinzial Rheinland Unfallversicherung,Provinzial Rheinland Versicherung,Provinzial Rheinland Wohngebäudeversicherung</Weitere_Adressen_name><Weitere_Adressen_link>https://www.aboalarm.de/kuendigung-adresse/berufsunfaehigkeitsversicherung/provinzial-rheinland,https://www.aboalarm.de/kuendigung-adresse/versicherung/provinzial-rheinland-glasversicherung,https://www.aboalarm.de/kuendigung-adresse/haftpflichtversicherung/provinzial-rheinland,https://www.aboalarm.de/kuendigung-adresse/haftpflichtversicherung/provinzial-rheinland-haus-grundbesitzerhaftpflichtversicherung,https://www.aboalarm.de/kuendigung-adresse/hausratversicherung/provinzial-rheinland,https://www.aboalarm.de/kuendigung-adresse/lebensversicherung/provinzial-rheinland,https://www.aboalarm.de/kuendigung-adresse/krankenversicherung/provinzial-rheinland-pflegeversicherung,https://www.aboalarm.de/kuendigung-adresse/rechtsschutzversicherung/provinzial-rheinland,https://www.aboalarm.de/kuendigung-adresse/rentenversicherung/provinzial-rheinland,https://www.aboalarm.de/kuendigung-adresse/rentenversicherung/provinzial-rheinland-riester-rente,https://www.aboalarm.de/kuendigung-adresse/krankenversicherung/provinzial-rheinland-schwere-krankheiten-dread-disease-versicherung,https://www.aboalarm.de/kuendigung-adresse/haftpflichtversicherung/provinzial-rheinland-tierhalterhaftpflichtversicherung,https://www.aboalarm.de/kuendigung-adresse/unfallversicherung/provinzial-rheinland,https://www.aboalarm.de/kuendigung-adresse/versicherung/provinzial-rheinland-versicherung,https://www.aboalarm.de/kuendigung-adresse/versicherung/provinzial-rheinland-wohngebaeudeversicherung</Weitere_Adressen_link><form_field>Kennzeichen,Versicherungsnummer</form_field><subject>Sehr geehrte Damen und Herren,</subject><letter_text>hiermit kündige ich meine oben genannte Kfz-Versicherung fristgerecht zum nächstmöglichen Zeitpunkt. Bitte senden Sie mir eine schriftliche Bestätigung der Kündigung unter Angabe des Beendigungszeitpunktes zu.</letter_text></item>
<item><category>Versicherung</category><source_url>https://www.aboalarm.de/kuendigung-adresse/kfz-versicherung/provinzial-nord</source_url><sub_category> Kfz-Versicherung</sub_category><company>Provinzial Nord KFZ-Versicherung</company><full_address>Provinzial Nord Brandkasse AG 24097 Kiel</full_address><address>Provinzial Nord Brandkasse AG</address><city>Kiel</city><zip>24097</zip><email>service@provinzial.de</email><website>http://www.provinzial.de</website><fax>04316031115</fax><hotline>04316039921</hotline><Weitere_Adressen_name>Provinzial Nord Altersvorsorge,Provinzial Nord Berufsunfähigkeitsversicherung,Provinzial Nord Brandkasse,Provinzial Nord Glasversicherung,Provinzial Nord Haftpflichtversicherung,Provinzial Nord Haus-/Grundbesitzerhaftpflichtversicherung,Provinzial Nord Hausratversicherung,Provinzial Nord Pflegeversicherung,Provinzial Nord Rechtsschutzversicherung,Provinzial Nord Riester-Rente,Provinzial Nord Risiko-Lebensversicherung,Provinzial Nord RürupRente (Basisrente),Provinzial Nord Schwere Krankheiten (Dread Disease) Versicherung,Provinzial Nord Sterbegeldversicherung,Provinzial Nord Tierhalterhaftpflichtversicherung,Provinzial Nord Unfallversicherung,Provinzial Nord Wohngebäudeversicherung,Provinzial NordWest Berufsunfähigkeitsversicherung,Provinzial NordWest Lebensversicherung,Provinzial NordWest Rentenversicherung,Provinzial NordWest Riester-Rente,Provinzial NordWest Risiko-Lebensversicherung</Weitere_Adressen_name><Weitere_Adressen_link>https://www.aboalarm.de/kuendigung-adresse/rentenversicherung/provinzial-nord-altersvorsorge,https://www.aboalarm.de/kuendigung-adresse/berufsunfaehigkeitsversicherung/provinzial-nord,https://www.aboalarm.de/kuendigung-adresse/versicherung/provinzial-nord-brandkasse,https://www.aboalarm.de/kuendigung-adresse/versicherung/provinzial-nord-glasversicherung,https://www.aboalarm.de/kuendigung-adresse/haftpflichtversicherung/provinzial-nord,https://www.aboalarm.de/kuendigung-adresse/haftpflichtversicherung/provinzial-nord-haus-grundbesitzerhaftpflichtversicherung,https://www.aboalarm.de/kuendigung-adresse/hausratversicherung/provinzial-nord,https://www.aboalarm.de/kuendigung-adresse/krankenversicherung/provinzial-nord-pflegeversicherung,https://www.aboalarm.de/kuendigung-adresse/rechtsschutzversicherung/provinzial-nord,https://www.aboalarm.de/kuendigung-adresse/rentenversicherung/provinzial-nord-riester-rente,https://www.aboalarm.de/kuendigung-adresse/lebensversicherung/provinzial-nord-risiko-lebensversicherung,https://www.aboalarm.de/kuendigung-adresse/rentenversicherung/provinzial-nord-rueruprente,https://www.aboalarm.de/kuendigung-adresse/krankenversicherung/provinzial-nord-schwere-krankheiten-dread-disease-versicherung,https://www.aboalarm.de/kuendigung-adresse/versicherung/provinzial-nord-sterbegeldversicherung,https://www.aboalarm.de/kuendigung-adresse/haftpflichtversicherung/provinzial-nord-tierhalterhaftpflichtversicherung,https://www.aboalarm.de/kuendigung-adresse/unfallversicherung/provinzial-nord,https://www.aboalarm.de/kuendigung-adresse/versicherung/provinzial-nord-wohngebaeudeversicherung,https://www.aboalarm.de/kuendigung-adresse/berufsunfaehigkeitsversicherung/provinzial-nordwest,https://www.aboalarm.de/kuendigung-adresse/lebensversicherung/provinzial-nordwest,https://www.aboalarm.de/kuendigung-adresse/rentenversicherung/provinzial-nordwest,https://www.aboalarm.de/kuendigung-adresse/rentenversicherung/provinzial-nordwest-riester-rente,https://www.aboalarm.de/kuendigung-adresse/lebensversicherung/provinzial</Weitere_Adressen_link><form_field>Kennzeichen,Versicherungsnummer</form_field><subject>Sehr geehrte Damen und Herren,</subject><letter_text>hiermit kündige ich meine oben genannte Kfz-Versicherung fristgerecht zum nächstmöglichen Zeitpunkt. Bitte senden Sie mir eine schriftliche Bestätigung der Kündigung unter Angabe des Beendigungszeitpunktes zu.</letter_text></item>
<item><category>Versicherung</category><source_url>https://www.aboalarm.de/kuendigung-adresse/kfz-versicherung/lvm</source_url><sub_category> Kfz-Versicherung</sub_category><company>LVM KFZ-Versicherung</company><full_address>LVM Versicherung KFZ-Versicherung 48126 Münster</full_address><address>LVM Versicherung</address><city>Münster</city><zip>48126</zip><email>info@lvm.de</email><website>http://www.lvm.de</website><fax>02517021099</fax><hotline>02517020</hotline><Weitere_Adressen_name>LVM Auslandskrankenversicherung,LVM Berufsunfähigkeitsversicherung,LVM Glasversicherung,LVM Haftpflichtversicherung,LVM Haus-/Grundbesitzerhaftpflichtversicherung,LVM Hausratversicherung,LVM Krankenversicherung,LVM Krankenzusatzversicherung,LVM Pflegeversicherung,LVM Private Krankenvollversicherung,LVM Rechtsschutzversicherung,LVM Reisegepäckversicherung,LVM Rentenversicherung,LVM Riester-Rente,LVM Risiko-Lebensversicherung,LVM Sterbegeldversicherung,LVM Tierhalterhaftpflichtversicherung,LVM Unfallversicherung ,LVM Wohngebäudeversicherung,LVM Zahnzusatzversicherung</Weitere_Adressen_name><Weitere_Adressen_link>https://www.aboalarm.de/kuendigung-adresse/krankenversicherung/lvm-auslandskrankenversicherung,https://www.aboalarm.de/kuendigung-adresse/berufsunfaehigkeitsversicherung/lvm,https://www.aboalarm.de/kuendigung-adresse/versicherung/lvm-glasversicherung,https://www.aboalarm.de/kuendigung-adresse/haftpflichtversicherung/lvm,https://www.aboalarm.de/kuendigung-adresse/haftpflichtversicherung/lvm-haus-grundbesitzerhaftpflichtversicherung,https://www.aboalarm.de/kuendigung-adresse/hausratversicherung/lvm-hausratversicherung,https://www.aboalarm.de/kuendigung-adresse/krankenversicherung/lvm,https://www.aboalarm.de/kuendigung-adresse/krankenversicherung/lvm-sonstige-krankenzusatzversicherung,https://www.aboalarm.de/kuendigung-adresse/krankenversicherung/lvm-pflegeversicherung,https://www.aboalarm.de/kuendigung-adresse/krankenversicherung/lvm-private-krankenvollversicherung,https://www.aboalarm.de/kuendigung-adresse/rechtsschutzversicherung/lvm,https://www.aboalarm.de/kuendigung-adresse/reiseversicherung/lvm,https://www.aboalarm.de/kuendigung-adresse/rentenversicherung/lvm,https://www.aboalarm.de/kuendigung-adresse/rentenversicherung/lvm-riester-rente,https://www.aboalarm.de/kuendigung-adresse/lebensversicherung/lvm-risiko-lebensversicherung,https://www.aboalarm.de/kuendigung-adresse/versicherung/lvm-sterbegeldversicherung,https://www.aboalarm.de/kuendigung-adresse/haftpflichtversicherung/lvm-tierhalterhaftpflichtversicherung,https://www.aboalarm.de/kuendigung-adresse/unfallversicherung/lvm,https://www.aboalarm.de/kuendigung-adresse/versicherung/lvm-wohngebaeudeversicherung,https://www.aboalarm.de/kuendigung-adresse/zahnzusatzversicherung/lvm</Weitere_Adressen_link><form_field>Kennzeichen,Versicherungsnummer</form_field><subject>Sehr geehrte Damen und Herren,</subject><letter_text>hiermit kündige ich meine oben genannte Kfz-Versicherung fristgerecht zum nächstmöglichen Zeitpunkt. Bitte senden Sie mir eine schriftliche Bestätigung der Kündigung unter Angabe des Beendigungszeitpunktes zu.</letter_text></item>
<item><category>Versicherung</category><source_url>https://www.aboalarm.de/kuendigung-adresse/kfz-versicherung/kravag-logistic</source_url><sub_category> Kfz-Versicherung</sub_category><company>KRAVAG-LOGISTIC KFZ-Versicherung</company><full_address>KRAVAG-LOGISTIC Versicherungs-AG Heidenkampsweg 102 20097 Hamburg</full_address><address>KRAVAG-LOGISTIC Versicherungs-AG</address><city>Hamburg</city><zip>20097</zip><email>ruv@ruv.de</email><website>http://www.kravag.de</website><fax>040236064366</fax><hotline>0800 533 1130</hotline><Weitere_Adressen_name></Weitere_Adressen_name><Weitere_Adressen_link></Weitere_Adressen_link><form_field>Kennzeichen,Vertragsnummer</form_field><subject>Sehr geehrte Damen und Herren,</subject><letter_text>hiermit kündige ich meine oben genannte Kfz-Versicherung fristgerecht zum nächstmöglichen Zeitpunkt. Bitte senden Sie mir eine schriftliche Bestätigung der Kündigung unter Angabe des Beendigungszeitpunktes zu.</letter_text></item>
<item><category>Versicherung</category><source_url>https://www.aboalarm.de/kuendigung-adresse/kfz-versicherung/mecklenburgische-versicherung</source_url><sub_category> Kfz-Versicherung</sub_category><company>Mecklenburgische KFZ-Versicherung</company><full_address>Mecklenburgische Versicherungsgruppe 30619 Hannover</full_address><address>Mecklenburgische Versicherungsgruppe</address><city>Hannover</city><zip>30619</zip><email>service@mecklenburgische.de</email><website>http://www.mecklenburgische.de</website><fax>0511 53514444</fax><hotline>0511 53510</hotline><Weitere_Adressen_name>Mecklenburgische &amp; Pommersche Kirchenzeitung,Mecklenburgische 55plus,Mecklenburgische Auslandskrankenversicherung,Mecklenburgische Berufsunfähigkeitversicherung,Mecklenburgische Glasversicherung,Mecklenburgische Haftpflichtversicherung,Mecklenburgische Haus-/Grundbesitzerhaftpflichtversicherung,Mecklenburgische Hausratversicherung,Mecklenburgische Krankenversicherung,Mecklenburgische Krankenzusatzversicherung,Mecklenburgische Lebensversicherung,Mecklenburgische Pflegeversicherung,Mecklenburgische Private Krankenvollversicherung,Mecklenburgische Rechtsschutzversicherung,Mecklenburgische Rentenversicherung,Mecklenburgische Riester-Rente,Mecklenburgische Risiko-Lebensversicherung,Mecklenburgische Sterbegeldversicherung,Mecklenburgische Tierhalterhaftpflichtversicherung,Mecklenburgische Unfallversicherung,Mecklenburgische Wohngebäudeversicherung,Mecklenburgische Zahnzusatzversicherung</Weitere_Adressen_name><Weitere_Adressen_link>https://www.aboalarm.de/kuendigung-adresse/abonnement/mecklenburgische-und-pommersche-kirchenzeitung,https://www.aboalarm.de/kuendigung-adresse/versicherung/mecklenburgische-55plus,https://www.aboalarm.de/kuendigung-adresse/krankenversicherung/mecklenburgische-ausland,https://www.aboalarm.de/kuendigung-adresse/berufsunfaehigkeitsversicherung/mecklenburgische,https://www.aboalarm.de/kuendigung-adresse/versicherung/mecklenburgische-glasversicherung,https://www.aboalarm.de/kuendigung-adresse/haftpflichtversicherung/mecklenburgische,https://www.aboalarm.de/kuendigung-adresse/haftpflichtversicherung/mecklenburgische-haus-grundbesitzer,https://www.aboalarm.de/kuendigung-adresse/hausratversicherung/mecklenburgische,https://www.aboalarm.de/kuendigung-adresse/krankenversicherung/mecklenburgische,https://www.aboalarm.de/kuendigung-adresse/krankenversicherung/mecklenburgische-zusatz,https://www.aboalarm.de/kuendigung-adresse/lebensversicherung/mecklenburgische,https://www.aboalarm.de/kuendigung-adresse/krankenversicherung/mecklenburgische-pflege,https://www.aboalarm.de/kuendigung-adresse/krankenversicherung/mecklenburgische-private-krankenvoll,https://www.aboalarm.de/kuendigung-adresse/rechtsschutzversicherung/mecklenburgische,https://www.aboalarm.de/kuendigung-adresse/rentenversicherung/mecklenburgische-rentenversicherung,https://www.aboalarm.de/kuendigung-adresse/rentenversicherung/mecklenburgische-riester-rente,https://www.aboalarm.de/kuendigung-adresse/lebensversicherung/mecklenburgische-risiko,https://www.aboalarm.de/kuendigung-adresse/versicherung/mecklenburgische-sterbegeldversicherung,https://www.aboalarm.de/kuendigung-adresse/haftpflichtversicherung/mecklenburgische-tierhalter,https://www.aboalarm.de/kuendigung-adresse/unfallversicherung/mecklenburgische,https://www.aboalarm.de/kuendigung-adresse/versicherung/mecklenburgische-gebaeude,https://www.aboalarm.de/kuendigung-adresse/zahnzusatzversicherung/mecklenburgische</Weitere_Adressen_link><form_field>Kennzeichen,Versicherungsnummer</form_field><subject>Sehr geehrte Damen und Herren,</subject><letter_text>hiermit kündige ich meine oben genannte Kfz-Versicherung fristgerecht zum nächstmöglichen Zeitpunkt. Bitte senden Sie mir eine schriftliche Bestätigung der Kündigung unter Angabe des Beendigungszeitpunktes zu.</letter_text></item>
<item><category>Versicherung</category><source_url>https://www.aboalarm.de/kuendigung-adresse/kfz-versicherung/kravag-allgemeine</source_url><sub_category> Kfz-Versicherung</sub_category><company>KRAVAG-ALLGEMEINE KFZ-Versicherung</company><full_address>KRAVAG-ALLGEMEINE Versicherungs-AG Heidenkampsweg 102 20097 Hamburg</full_address><address>KRAVAG-ALLGEMEINE Versicherungs-AG</address><city>Hamburg</city><zip>20097</zip><email>info@kravag.de</email><website>http://www.kravag.de</website><fax>040 236064366</fax><hotline>0800 533 1130</hotline><Weitere_Adressen_name></Weitere_Adressen_name><Weitere_Adressen_link></Weitere_Adressen_link><form_field>Kennzeichen,Versicherungsnummer</form_field><subject>Sehr geehrte Damen und Herren,</subject><letter_text>hiermit kündige ich meine oben genannte Kfz-Versicherung fristgerecht zum nächstmöglichen Zeitpunkt. Bitte senden Sie mir eine schriftliche Bestätigung der Kündigung unter Angabe des Beendigungszeitpunktes zu.</letter_text></item>
<item><category>Versicherung</category><source_url>https://www.aboalarm.de/kuendigung-adresse/kfz-versicherung/huk24</source_url><sub_category> Kfz-Versicherung</sub_category><company>HUK24 KFZ-Versicherung</company><full_address>HUK24 AG Willi-Hussong-Str. 2 96440 Coburg</full_address><address>HUK24 AG</address><city>Coburg</city><zip>96440</zip><email>info@huk24.de</email><website>http://www.huk24.de</website><fax>09561962424</fax><hotline>09561961338</hotline><Weitere_Adressen_name>HUK24 Altersvorsorge,HUK24 Berufsunfähigkeitsversicherung,HUK24 Glasversicherung,Huk24 Haftpflichtversicherung,HUK24 Haus-/Grundbesitzerhaftpflichtversicherung,Huk24 Hausratversicherung,HUK24 Pflegeversicherung,Huk24 Rechtsschutzversicherung,HUK24 Riester-Rente,HUK24 Risiko-Lebensversicherung,HUK24 Sterbegeldversicherung,HUK24 Tierhalterhaftpflichtversicherung,HUK24 Unfallversicherung,HUK24 Wohngebäudeversicherung</Weitere_Adressen_name><Weitere_Adressen_link>https://www.aboalarm.de/kuendigung-adresse/rentenversicherung/huk24-altersvorsorge,https://www.aboalarm.de/kuendigung-adresse/berufsunfaehigkeitsversicherung/huk24,https://www.aboalarm.de/kuendigung-adresse/versicherung/huk24-glasversicherung,https://www.aboalarm.de/kuendigung-adresse/haftpflichtversicherung/huk24,https://www.aboalarm.de/kuendigung-adresse/haftpflichtversicherung/huk24-haus-grundbesitzerhaftpflichtversicherung,https://www.aboalarm.de/kuendigung-adresse/hausratversicherung/huk24,https://www.aboalarm.de/kuendigung-adresse/krankenversicherung/huk24-pflegeversicherung,https://www.aboalarm.de/kuendigung-adresse/rechtsschutzversicherung/huk24,https://www.aboalarm.de/kuendigung-adresse/rentenversicherung/huk24-riester-rente,https://www.aboalarm.de/kuendigung-adresse/lebensversicherung/huk24-risiko-lebensversicherung,https://www.aboalarm.de/kuendigung-adresse/versicherung/huk24-sterbegeldversicherung,https://www.aboalarm.de/kuendigung-adresse/haftpflichtversicherung/huk24-tierhalterhaftpflichtversicherung,https://www.aboalarm.de/kuendigung-adresse/unfallversicherung/huk24,https://www.aboalarm.de/kuendigung-adresse/versicherung/huk24-wohngebaeudeversicherung</Weitere_Adressen_link><form_field>Kennzeichen,Vertragsnummer</form_field><subject>Sehr geehrte Damen und Herren,</subject><letter_text>hiermit kündige ich meine oben genannte Kfz-Versicherung fristgerecht zum nächstmöglichen Zeitpunkt. Bitte senden Sie mir eine schriftliche Bestätigung der Kündigung unter Angabe des Beendigungszeitpunktes zu.</letter_text></item>
<item><category>Versicherung</category><source_url>https://www.aboalarm.de/kuendigung-adresse/kfz-versicherung/huk-coburg</source_url><sub_category> Kfz-Versicherung</sub_category><company>HUK-Coburg KFZ-Versicherung</company><full_address>HUK-COBURG 96448 Coburg</full_address><address>HUK-COBURG</address><city>Coburg</city><zip>96448</zip><email>info@huk-coburg.de</email><website>http://www.huk.de</website><fax>0800 2153486</fax><hotline>0800 2153153</hotline><Weitere_Adressen_name>HUK-Coburg Auslandskrankenversicherung,HUK-COBURG Berufsunfähigkeitsversicherung,HUK-Coburg Glasversicherung,Huk-Coburg Haftpflichtversicherung,HUK-Coburg Haus-/Grundbesitzerhaftpflichtversicherung,Huk-Coburg Hausratversicherung,Huk-Coburg Krankenversicherung,HUK-Coburg Krankenzusatzversicherung,Huk-Coburg Lebensversicherung,HUK-Coburg Pflegeversicherung,Huk-Coburg Rechtsschutzversicherung,Huk-Coburg Reiseversicherung,Huk-Coburg Riester-Rente,HUK-Coburg Sterbegeldversicherung,HUK-Coburg Tierhalterhaftpflichtversicherung,HUK-Coburg Unfallversicherung,Huk-Coburg Wohngebäudeversicherung,HUK-Coburg Zahnzusatzversicherung</Weitere_Adressen_name><Weitere_Adressen_link>https://www.aboalarm.de/kuendigung-adresse/krankenversicherung/huk-coburg-auslandskrankenversicherung,https://www.aboalarm.de/kuendigung-adresse/berufsunfaehigkeitsversicherung/huk-coburg,https://www.aboalarm.de/kuendigung-adresse/versicherung/huk-coburg-glasversicherung,https://www.aboalarm.de/kuendigung-adresse/haftpflichtversicherung/huk-coburg,https://www.aboalarm.de/kuendigung-adresse/haftpflichtversicherung/huk-coburg-haus-grundbesitzerhaftpflichtversicherung,https://www.aboalarm.de/kuendigung-adresse/hausratversicherung/huk-coburg,https://www.aboalarm.de/kuendigung-adresse/krankenversicherung/huk-coburg,https://www.aboalarm.de/kuendigung-adresse/krankenversicherung/huk-coburg-sonstige-krankenzusatzversicherung,https://www.aboalarm.de/kuendigung-adresse/lebensversicherung/huk-coburg,https://www.aboalarm.de/kuendigung-adresse/versicherung/huk-coburg-pflegeversicherung,https://www.aboalarm.de/kuendigung-adresse/rechtsschutzversicherung/huk-coburg,https://www.aboalarm.de/kuendigung-adresse/reiseversicherung/huk-coburg-reiseversicherung,https://www.aboalarm.de/kuendigung-adresse/rentenversicherung/huk-coburg-riester-rente,https://www.aboalarm.de/kuendigung-adresse/versicherung/huk-coburg-sterbegeldversicherung,https://www.aboalarm.de/kuendigung-adresse/haftpflichtversicherung/huk-coburg-tierhalterhaftpflichtversicherung,https://www.aboalarm.de/kuendigung-adresse/unfallversicherung/huk-coburg,https://www.aboalarm.de/kuendigung-adresse/versicherung/huk-coburg-wohngebaeudeversicherung,https://www.aboalarm.de/kuendigung-adresse/zahnzusatzversicherung/huk-coburg</Weitere_Adressen_link><form_field>Kennzeichen,Versicherungsnummer</form_field><subject>Sehr geehrte Damen und Herren,</subject><letter_text>hiermit kündige ich meine oben genannte Kfz-Versicherung fristgerecht zum nächstmöglichen Zeitpunkt. Bitte senden Sie mir eine schriftliche Bestätigung der Kündigung unter Angabe des Beendigungszeitpunktes zu.</letter_text></item>
<item><category>Versicherung</category><source_url>https://www.aboalarm.de/kuendigung-adresse/kfz-versicherung/hdi</source_url><sub_category> Kfz-Versicherung</sub_category><company>HDI KFZ-Versicherung</company><full_address>HDI Versicherung AG Kundenservice HDI Platz 1 30659 Hannover</full_address><address>HDI Versicherung AG</address><city>Platz</city><zip>HDI</zip><email>sach.vertrag@hdi.de</email><website>http://www.hdi.de</website><fax>0511 6451152916</fax><hotline>0511 3806 3806</hotline><Weitere_Adressen_name></Weitere_Adressen_name><Weitere_Adressen_link></Weitere_Adressen_link><form_field>Kennzeichen,Versicherungsnummer</form_field><subject>Sehr geehrte Damen und Herren,</subject><letter_text>hiermit kündige ich meine oben genannte Kfz-Versicherung fristgerecht zum nächstmöglichen Zeitpunkt. Bitte senden Sie mir eine schriftliche Bestätigung der Kündigung unter Angabe des Beendigungszeitpunktes zu.</letter_text></item>
<item><category>Versicherung</category><source_url>https://www.aboalarm.de/kuendigung-adresse/kfz-versicherung/hannoversche</source_url><sub_category> Kfz-Versicherung</sub_category><company>Hannoversche Kfz-Direktversicherung</company><full_address>Hannoversche Direktversicherung AG KFZ-Direktversicherung VHV-Platz 1 30177 Hannover</full_address><address>Hannoversche Direktversicherung AG</address><city>1</city><zip>VHV-Platz</zip><email>service@hannoversche-direkt.de</email><website>http://www.hannoversche.de</website><fax>051139093344</fax><hotline>0511.956 50</hotline><Weitere_Adressen_name></Weitere_Adressen_name><Weitere_Adressen_link></Weitere_Adressen_link><form_field>Kennzeichen,Versicherungsnummer</form_field><subject>Sehr geehrte Damen und Herren,</subject><letter_text>hiermit kündige ich meine oben genannte Kfz-Versicherung fristgerecht zum nächstmöglichen Zeitpunkt. Bitte senden Sie mir eine schriftliche Bestätigung der Kündigung unter Angabe des Beendigungszeitpunktes zu.</letter_text></item>
<item><category>Versicherung</category><source_url>https://www.aboalarm.de/kuendigung-adresse/kfz-versicherung/gothaer</source_url><sub_category> Kfz-Versicherung</sub_category><company>Gothaer KFZ-Versicherung</company><full_address>Gothaer Allgemeine Versicherung AG Gothaer Allee 1 50969 Köln</full_address><address>Gothaer Allgemeine Versicherung AG</address><city>Köln</city><zip>50969</zip><email>info@gothaer.de</email><website>http://www.gothaer.de</website><fax>0221 30907079</fax><hotline>0221 30907070</hotline><Weitere_Adressen_name>Gothaer Altersvorsorge,Gothaer Auslandskrankenversicherung,Gothaer Berufsunfähigkeitsversicherung,Gothaer Elektronikversicherung,Gothaer Erwerbsunfähigkeitsversicherung,Gothaer Glasversicherung,Gothaer Haftpflichtversicherung,Gothaer Haus-/Grundbesitzerhaftpflichtversicherung,Gothaer Hausratversicherung,Gothaer Krankenversicherung,Gothaer Lebensversicherung,Gothaer Pflegeversicherung,Gothaer Rechtsschutzversicherung,Gothaer Reisegepäckversicherung,Gothaer Rentenversicherung,Gothaer Riester-Rente,Gothaer Risiko-Lebensversicherung,Gothaer Schwere Krankheiten (Dread Disease) Versicherung,Gothaer Sterbegeldversicherung,Gothaer Tierhalterhaftpflichtversicherung,Gothaer Tierkrankenversicherung,Gothaer Unfallversicherung,Gothaer Wohngebäudeversicherung,Gothaer Zahnzusatzversicherung</Weitere_Adressen_name><Weitere_Adressen_link>https://www.aboalarm.de/kuendigung-adresse/rentenversicherung/gothaer-altersvorsorge,https://www.aboalarm.de/kuendigung-adresse/krankenversicherung/gothaer-auslandskrankenversicherung,https://www.aboalarm.de/kuendigung-adresse/berufsunfaehigkeitsversicherung/gothaer-berufsunfaehigkeitsversicherung,https://www.aboalarm.de/kuendigung-adresse/versicherung/gothaer-elektronikversicherung,https://www.aboalarm.de/kuendigung-adresse/rentenversicherung/gothaer-erwerbsunfaehigkeitsversicherung,https://www.aboalarm.de/kuendigung-adresse/versicherung/gothaer-glasversicherung,https://www.aboalarm.de/kuendigung-adresse/haftpflichtversicherung/gothaer,https://www.aboalarm.de/kuendigung-adresse/haftpflichtversicherung/gothaer-haus-grundbesitzerhaftpflichtversicherung,https://www.aboalarm.de/kuendigung-adresse/hausratversicherung/gothaer,https://www.aboalarm.de/kuendigung-adresse/krankenversicherung/gothaer,https://www.aboalarm.de/kuendigung-adresse/lebensversicherung/gothaer,https://www.aboalarm.de/kuendigung-adresse/krankenversicherung/gothaer-pflegeversicherung,https://www.aboalarm.de/kuendigung-adresse/rechtsschutzversicherung/gothaer,https://www.aboalarm.de/kuendigung-adresse/reiseversicherung/gothaer,https://www.aboalarm.de/kuendigung-adresse/rentenversicherung/gothaer-rentenversicherung,https://www.aboalarm.de/kuendigung-adresse/rentenversicherung/gothaer-riester-rente,https://www.aboalarm.de/kuendigung-adresse/versicherung/gothaer-risiko-lebensversicherung,https://www.aboalarm.de/kuendigung-adresse/krankenversicherung/gothaer-schwere-krankheiten-dread-disease-versicherung,https://www.aboalarm.de/kuendigung-adresse/versicherung/gothaer-sterbegeldversicherung,https://www.aboalarm.de/kuendigung-adresse/haftpflichtversicherung/gothaer-tierhalterhaftpflichtversicherung,https://www.aboalarm.de/kuendigung-adresse/versicherung/gothaer-tierkrankenversicherung,https://www.aboalarm.de/kuendigung-adresse/unfallversicherung/gothaer,https://www.aboalarm.de/kuendigung-adresse/versicherung/gothaer-wohngebaeudeversicherung,https://www.aboalarm.de/kuendigung-adresse/zahnzusatzversicherung/gothaer</Weitere_Adressen_link><form_field>Kennzeichen,Versicherungsnummer</form_field><subject>Sehr geehrte Damen und Herren,</subject><letter_text>hiermit kündige ich meine oben genannte Kfz-Versicherung fristgerecht zum nächstmöglichen Zeitpunkt. Bitte senden Sie mir eine schriftliche Bestätigung der Kündigung unter Angabe des Beendigungszeitpunktes zu.</letter_text></item>
<item><category>Versicherung</category><source_url>https://www.aboalarm.de/kuendigung-adresse/kfz-versicherung/generali</source_url><sub_category> Kfz-Versicherung</sub_category><company>Generali KFZ-Versicherung</company><full_address>Generali Versicherung AG Adenauerring 7 81737 München</full_address><address>Generali Versicherung AG</address><city>München</city><zip>81737</zip><email>service.de@generali.com</email><website>http://www.generali.de</website><fax>08951211000</fax><hotline>089 51214477</hotline><Weitere_Adressen_name>Generali Bank Konto,Generali Berufsunfähigkeitsversicherung,Generali Deutschland Lebensversicherung (ehemals AachenMünchener),Generali Erwerbsunfähigkeitsversicherung,Generali Gewerbeversicherung,Generali Glasversicherung,Generali Haftpflichtversicherung,Generali Haus-/Grundbesitzerhaftpflichtversicherung,Generali Hausratversicherung,Generali Lebensversicherung,Generali Pflegeversicherung,Generali Privatschutzversicherung,Generali Rechtsschutzversicherung,Generali Reisegepäckversicherung,Generali Reiseunfallversicherung,Generali Rentenversicherung,Generali Riester-Rente,Generali Tierhalterhaftpflichtversicherung,Generali Unfallversicherung,Generali Wohngebäudeversicherung</Weitere_Adressen_name><Weitere_Adressen_link>https://www.aboalarm.de/kuendigung-adresse/bankkonto/generali-bank,https://www.aboalarm.de/kuendigung-adresse/berufsunfaehigkeitsversicherung/generali,https://www.aboalarm.de/kuendigung-adresse/lebensversicherung/aachenmuenchener-lebensversicherung,https://www.aboalarm.de/kuendigung-adresse/rentenversicherung/generali-erwerbsunfaehigkeitsversicherung,https://www.aboalarm.de/kuendigung-adresse/versicherung/generali-gewerbeversicherung,https://www.aboalarm.de/kuendigung-adresse/versicherung/generali-glasversicherung,https://www.aboalarm.de/kuendigung-adresse/haftpflichtversicherung/generali,https://www.aboalarm.de/kuendigung-adresse/haftpflichtversicherung/generali-haus-grundbesitzerhaftpflichtversicherung,https://www.aboalarm.de/kuendigung-adresse/hausratversicherung/generali,https://www.aboalarm.de/kuendigung-adresse/lebensversicherung/generali,https://www.aboalarm.de/kuendigung-adresse/krankenversicherung/generali-pflegeversicherung,https://www.aboalarm.de/kuendigung-adresse/versicherung/generali-privatschutzversicherung,https://www.aboalarm.de/kuendigung-adresse/rechtsschutzversicherung/generali,https://www.aboalarm.de/kuendigung-adresse/reiseversicherung/generali,https://www.aboalarm.de/kuendigung-adresse/unfallversicherung/generali-reiseunfallversicherung,https://www.aboalarm.de/kuendigung-adresse/rentenversicherung/generali,https://www.aboalarm.de/kuendigung-adresse/rentenversicherung/generali-riester-rente,https://www.aboalarm.de/kuendigung-adresse/haftpflichtversicherung/generali-tierhalterhaftpflichtversicherung,https://www.aboalarm.de/kuendigung-adresse/unfallversicherung/generali,https://www.aboalarm.de/kuendigung-adresse/versicherung/generali-wohngebaeudeversicherung</Weitere_Adressen_link><form_field>Kennzeichen,Versicherungsnummer</form_field><subject>Sehr geehrte Damen und Herren,</subject><letter_text>hiermit kündige ich meine oben genannte Kfz-Versicherung fristgerecht zum nächstmöglichen Zeitpunkt. Bitte senden Sie mir eine schriftliche Bestätigung der Kündigung unter Angabe des Beendigungszeitpunktes zu.</letter_text></item>
<item><category>Versicherung</category><source_url>https://www.aboalarm.de/kuendigung-adresse/kfz-versicherung/garanta</source_url><sub_category> Kfz-Versicherung</sub_category><company>GARANTA KFZ-Versicherung</company><full_address>GARANTA Versicherungs-AG Ostendstraße 100 90334 Nürnberg</full_address><address>GARANTA Versicherungs-AG</address><city>Nürnberg</city><zip>90334</zip><email>info@nuernberger.de</email><website>http://www.garanta.de</website><fax>09115313206</fax><hotline>09115310</hotline><Weitere_Adressen_name>GARANTA Haftpflichtversicherung</Weitere_Adressen_name><Weitere_Adressen_link>https://www.aboalarm.de/kuendigung-adresse/haftpflichtversicherung/garanta</Weitere_Adressen_link><form_field>Kennzeichen,Vertragsnummer</form_field><subject>Sehr geehrte Damen und Herren,</subject><letter_text>hiermit kündige ich meine oben genannte Kfz-Versicherung fristgerecht zum nächstmöglichen Zeitpunkt. Bitte senden Sie mir eine schriftliche Bestätigung der Kündigung unter Angabe des Beendigungszeitpunktes zu.</letter_text></item>
<item><category>Versicherung</category><source_url>https://www.aboalarm.de/kuendigung-adresse/kfz-versicherung/ergo-kfz-versicherung-ehemals-ergo-direkt</source_url><sub_category> Kfz-Versicherung</sub_category><company>ERGO KFZ-Versicherung (ehemals ERGO Direkt)</company><full_address>ERGO Versicherung AG Karl-Martell-Straße 60 90344 Nürnberg</full_address><address>ERGO Versicherung AG</address><city>Nürnberg</city><zip>90344</zip><email>beratung@ergo.de</email><website>http://www.ergo.de</website><fax>08007011111</fax><hotline>08003746023</hotline><Weitere_Adressen_name></Weitere_Adressen_name><Weitere_Adressen_link></Weitere_Adressen_link><form_field>Kennzeichen,Vertragsnummer</form_field><subject>Sehr geehrte Damen und Herren,</subject><letter_text>hiermit kündige ich meine oben genannte Kfz-Versicherung fristgerecht zum nächstmöglichen Zeitpunkt. Bitte senden Sie mir eine schriftliche Bestätigung der Kündigung unter Angabe des Beendigungszeitpunktes zu.</letter_text></item>
<item><category>Versicherung</category><source_url>https://www.aboalarm.de/kuendigung-adresse/kfz-versicherung/ergo</source_url><sub_category> Kfz-Versicherung</sub_category><company>ERGO KFZ-Versicherung</company><full_address>ERGO Versicherungsgruppe AG ERGO-Platz 1 40477 Düsseldorf</full_address><address>ERGO Versicherungsgruppe AG</address><city>Düsseldorf</city><zip>40477</zip><email>info@ergo.de</email><website>http://www.ergo.de</website><fax>01803 123460</fax><hotline>0800 3746-000</hotline><Weitere_Adressen_name>ERGO KFZ-Versicherung (ehemals ERGO Direkt)</Weitere_Adressen_name><Weitere_Adressen_link>https://www.aboalarm.de/kuendigung-adresse/kfz-versicherung/ergo-kfz-versicherung-ehemals-ergo-direkt</Weitere_Adressen_link><form_field>Kennzeichen,Vertragsnummer</form_field><subject>Sehr geehrte Damen und Herren,</subject><letter_text>hiermit kündige ich meine oben genannte Kfz-Versicherung fristgerecht zum nächstmöglichen Zeitpunkt. Bitte senden Sie mir eine schriftliche Bestätigung der Kündigung unter Angabe des Beendigungszeitpunktes zu.</letter_text></item>
<item><category>Versicherung</category><source_url>https://www.aboalarm.de/kuendigung-adresse/kfz-versicherung/devk</source_url><sub_category> Kfz-Versicherung</sub_category><company>DEVK KFZ-Versicherung</company><full_address>DEVK Allgemeine Versicherungs-AG KFZ-Versicherung Riehler Str. 190 50735 Köln</full_address><address>DEVK Allgemeine Versicherungs-AG</address><city>Str.</city><zip>Riehler</zip><email>info@devk.de</email><website>http://www.devk.de</website><fax>02217572200</fax><hotline>08004757757</hotline><Weitere_Adressen_name>DEVK Auslandskrankenversicherung,DEVK Berufsunfähigkeitsversicherung,DEVK Erwerbsunfähigkeitsversicherung,DEVK Glasversicherung,DEVK Haftpflichtversicherung,DEVK Haus-/Grundbesitzerhaftpflichtversicherung,DEVK Hausratversicherung,DEVK Krankenversicherung,DEVK Pensionsfonds,DEVK Pflegeversicherung,DEVK Rechtsschutzversicherung,DEVK Reisegepäckversicherung,DEVK Reiseversicherung,DEVK Rentenversicherung,DEVK Risiko-Lebensversicherung,DEVK Schwere Krankheiten (Dread Disease) Versicherung,DEVK Sterbegeldversicherung,DEVK Tierhalterhaftpflichtversicherung,DEVK Unfallversicherung,DEVK Wohngebäudeversicherung,DEVK Zahnzusatzversicherung</Weitere_Adressen_name><Weitere_Adressen_link>https://www.aboalarm.de/kuendigung-adresse/krankenversicherung/devk-auslandskrankenversicherung,https://www.aboalarm.de/kuendigung-adresse/berufsunfaehigkeitsversicherung/devk,https://www.aboalarm.de/kuendigung-adresse/rentenversicherung/devk-erwerbsunfaehigkeitsversicherung,https://www.aboalarm.de/kuendigung-adresse/versicherung/devk-glasversicherung,https://www.aboalarm.de/kuendigung-adresse/haftpflichtversicherung/devk,https://www.aboalarm.de/kuendigung-adresse/haftpflichtversicherung/devk-haus-grundbesitzerhaftpflichtversicherung,https://www.aboalarm.de/kuendigung-adresse/hausratversicherung/devk,https://www.aboalarm.de/kuendigung-adresse/krankenversicherung/devk,https://www.aboalarm.de/kuendigung-adresse/rentenversicherung/devk-pensionsfonds,https://www.aboalarm.de/kuendigung-adresse/rentenversicherung/devk-pflegeversicherung,https://www.aboalarm.de/kuendigung-adresse/rechtsschutzversicherung/devk,https://www.aboalarm.de/kuendigung-adresse/reiseversicherung/devk-reisegepaeckversicherung,https://www.aboalarm.de/kuendigung-adresse/reiseversicherung/devk,https://www.aboalarm.de/kuendigung-adresse/rentenversicherung/devk,https://www.aboalarm.de/kuendigung-adresse/lebensversicherung/devk-risiko-lebensversicherung,https://www.aboalarm.de/kuendigung-adresse/krankenversicherung/devk-schwere-krankheiten-dread-disease-versicherung,https://www.aboalarm.de/kuendigung-adresse/versicherung/devk-sterbegeldversicherung,https://www.aboalarm.de/kuendigung-adresse/haftpflichtversicherung/devk-tierhalterhaftpflichtversicherung,https://www.aboalarm.de/kuendigung-adresse/unfallversicherung/devk,https://www.aboalarm.de/kuendigung-adresse/versicherung/devk-wohngebaeudeversicherung,https://www.aboalarm.de/kuendigung-adresse/zahnzusatzversicherung/devk</Weitere_Adressen_link><form_field>Kennzeichen,Versicherungsnummer</form_field><subject>Sehr geehrte Damen und Herren,</subject><letter_text>hiermit kündige ich meine oben genannte Kfz-Versicherung fristgerecht zum nächstmöglichen Zeitpunkt. Bitte senden Sie mir eine schriftliche Bestätigung der Kündigung unter Angabe des Beendigungszeitpunktes zu.</letter_text></item>
<item><category>Versicherung</category><source_url>https://www.aboalarm.de/kuendigung-adresse/kfz-versicherung/debeka</source_url><sub_category> Kfz-Versicherung</sub_category><company>Debeka KFZ-Versicherung</company><full_address>Debeka Allgemeine Versicherung AG Ferdinand-Sauerbruch-Straße 18 56073 Koblenz</full_address><address>Debeka Allgemeine Versicherung AG</address><city>Koblenz</city><zip>56073</zip><email>kundenservice@debeka.de</email><website>http://www.debeka.de</website><fax>0261 4985555</fax><hotline>0261 4980</hotline><Weitere_Adressen_name>Debeka Auslandskrankenversicherung,Debeka Bausparkasse,Debeka Berufsunfähigkeitsversicherung,Debeka BKK,Debeka Glasversicherung,Debeka Haftpflichtversicherung,Debeka Haus-/Grundbesitzerhaftpflichtversicherung,Debeka Hausratversicherung,Debeka Krankenversicherung,Debeka Krankenzusatzversicherung,Debeka Pensionskasse,Debeka Pflegeversicherung,Debeka Rechtsschutzversicherung,DEBEKA Reisegepäckversicherung,Debeka Rentenversicherung,Debeka Riester-Rente,Debeka Risiko-Lebensversicherung,Debeka Schwere Krankheiten (Dread Disease) Versicherung,Debeka Sterbegeldversicherung,Debeka Tierhalterhaftpflichtversicherung,Debeka Unfallversicherung,Debeka Wohngebäudeversicherung,Debeka Zahnzusatzversicherung</Weitere_Adressen_name><Weitere_Adressen_link>https://www.aboalarm.de/kuendigung-adresse/krankenversicherung/debeka-auslandskrankenversicherung,https://www.aboalarm.de/kuendigung-adresse/bausparvertrag/debeka,https://www.aboalarm.de/kuendigung-adresse/berufsunfaehigkeitsversicherung/debeka,https://www.aboalarm.de/kuendigung-adresse/krankenversicherung/debeka-bkk,https://www.aboalarm.de/kuendigung-adresse/versicherung/debeka-glasversicherung,https://www.aboalarm.de/kuendigung-adresse/haftpflichtversicherung/debeka,https://www.aboalarm.de/kuendigung-adresse/haftpflichtversicherung/debeka-haus-grundbesitzerhaftpflichtversicherung,https://www.aboalarm.de/kuendigung-adresse/hausratversicherung/debeka,https://www.aboalarm.de/kuendigung-adresse/krankenversicherung/debeka,https://www.aboalarm.de/kuendigung-adresse/krankenversicherung/debeka-sonstige-krankenzusatzversicherung,https://www.aboalarm.de/kuendigung-adresse/rentenversicherung/debeka-pensionskasse,https://www.aboalarm.de/kuendigung-adresse/krankenversicherung/debeka-pflegeversicherung,https://www.aboalarm.de/kuendigung-adresse/rechtsschutzversicherung/debeka,https://www.aboalarm.de/kuendigung-adresse/reiseversicherung/debeka,https://www.aboalarm.de/kuendigung-adresse/rentenversicherung/debeka,https://www.aboalarm.de/kuendigung-adresse/rentenversicherung/debeka-riester-rente,https://www.aboalarm.de/kuendigung-adresse/lebensversicherung/debeka-risiko-lebensversicherung,https://www.aboalarm.de/kuendigung-adresse/krankenversicherung/debeka-schwere-krankheiten-dread-disease-versicherung,https://www.aboalarm.de/kuendigung-adresse/versicherung/debeka-sterbegeldversicherung,https://www.aboalarm.de/kuendigung-adresse/haftpflichtversicherung/debeka-tierhalterhaftpflichtversicherung,https://www.aboalarm.de/kuendigung-adresse/unfallversicherung/debeka-unfallversicherung,https://www.aboalarm.de/kuendigung-adresse/versicherung/debeka-wohngebaeudeversicherung,https://www.aboalarm.de/kuendigung-adresse/zahnzusatzversicherung/debeka</Weitere_Adressen_link><form_field>Kennzeichen,Versicherungsnummer</form_field><subject>Sehr geehrte Damen und Herren,</subject><letter_text>hiermit kündige ich meine oben genannte Kfz-Versicherung fristgerecht zum nächstmöglichen Zeitpunkt. Bitte senden Sie mir eine schriftliche Bestätigung der Kündigung unter Angabe des Beendigungszeitpunktes zu.</letter_text></item>
<item><category>Versicherung</category><source_url>https://www.aboalarm.de/kuendigung-adresse/kfz-versicherung/da-direkt-kfz-versicherung</source_url><sub_category> Kfz-Versicherung</sub_category><company>DA Direkt KFZ-Versicherung</company><full_address>DA Deutsche Allgemeine Versicherung AG DA Direkt Versicherung Platz der Einheit 2 60327 Frankfurt am Main</full_address><address>DA Deutsche Allgemeine Versicherung AG</address><city>der</city><zip>Platz</zip><email>infoservice@da-direkt.de</email><website>http://www.da-direkt.de</website><fax>069 71157751</fax><hotline>069 71158672</hotline><Weitere_Adressen_name></Weitere_Adressen_name><Weitere_Adressen_link></Weitere_Adressen_link><form_field>Kennzeichen,Vertragsnummer</form_field><subject>Sehr geehrte Damen und Herren,</subject><letter_text>hiermit kündige ich meine oben genannte Kfz-Versicherung fristgerecht zum nächstmöglichen Zeitpunkt. Bitte senden Sie mir eine schriftliche Bestätigung der Kündigung unter Angabe des Beendigungszeitpunktes zu.</letter_text></item>
<item><category>Versicherung</category><source_url>https://www.aboalarm.de/kuendigung-adresse/kfz-versicherung/bayerischer-versicherungsverband</source_url><sub_category> Kfz-Versicherung</sub_category><company>Bayerischer Versicherungsverband KFZ-Versicherung</company><full_address>Bayerischer Versicherungsverband Maximilianstraße 53 80530 München</full_address><address>Bayerischer Versicherungsverband</address><city>München</city><zip>80530</zip><email>service@vkb.de</email><website>http://www.vkb.de</website><fax>08921602714</fax><hotline>08962365600</hotline><Weitere_Adressen_name>Bayerischer Versicherungsverband AG,Bayerischer Versicherungsverband Haftpflicht,Bayerischer Versicherungsverband Hausratversicherung,Bayerischer Versicherungsverband Wohngebäudeversicherung</Weitere_Adressen_name><Weitere_Adressen_link>https://www.aboalarm.de/kuendigung-adresse/versicherung/bayerischer-versicherungsverband-ag,https://www.aboalarm.de/kuendigung-adresse/haftpflichtversicherung/bayerischer-versicherungsverband,https://www.aboalarm.de/kuendigung-adresse/hausratversicherung/bayerischer-versicherungsverband,https://www.aboalarm.de/kuendigung-adresse/versicherung/bayerischer-versicherungsverband-wohngebaeudeversicherung</Weitere_Adressen_link><form_field>Kennzeichen,Versicherungsnummer</form_field><subject>Sehr geehrte Damen und Herren,</subject><letter_text>hiermit kündige ich meine oben genannte Kfz-Versicherung fristgerecht zum nächstmöglichen Zeitpunkt. Bitte senden Sie mir eine schriftliche Bestätigung der Kündigung unter Angabe des Beendigungszeitpunktes zu.</letter_text></item>
<item><category>Versicherung</category><source_url>https://www.aboalarm.de/kuendigung-adresse/kfz-versicherung/axa</source_url><sub_category> Kfz-Versicherung</sub_category><company>AXA KFZ-Versicherung</company><full_address>AXA Versicherung AG KFZ-Versicherung Colonia-Allee 10-20 51067 Köln</full_address><address>AXA Versicherung AG</address><city>10-20</city><zip>Colonia-Allee</zip><email>service@axa.de</email><website>http://www.axa.de</website><fax>0221 14821599</fax><hotline>0221 14841001</hotline><Weitere_Adressen_name></Weitere_Adressen_name><Weitere_Adressen_link></Weitere_Adressen_link><form_field>Kennzeichen,Versicherungsnummer</form_field><subject>Sehr geehrte Damen und Herren,</subject><letter_text>hiermit kündige ich meine oben genannte Kfz-Versicherung fristgerecht zum nächstmöglichen Zeitpunkt. Bitte senden Sie mir eine schriftliche Bestätigung der Kündigung unter Angabe des Beendigungszeitpunktes zu.</letter_text></item>
<item><category>Versicherung</category><source_url>https://www.aboalarm.de/kuendigung-adresse/kfz-versicherung/allianz</source_url><sub_category> Kfz-Versicherung</sub_category><company>Allianz Kfz-Versicherung</company><full_address>Allianz Versicherungs-AG 10900 Berlin</full_address><address>Allianz Versicherungs-AG</address><city>Berlin</city><zip>10900</zip><email>sachversicherung@allianz.de</email><website>http://www.allianz.de</website><fax>08004400101</fax><hotline>08004100101</hotline><Weitere_Adressen_name>Allianz 24 Kfz-Versicherung,Allianz AktivDepot,Allianz Altersvorsorge,Allianz Auslandskrankenversicherung,Allianz Berufsunfähigkeitsversicherung,Allianz Direct Haftpflichtversicherung (ehemals AllSecur),Allianz Direct Hausratsversicherung (ehemals AllSecur),Allianz Direct KFZ-Versicherung (ehemals AllSecur),Allianz Direct Rechtsschutzversicherung (ehemals AllSecur),Allianz Direct Risiko-Lebensversicherung (ehemals AllSecur),Allianz Elektronikversicherung,Allianz Erwerbsunfähigkeitsversicherung,Allianz Fahrradversicherung,Allianz Glasversicherung,Allianz Global Investors,Allianz Haftpflichtversicherung,Allianz Haus-/Grundbesitzerhaftpflichtversicherung,Allianz Hausratversicherung,Allianz Immobilien-Rechtsschutzversicherung,Allianz Krankenzusatzversicherung,Allianz Lebensversicherung,Allianz Pensionskasse,Allianz Pflegeversicherung,Allianz Private Krankenversicherung,Allianz Rechtsschutzversicherung,Allianz Reisegepäckversicherung,Allianz Reiseunfallversicherung,Allianz Reiseversicherung (Allianz Global Assistance),Allianz Rentenversicherung,Allianz Riester-Rente,Allianz Risiko-Lebensversicherung,Allianz Schwere Krankheiten (Dread Disease),Allianz Sterbegeldversicherung,Allianz Tierhalterhaftpflichtversicherung,Allianz Travel,Allianz Unfallversicherung,Allianz Wohngebäudeversicherung,Allianz Zahnzusatzversicherung</Weitere_Adressen_name><Weitere_Adressen_link>https://www.aboalarm.de/kuendigung-adresse/kfz-versicherung/allianz-24,https://www.aboalarm.de/kuendigung-adresse/finanzen/allianz-aktivdepot,https://www.aboalarm.de/kuendigung-adresse/rentenversicherung/allianz-altersvorsorge,https://www.aboalarm.de/kuendigung-adresse/krankenversicherung/allianz-auslandskrankenversicherung,https://www.aboalarm.de/kuendigung-adresse/berufsunfaehigkeitsversicherung/allianz-berufsunfaehigkeitsversicherung,https://www.aboalarm.de/kuendigung-adresse/haftpflichtversicherung/allianz-direkt-haftpflichtversicherungallsecur,https://www.aboalarm.de/kuendigung-adresse/hausratversicherung/allianz-direkt-hausratversicherungallsecur,https://www.aboalarm.de/kuendigung-adresse/kfz-versicherung/allianz-direkt-kfz-versicherungallsecur,https://www.aboalarm.de/kuendigung-adresse/rechtsschutzversicherung/allsecur-rechtsschutzversicherung,https://www.aboalarm.de/kuendigung-adresse/lebensversicherung/allsecur-risiko-lebensversicherung,https://www.aboalarm.de/kuendigung-adresse/versicherung/allianz-elektronikversicherung,https://www.aboalarm.de/kuendigung-adresse/rentenversicherung/allianz-erwerbsunfaehigkeitsversicherung,https://www.aboalarm.de/kuendigung-adresse/versicherung/allianz-fahrradversicherung,https://www.aboalarm.de/kuendigung-adresse/versicherung/allianz-glasversicherung,https://www.aboalarm.de/kuendigung-adresse/sonstige/allianz-global-investors,https://www.aboalarm.de/kuendigung-adresse/haftpflichtversicherung/allianz,https://www.aboalarm.de/kuendigung-adresse/haftpflichtversicherung/allianz-haus-grundbesitzerhaftpflichtversicherung,https://www.aboalarm.de/kuendigung-adresse/hausratversicherung/allianz,https://www.aboalarm.de/kuendigung-adresse/rechtsschutzversicherung/allianz-immobilien-rechtsschutzversicherung,https://www.aboalarm.de/kuendigung-adresse/krankenversicherung/allianz-sonstige-krankenzusatzversicherung,https://www.aboalarm.de/kuendigung-adresse/berufsunfaehigkeitsversicherung/allianz,https://www.aboalarm.de/kuendigung-adresse/rentenversicherung/allianz-pensionskasse,https://www.aboalarm.de/kuendigung-adresse/versicherung/allianz-pflegeversicherung,https://www.aboalarm.de/kuendigung-adresse/krankenversicherung/allianz,https://www.aboalarm.de/kuendigung-adresse/rechtsschutzversicherung/allianz,https://www.aboalarm.de/kuendigung-adresse/reiseversicherung/allianz,https://www.aboalarm.de/kuendigung-adresse/unfallversicherung/allianz-reiseunfallversicherung,https://www.aboalarm.de/kuendigung-adresse/versicherung/allianz-aga-international,https://www.aboalarm.de/kuendigung-adresse/rentenversicherung/allianz,https://www.aboalarm.de/kuendigung-adresse/rentenversicherung/allianz-riester-rente,https://www.aboalarm.de/kuendigung-adresse/lebensversicherung/allianz-risiko,https://www.aboalarm.de/kuendigung-adresse/krankenversicherung/allianz-schwere-krankheiten-dread-disease,https://www.aboalarm.de/kuendigung-adresse/versicherung/allianz-sterbegeldversicherung,https://www.aboalarm.de/kuendigung-adresse/haftpflichtversicherung/allianz-tierhalterhaftpflichtversicherung,https://www.aboalarm.de/kuendigung-adresse/abonnement/allianz-reiseversicherung,https://www.aboalarm.de/kuendigung-adresse/unfallversicherung/allianz,https://www.aboalarm.de/kuendigung-adresse/versicherung/allianz-wohngebaeudeversicherung,https://www.aboalarm.de/kuendigung-adresse/zahnzusatzversicherung/allianz</Weitere_Adressen_link><form_field>Kennzeichen,Versicherungsnummer</form_field><subject>Sehr geehrte Damen und Herren,</subject><letter_text>hiermit kündige ich meine oben genannte Kfz-Versicherung fristgerecht zum nächstmöglichen Zeitpunkt. Bitte senden Sie mir eine schriftliche Bestätigung der Kündigung unter Angabe des Beendigungszeitpunktes zu.</letter_text></item>
<item><category>Versicherung</category><source_url>https://www.aboalarm.de/kuendigung-adresse/kfz-versicherung/allianz-24</source_url><sub_category> Kfz-Versicherung</sub_category><company>Allianz 24 Kfz-Versicherung</company><full_address>AllSecur Deutschland Postfach 200119 60605 Frankfurt am Main</full_address><address>AllSecur Deutschland</address><city>Frankfurt</city><zip>60605</zip><email>service@allsecur.de</email><website>http://www.allsecur.de</website><fax>0699624922244</fax><hotline>06999999111</hotline><Weitere_Adressen_name></Weitere_Adressen_name><Weitere_Adressen_link></Weitere_Adressen_link><form_field>Kennzeichen,Versicherungsnummer</form_field><subject>Sehr geehrte Damen und Herren,</subject><letter_text>hiermit kündige ich meine oben genannte Kfz-Versicherung fristgerecht zum nächstmöglichen Zeitpunkt. Bitte senden Sie mir eine schriftliche Bestätigung der Kündigung unter Angabe des Beendigungszeitpunktes zu.</letter_text></item>
<item><category>Versicherung</category><source_url>https://www.aboalarm.de/kuendigung-adresse/kfz-versicherung/allianz-direkt-kfz-versicherungallsecur</source_url><sub_category> Kfz-Versicherung</sub_category><company>Allianz Direct KFZ-Versicherung (ehemals AllSecur)</company><full_address>Allianz Direct Versicherungs-AG KFZ Versicherung Postfach 200210 80002 München</full_address><address>Allianz Direct Versicherungs-AG</address><city>200210</city><zip>Postfach</zip><email>None</email><website>https://www.allianzdirect.de/faq/</website><fax>None</fax><hotline></hotline><Weitere_Adressen_name></Weitere_Adressen_name><Weitere_Adressen_link></Weitere_Adressen_link><form_field>Kennzeichen,Vertragsnummer</form_field><subject>Sehr geehrte Damen und Herren,</subject><letter_text>hiermit kündige ich meine oben genannte Kfz-Versicherung fristgerecht zum nächstmöglichen Zeitpunkt. Bitte senden Sie mir eine schriftliche Bestätigung der Kündigung unter Angabe des Beendigungszeitpunktes zu.</letter_text></item>
<item><category>Versicherung</category><source_url>https://www.aboalarm.de/kuendigung-adresse/kfz-versicherung/adac</source_url><sub_category> Kfz-Versicherung</sub_category><company>ADAC KFZ-Versicherung</company><full_address>ADAC-AutoVersicherung AG Hansastraße 19 80686 München</full_address><address>ADAC-AutoVersicherung AG</address><city>München</city><zip>80686</zip><email>vertrag@auto.adac.de</email><website>http://www.adac.de</website><fax>02282682349</fax><hotline>02282683030</hotline><Weitere_Adressen_name>ADAC,ADAC Auslandskrankenversicherung,ADAC Haftpflichtversicherung,ADAC Krankenversicherung,ADAC Kreditkarte,ADAC Medien und Reise,ADAC Rechtsschutzversicherung,ADAC Reisegepäckversicherung,ADAC Reiserücktrittversicherung,ADAC Unfallversicherung,ADAC Verkehrsrechtschutz-Versicherung,ADAC Verlag,ADAC Versicherung</Weitere_Adressen_name><Weitere_Adressen_link>https://www.aboalarm.de/kuendigung-adresse/automobil-club-mitgliedschaft/adac,https://www.aboalarm.de/kuendigung-adresse/krankenversicherung/adac,https://www.aboalarm.de/kuendigung-adresse/haftpflichtversicherung/adac-haftpflichtversicherung,https://www.aboalarm.de/kuendigung-adresse/krankenversicherung/adac-versicherungen,https://www.aboalarm.de/kuendigung-adresse/kreditkarte/adac,https://www.aboalarm.de/kuendigung-adresse/zeitschrift/adac-medien-und-reise,https://www.aboalarm.de/kuendigung-adresse/rechtsschutzversicherung/adac,https://www.aboalarm.de/kuendigung-adresse/reiseversicherung/adac,https://www.aboalarm.de/kuendigung-adresse/reiseversicherung/adac-reiseruecktrittversicherung,https://www.aboalarm.de/kuendigung-adresse/unfallversicherung/adac,https://www.aboalarm.de/kuendigung-adresse/rechtsschutzversicherung/adac-verkehrsrechtschutz-versicherung,https://www.aboalarm.de/kuendigung-adresse/verlag/adac,https://www.aboalarm.de/kuendigung-adresse/versicherung/adac</Weitere_Adressen_link><form_field>Kennzeichen,Versicherungsnummer</form_field><subject>Sehr geehrte Damen und Herren,</subject><letter_text>hiermit kündige ich meine oben genannte Kfz-Versicherung fristgerecht zum nächstmöglichen Zeitpunkt. Bitte senden Sie mir eine schriftliche Bestätigung der Kündigung unter Angabe des Beendigungszeitpunktes zu.</letter_text></item>
<item><category>Versicherung</category><source_url>https://www.aboalarm.de/kuendigung-adresse/kfz-versicherung/aachenmuenchener-versicherung</source_url><sub_category> Kfz-Versicherung</sub_category><company>AachenMünchener KFZ-Versicherung</company><full_address>AachenMünchener Versicherung AG AachenMünchener-Platz 1 52064 Aachen</full_address><address>AachenMünchener Versicherung AG</address><city>Aachen</city><zip>52064</zip><email>service@amv.de</email><website>http://www.amv.de</website><fax>02414565678</fax><hotline>02414565656</hotline><Weitere_Adressen_name>AachenMünchener,AachenMünchener Berufsunfähigkeitsversicherung,AachenMünchener Elektronikversicherung,AachenMünchener Glasversicherung,AachenMünchener Haftpflichtversicherung,AachenMünchener Haus-/Grundbesitzerhaftpflichtversicherung,AachenMünchener Hausratversicherung,AachenMünchener Pflegeversicherung,AachenMünchener Rechtsschutzversicherung,AachenMünchener Reiseversicherung,AachenMünchener Rentenversicherung,AachenMünchener Risiko-Lebensversicherung,AachenMünchener Sterbegeldversicherung,AachenMünchener Tierhalterhaftpflichtversicherung,AachenMünchener Unfallversicherung,AachenMünchener Wohngebäudeversicherung</Weitere_Adressen_name><Weitere_Adressen_link>https://www.aboalarm.de/kuendigung-adresse/versicherung/aachenmuenchener,https://www.aboalarm.de/kuendigung-adresse/berufsunfaehigkeitsversicherung/aachenmuenchener,https://www.aboalarm.de/kuendigung-adresse/versicherung/aachenmuenchener-elektronik,https://www.aboalarm.de/kuendigung-adresse/versicherung/aachenmuenchener-glasversicherung,https://www.aboalarm.de/kuendigung-adresse/haftpflichtversicherung/aachenmuenchener,https://www.aboalarm.de/kuendigung-adresse/haftpflichtversicherung/aachenmuenchener-haus-grundbesitzerhaftpflicht,https://www.aboalarm.de/kuendigung-adresse/hausratversicherung/aachenmuenchener,https://www.aboalarm.de/kuendigung-adresse/versicherung/aachenmuenchener-pflegeversicherung,https://www.aboalarm.de/kuendigung-adresse/rechtsschutzversicherung/aachenmuenchener-rechtsschutz,https://www.aboalarm.de/kuendigung-adresse/reiseversicherung/aachenmuenchener,https://www.aboalarm.de/kuendigung-adresse/rentenversicherung/aachenmuenchener,https://www.aboalarm.de/kuendigung-adresse/versicherung/aachenmuenchener-risiko-lebensversicherung,https://www.aboalarm.de/kuendigung-adresse/versicherung/aachenmuenchener-sterbegeldversicherung,https://www.aboalarm.de/kuendigung-adresse/haftpflichtversicherung/aachenmuenchener-tierhalterhaftpflicht,https://www.aboalarm.de/kuendigung-adresse/unfallversicherung/aachenmuenchener,https://www.aboalarm.de/kuendigung-adresse/versicherung/aachenmuenchener-wohngebaeude</Weitere_Adressen_link><form_field>Kennzeichen,Versicherungsnummer</form_field><subject>Sehr geehrte Damen und Herren,</subject><letter_text>hiermit kündige ich meine oben genannte Kfz-Versicherung fristgerecht zum nächstmöglichen Zeitpunkt. Bitte senden Sie mir eine schriftliche Bestätigung der Kündigung unter Angabe des Beendigungszeitpunktes zu.</letter_text></item>
</items>