<?xml version="1.0" encoding="utf-8"?>
<items>
<item><category>Versicherung</category><source_url>https://www.aboalarm.de/kuendigung-adresse/krankenversicherung/vgh-krankenversicherung</source_url><sub_category>Krankenversicherung</sub_category><company>VGH Krankenversicherung</company><full_address>VGH Versicherungen 30140 Hannover</full_address><address>VGH Versicherungen</address><city>Hannover</city><zip>30140</zip><email>service@vgh.de</email><website>http://www.vgh.de</website><fax>05113622960</fax><hotline>08001750844</hotline><Weitere_Adressen_name></Weitere_Adressen_name><Weitere_Adressen_link></Weitere_Adressen_link><form_field>Versicherungsnummer</form_field><subject>Sehr geehrte Damen und Herren,</subject><letter_text>hiermit kündige ich meine oben genannte Krankenversicherung fristgerecht zum nächstmöglichen Zeitpunkt. Bitte senden Sie mir eine schriftliche Bestätigung der Kündigung unter Angabe des Beendigungszeitpunktes zu.</letter_text></item>
<item><category>Versicherung</category><source_url>https://www.aboalarm.de/kuendigung-adresse/krankenversicherung/lkh-landeskrankenhilfe</source_url><sub_category>Krankenversicherung</sub_category><company>LKH Landeskrankenhilfe</company><full_address>LKH Landeskrankenhilfe VVaG Uelzener Str. 120 21335 Lüneburg</full_address><address>LKH Landeskrankenhilfe VVaG</address><city>Lüneburg</city><zip>21335</zip><email>-</email><website>http://www.lkh.de</website><fax>04131/403402</fax><hotline>04131-7250</hotline><Weitere_Adressen_name></Weitere_Adressen_name><Weitere_Adressen_link></Weitere_Adressen_link><form_field>Versicherungsnummer</form_field><subject>Sehr geehrte Damen und Herren,</subject><letter_text>hiermit kündige ich meine oben genannte Krankenversicherung fristgerecht zum nächstmöglichen Zeitpunkt. Bitte senden Sie mir eine schriftliche Bestätigung der Kündigung unter Angabe des Beendigungszeitpunktes zu.</letter_text></item>
<item><category>Versicherung</category><source_url>https://www.aboalarm.de/kuendigung-adresse/krankenversicherung/r-und-v</source_url><sub_category>Krankenversicherung</sub_category><company>R+V  Krankenversicherung</company><full_address>R+V Krankenversicherung AG Raiffeisenplatz 1 65189 Wiesbaden</full_address><address>R+V Krankenversicherung AG</address><city>Wiesbaden</city><zip>65189</zip><email>ruv@ruv.de</email><website>http://www.ruv.de</website><fax>06115334500</fax><hotline>08005331121</hotline><Weitere_Adressen_name>R+V  Rentenversicherung,R+V Allgemeine Versicherung Ag,R+V Auslandskrankenversicherung,R+V Berufshaftpflicht­versicherung,R+V Berufsunfähig­keits­versicherung,R+V Betriebs­haftpflicht­versicherung,R+V Betriebskrankenkasse,R+V Elektronikversicherung,R+V Erwerbsunfähigkeitsversicherung,R+V Glasversicherung,R+V Haftpflichtversicherung,R+V Haus-/Grundbesitzerhaftpflichtversicherung,R+V Hausratversicherung,R+V KFZ-Versicherung,R+V Lebensversicherung,R+V Pflegeversicherung,R+V Private Krankenvollversicherung,R+V Private Krankenzusatzversicherung,R+V Privatpolice,R+V Rechtsschutzversicherung,R+V Riester-Rente,R+V Schwere Krankheiten (Dread Disease) Versicherung,R+V Sterbegeldversicherung,R+V Tierhalterhaftpflichtversicherung,R+V Unfallversicherung,R+V Wohngebäudeversicherung,R+V Zahnzusatzversicherung,R+V24 KFZ-Versicherung</Weitere_Adressen_name><Weitere_Adressen_link>https://www.aboalarm.de/kuendigung-adresse/rentenversicherung/r-und-v,https://www.aboalarm.de/kuendigung-adresse/abonnement/r-und-v-allgemeine-versicherung,https://www.aboalarm.de/kuendigung-adresse/krankenversicherung/r-und-v-auslandskrankenversicherung,https://www.aboalarm.de/kuendigung-adresse/haftpflichtversicherung/r-und-v-berufshaftpflichtversicherung,https://www.aboalarm.de/kuendigung-adresse/berufsunfaehigkeitsversicherung/r-und-v,https://www.aboalarm.de/kuendigung-adresse/haftpflichtversicherung/r-und-v-betriebshaftpflichtversicherung,https://www.aboalarm.de/kuendigung-adresse/krankenversicherung/r-und-v-betriebskrankenkasse,https://www.aboalarm.de/kuendigung-adresse/versicherung/r-und-v-elektronikversicherung,https://www.aboalarm.de/kuendigung-adresse/rentenversicherung/r-und-v-erwerbsunfaehigkeitsversicherung,https://www.aboalarm.de/kuendigung-adresse/versicherung/r-und-v-glasversicherung,https://www.aboalarm.de/kuendigung-adresse/haftpflichtversicherung/r-plus-v,https://www.aboalarm.de/kuendigung-adresse/haftpflichtversicherung/r-und-v-haus-grundbesitzerhaftpflichtversicherung,https://www.aboalarm.de/kuendigung-adresse/hausratversicherung/r-und-v,https://www.aboalarm.de/kuendigung-adresse/kfz-versicherung/r-und-v,https://www.aboalarm.de/kuendigung-adresse/lebensversicherung/r-und-v-lebensversicherung,https://www.aboalarm.de/kuendigung-adresse/krankenversicherung/r-und-v-pflegeversicherung,https://www.aboalarm.de/kuendigung-adresse/krankenversicherung/r-und-v-private-krankenvollversicherung,https://www.aboalarm.de/kuendigung-adresse/krankenversicherung/r-und-v-private-krankenzusatzversicherung,https://www.aboalarm.de/kuendigung-adresse/versicherung/r-und-v-privatpolice,https://www.aboalarm.de/kuendigung-adresse/rechtsschutzversicherung/r-und-v,https://www.aboalarm.de/kuendigung-adresse/rentenversicherung/r-und-v-riester-rente,https://www.aboalarm.de/kuendigung-adresse/krankenversicherung/r-und-v-schwere-krankheiten-dread-disease-versicherung,https://www.aboalarm.de/kuendigung-adresse/versicherung/r-und-v-sterbegeldversicherung,https://www.aboalarm.de/kuendigung-adresse/haftpflichtversicherung/r-und-v-tierhalterhaftpflichtversicherung,https://www.aboalarm.de/kuendigung-adresse/unfallversicherung/r-und-v,https://www.aboalarm.de/kuendigung-adresse/versicherung/r-und-v-wohngebaeudeversicherung,https://www.aboalarm.de/kuendigung-adresse/zahnzusatzversicherung/r-und-v,https://www.aboalarm.de/kuendigung-adresse/kfz-versicherung/r-und-v24</Weitere_Adressen_link><form_field>Versicherungsnummer</form_field><subject>Sehr geehrte Damen und Herren,</subject><letter_text>hiermit kündige ich meine oben genannte Krankenversicherung fristgerecht zum nächstmöglichen Zeitpunkt. Bitte senden Sie mir eine schriftliche Bestätigung der Kündigung unter Angabe des Beendigungszeitpunktes zu.</letter_text></item>
<item><category>Versicherung</category><source_url>https://www.aboalarm.de/kuendigung-adresse/krankenversicherung/signal-iduna</source_url><sub_category>Krankenversicherung</sub_category><company>Signal Iduna Krankenversicherung</company><full_address>SIGNAL IDUNA Gruppe Krankenversicherung Joseph-Scherer-Straße 3 44139 Dortmund</full_address><address>SIGNAL IDUNA Gruppe</address><city>3</city><zip>Joseph-Scherer-Straße</zip><email>info@signal-iduna.de</email><website>http://www.signal-iduna.de</website><fax>02311354638</fax><hotline>02311350</hotline><Weitere_Adressen_name>Signal Iduna  Schwere Krankheiten (Dread Disease) Versicherung,Signal Iduna Altersvorsorge,SIGNAL IDUNA Bauspar,Signal Iduna Berufsunfähigkeitsversicherung,Signal Iduna Depot,SIGNAL IDUNA Elektronikschadenversicherung,Signal Iduna Elektronikversicherung,SIGNAL IDUNA Elementarschadenversicherung,Signal Iduna Glasversicherung,Signal Iduna Haftpflichtversicherung,Signal Iduna Haus-/Grundbesitzerhaftpflichtversicherung,SIGNAL IDUNA Haushaltglasversicherung,Signal Iduna Hausratversicherung,Signal Iduna KFZ-Versicherung,SIGNAL IDUNA Lebensversicherung,SIGNAL IDUNA Pflegepflichtversicherung,Signal Iduna Rechtsschutzversicherung,Signal Iduna Reisegepäckversicherung,Signal Iduna Reiseversicherung,Signal Iduna Rentenversicherung,Signal Iduna Riester-Rente,Signal Iduna Sterbegeldversicherung,Signal Iduna Tierhalterhaftpflichtversicherung,Signal Iduna Unfallversicherung,Signal Iduna Wohngebäudeversicherung</Weitere_Adressen_name><Weitere_Adressen_link>https://www.aboalarm.de/kuendigung-adresse/krankenversicherung/signal-iduna-schwere-krankheiten-dread-disease-versicherung,https://www.aboalarm.de/kuendigung-adresse/rentenversicherung/signal-iduna-altersvorsorge,https://www.aboalarm.de/kuendigung-adresse/bausparvertrag/signal-iduna,https://www.aboalarm.de/kuendigung-adresse/berufsunfaehigkeitsversicherung/signal-iduna,https://www.aboalarm.de/kuendigung-adresse/finanzen/signal-iduna-depot,https://www.aboalarm.de/kuendigung-adresse/hausratversicherung/signal-iduna-elektronikschadenversicherung,https://www.aboalarm.de/kuendigung-adresse/versicherung/signal-iduna-elektronikversicherung,https://www.aboalarm.de/kuendigung-adresse/hausratversicherung/signal-iduna-elementarschadenversicherung,https://www.aboalarm.de/kuendigung-adresse/versicherung/signal-iduna-glasversicherung,https://www.aboalarm.de/kuendigung-adresse/haftpflichtversicherung/signal-iduna,https://www.aboalarm.de/kuendigung-adresse/haftpflichtversicherung/signal-iduna-haus-grundbesitzerhaftpflichtversicherung,https://www.aboalarm.de/kuendigung-adresse/abonnement/signal-iduna-haushaltglasversicherung,https://www.aboalarm.de/kuendigung-adresse/hausratversicherung/signal-iduna,https://www.aboalarm.de/kuendigung-adresse/kfz-versicherung/signal-iduna,https://www.aboalarm.de/kuendigung-adresse/lebensversicherung/signal-iduna,https://www.aboalarm.de/kuendigung-adresse/versicherung/signal-iduna-pflegepflichtversicherung,https://www.aboalarm.de/kuendigung-adresse/rechtsschutzversicherung/signal-iduna,https://www.aboalarm.de/kuendigung-adresse/reiseversicherung/signal-iduna,https://www.aboalarm.de/kuendigung-adresse/reiseversicherung/signal-iduna-reiseversicherung,https://www.aboalarm.de/kuendigung-adresse/rentenversicherung/signal-iduna,https://www.aboalarm.de/kuendigung-adresse/rentenversicherung/signal-iduna-riester-rente,https://www.aboalarm.de/kuendigung-adresse/versicherung/signal-iduna-sterbegeldversicherung,https://www.aboalarm.de/kuendigung-adresse/haftpflichtversicherung/signal-iduna-tierhalterhaftpflichtversicherung,https://www.aboalarm.de/kuendigung-adresse/unfallversicherung/signal-iduna-unfallversicherung,https://www.aboalarm.de/kuendigung-adresse/versicherung/signal-iduna-wohngebaeudeversicherung</Weitere_Adressen_link><form_field>Versicherungsnummer</form_field><subject>Sehr geehrte Damen und Herren,</subject><letter_text>hiermit kündige ich meine oben genannte Krankenversicherung fristgerecht zum nächstmöglichen Zeitpunkt. Bitte senden Sie mir eine schriftliche Bestätigung der Kündigung unter Angabe des Beendigungszeitpunktes zu.</letter_text></item>
<item><category>Versicherung</category><source_url>https://www.aboalarm.de/kuendigung-adresse/krankenversicherung/nuernberger</source_url><sub_category>Krankenversicherung</sub_category><company>Nürnberger Krankenversicherung</company><full_address>NÜRNBERGER Krankenversicherung AG Ostendstr. 100 90334 Nürnberg</full_address><address>NÜRNBERGER Krankenversicherung AG</address><city>Nürnberg</city><zip>90334</zip><email>info@nuernberger.de</email><website>http://www.nuernberger.de</website><fax>09115313206</fax><hotline>09115310</hotline><Weitere_Adressen_name>NÜRNBERGER Auslandskrankenversicherung,Nürnberger Beamten Allg. Haftpflichtversicherung,Nürnberger Beamten Lebensversicherung,Nürnberger Berufsunfähigkeitsversicherung,NÜRNBERGER Betriebs­haftpflicht­versicherung,NÜRNBERGER Glasversicherung,Nürnberger Haftpflichtversicherung,NÜRNBERGER Haus-/Grundbesitzerhaftpflichtversicherung,Nürnberger Hausratversicherung,NÜRNBERGER KFZ-Versicherung,NÜRNBERGER Krankenzusatzversicherung,NÜRNBERGER Lebensversicherung,Nürnberger Nachrichten,NÜRNBERGER Pflegeversicherung,Nürnberger Rechtsschutzversicherung,Nürnberger Rentenversicherung,Nürnberger Riester-Rente,NÜRNBERGER Sterbegeldversicherung,NÜRNBERGER Tierhalterhaftpflichtversicherung,NÜRNBERGER Unfallversicherung,NÜRNBERGER Wohngebäudeversicherung,NÜRNBERGER Zahnzusatzversicherung</Weitere_Adressen_name><Weitere_Adressen_link>https://www.aboalarm.de/kuendigung-adresse/krankenversicherung/nuernberger-auslandskrankenversicherung,https://www.aboalarm.de/kuendigung-adresse/haftpflichtversicherung/nuernberger-beamten-allg,https://www.aboalarm.de/kuendigung-adresse/lebensversicherung/nuernberger-beamten-lebensversicherung,https://www.aboalarm.de/kuendigung-adresse/berufsunfaehigkeitsversicherung/nuernberger-berufsunfaehigkeitsversicherung,https://www.aboalarm.de/kuendigung-adresse/haftpflichtversicherung/nuernberger-betriebshaftpflichtversicherung,https://www.aboalarm.de/kuendigung-adresse/versicherung/nuernberger-glasversicherung,https://www.aboalarm.de/kuendigung-adresse/haftpflichtversicherung/nuernberger,https://www.aboalarm.de/kuendigung-adresse/haftpflichtversicherung/nuernberger-haus-grundbesitzerhaftpflichtversicherung,https://www.aboalarm.de/kuendigung-adresse/hausratversicherung/nuernberger-allg-versicherung,https://www.aboalarm.de/kuendigung-adresse/kfz-versicherung/nuernberger,https://www.aboalarm.de/kuendigung-adresse/krankenversicherung/nuernberger-sonstige-krankenzusatzversicherung,https://www.aboalarm.de/kuendigung-adresse/lebensversicherung/nuernberger,https://www.aboalarm.de/kuendigung-adresse/zeitung/nuernberger-nachrichten,https://www.aboalarm.de/kuendigung-adresse/krankenversicherung/nuernberger-pflegeversicherung,https://www.aboalarm.de/kuendigung-adresse/rechtsschutzversicherung/nuernberger,https://www.aboalarm.de/kuendigung-adresse/rentenversicherung/nuernberger-rentenversicherung,https://www.aboalarm.de/kuendigung-adresse/rentenversicherung/nuernberger-riester-rente,https://www.aboalarm.de/kuendigung-adresse/versicherung/nuernberger-sterbegeldversicherung,https://www.aboalarm.de/kuendigung-adresse/haftpflichtversicherung/nuernberger-tierhalterhaftpflichtversicherung,https://www.aboalarm.de/kuendigung-adresse/unfallversicherung/nuernberger-unfallversicherung,https://www.aboalarm.de/kuendigung-adresse/versicherung/nuernberger-wohngebaeudeversicherung,https://www.aboalarm.de/kuendigung-adresse/zahnzusatzversicherung/nuernberger</Weitere_Adressen_link><form_field>Versicherungsnummer</form_field><subject>Sehr geehrte Damen und Herren,</subject><letter_text>hiermit kündige ich meine oben genannte Krankenversicherung fristgerecht zum nächstmöglichen Zeitpunkt. Bitte senden Sie mir eine schriftliche Bestätigung der Kündigung unter Angabe des Beendigungszeitpunktes zu.</letter_text></item>
<item><category>Versicherung</category><source_url>https://www.aboalarm.de/kuendigung-adresse/krankenversicherung/inter</source_url><sub_category>Krankenversicherung</sub_category><company>Inter Krankenversicherung</company><full_address>Inter Krankenvers. aG Erzbergerstr. 9–15 68165 Mannheim</full_address><address>Inter Krankenvers. aG</address><city>Mannheim</city><zip>68165</zip><email>-</email><website>http://www.inter.de</website><fax>0621/427944</fax><hotline>0621-427427</hotline><Weitere_Adressen_name>INTER Allg. Versicherung,Inter Auslandskrankenversicherung,Inter Berufsunfähigkeitsversicherung,Inter Elektronikversicherung,Inter Glasversicherung,Inter Haftpflichtversicherung,Inter Hausratversicherung,Inter KFZ-Versicherung,Inter Krankenzusatzversicherung,Inter Pflegeversicherung,Inter Private Krankenvollversicherung,Inter Rentenversicherung,Inter Risiko-Lebensversicherung,Inter Schwere Krankheiten (Dread Disease) Versicherung,Inter Sterbegeldversicherung,Inter Tierhalterhaftpflichtversicherung,Inter Unfallversicherung,Inter Wohngebäudeversicherung,Inter Zahnzusatzversicherung,interabo,Intercon Media,Interessengemeinschaft süddeutscher Unternehmer e.V.,Interessenverband Mieterschutz Hannover,INTERFIT,Interlloyd Berufsunfähigkeitsversicherung,Interlloyd Glasversicherung,Interlloyd Haftpflichtversicherung,Interlloyd Haus-/Grundbesitzerhaftpflichtversicherung,Interlloyd Hausratversicherung,Interlloyd Rechtsschutzversicherung,Interlloyd Risiko-Lebensversicherung,Interlloyd Tierhalterhaftpflichtversicherung,Interlloyd Unfallversicherung,Interlloyd Versicherung,Interlloyd Versicherung,Interlloyd Wohngebäudeversicherung,International Children’s Fund,Internationale Flug-Ambulanz (IFA),Internetagentur WAS,InterNetX,InterNexum,Interrisk Berufsunfähigkeitsversicherung,InterRisk Erwerbsunfähigkeitsversicherung,Interrisk Gebäudeversicherung,Interrisk Glasversicherung,Interrisk Haftpflichtversicherung,Interrisk Hausratversicherung,Interrisk Lebensversicherung,Interrisk Pflegeversicherung,Interrisk Rentenversicherung,Interrisk Risiko-Lebensversicherung,Interrisk Sterbegeldversicherung,Interrisk Tierhalterhaftpflichtversicherung,Interrisk Unfallversicherung,interWays,Interwetten Gaming Ltd.</Weitere_Adressen_name><Weitere_Adressen_link>https://www.aboalarm.de/kuendigung-adresse/versicherung/inter,https://www.aboalarm.de/kuendigung-adresse/krankenversicherung/inter-ausland,https://www.aboalarm.de/kuendigung-adresse/berufsunfaehigkeitsversicherung/inter,https://www.aboalarm.de/kuendigung-adresse/versicherung/inter-elektronikversicherung,https://www.aboalarm.de/kuendigung-adresse/versicherung/inter-glasversicherung,https://www.aboalarm.de/kuendigung-adresse/haftpflichtversicherung/inter,https://www.aboalarm.de/kuendigung-adresse/hausratversicherung/inter,https://www.aboalarm.de/kuendigung-adresse/kfz-versicherung/inter,https://www.aboalarm.de/kuendigung-adresse/krankenversicherung/inter-zusatz,https://www.aboalarm.de/kuendigung-adresse/krankenversicherung/inter-pflege,https://www.aboalarm.de/kuendigung-adresse/krankenversicherung/inter-krankenvoll,https://www.aboalarm.de/kuendigung-adresse/rentenversicherung/inter-lebensvers,https://www.aboalarm.de/kuendigung-adresse/lebensversicherung/inter-risiko-lebensversicherung,https://www.aboalarm.de/kuendigung-adresse/krankenversicherung/inter-dread-disease,https://www.aboalarm.de/kuendigung-adresse/versicherung/inter-sterbegeldversicherung,https://www.aboalarm.de/kuendigung-adresse/haftpflichtversicherung/inter-tierhalterhaftpflichtversicherung,https://www.aboalarm.de/kuendigung-adresse/unfallversicherung/inter,https://www.aboalarm.de/kuendigung-adresse/versicherung/inter-wohngebaeudeversicherung,https://www.aboalarm.de/kuendigung-adresse/zahnzusatzversicherung/inter,https://www.aboalarm.de/kuendigung-adresse/zeitschrift/interabo,https://www.aboalarm.de/kuendigung-adresse/sonstige/intercon-media,https://www.aboalarm.de/kuendigung-adresse/abonnement/interessengemeinschaft-sueddeutscher-unternehmer-e-v,https://www.aboalarm.de/kuendigung-adresse/mitgliedschaft/interessenverband-mieterschutz-hannover,https://www.aboalarm.de/kuendigung-adresse/fitnessstudio/interfit,https://www.aboalarm.de/kuendigung-adresse/berufsunfaehigkeitsversicherung/interlloyd,https://www.aboalarm.de/kuendigung-adresse/versicherung/interlloyd-glasversicherung,https://www.aboalarm.de/kuendigung-adresse/haftpflichtversicherung/interlloyd,https://www.aboalarm.de/kuendigung-adresse/haftpflichtversicherung/interlloyd-haus-grundbesitzerhaftpflichtversicherung,https://www.aboalarm.de/kuendigung-adresse/hausratversicherung/interlloyd,https://www.aboalarm.de/kuendigung-adresse/rechtsschutzversicherung/interlloyd,https://www.aboalarm.de/kuendigung-adresse/lebensversicherung/interlloyd-risiko-lebensversicherung,https://www.aboalarm.de/kuendigung-adresse/haftpflichtversicherung/interlloyd-tierhalterhaftpflichtversicherung,https://www.aboalarm.de/kuendigung-adresse/unfallversicherung/interlloyd,https://www.aboalarm.de/kuendigung-adresse/versicherung/interlloyd,https://www.aboalarm.de/kuendigung-adresse/versicherung/interlloyd-versicherung,https://www.aboalarm.de/kuendigung-adresse/versicherung/interlloyd-wohngebaeudeversicherung,https://www.aboalarm.de/kuendigung-adresse/mitgliedschaft/international-childrens-fund,https://www.aboalarm.de/kuendigung-adresse/mitgliedschaft/internationale-flug-ambulanz-ifa,https://www.aboalarm.de/kuendigung-adresse/domain/internetagentur-was,https://www.aboalarm.de/kuendigung-adresse/internet-und-telefon/internetx,https://www.aboalarm.de/kuendigung-adresse/domain/internexum,https://www.aboalarm.de/kuendigung-adresse/berufsunfaehigkeitsversicherung/interrisk,https://www.aboalarm.de/kuendigung-adresse/rentenversicherung/interrisk-erwerbsunfaehigkeitsversicherung,https://www.aboalarm.de/kuendigung-adresse/versicherung/interrisk-gebaeude,https://www.aboalarm.de/kuendigung-adresse/versicherung/interrisk-glasversicherung,https://www.aboalarm.de/kuendigung-adresse/haftpflichtversicherung/interrisk,https://www.aboalarm.de/kuendigung-adresse/hausratversicherung/interrisk,https://www.aboalarm.de/kuendigung-adresse/lebensversicherung/interrisk,https://www.aboalarm.de/kuendigung-adresse/versicherung/pflegeversicherung,https://www.aboalarm.de/kuendigung-adresse/rentenversicherung/interrisk,https://www.aboalarm.de/kuendigung-adresse/lebensversicherung/interrisk-risiko,https://www.aboalarm.de/kuendigung-adresse/versicherung/interrisk-sterbegeldversicherung,https://www.aboalarm.de/kuendigung-adresse/haftpflichtversicherung/interrisk-tierhalterhaftpflichtversicherung,https://www.aboalarm.de/kuendigung-adresse/unfallversicherung/interrisk,https://www.aboalarm.de/kuendigung-adresse/domain/interways,https://www.aboalarm.de/kuendigung-adresse/abonnement/interwetten-gaming-ltd</Weitere_Adressen_link><form_field>Versicherungsnummer</form_field><subject>Sehr geehrte Damen und Herren,</subject><letter_text>hiermit kündige ich meine oben genannte Krankenversicherung fristgerecht zum nächstmöglichen Zeitpunkt. Bitte senden Sie mir eine schriftliche Bestätigung der Kündigung unter Angabe des Beendigungszeitpunktes zu.</letter_text></item>
<item><category>Versicherung</category><source_url>https://www.aboalarm.de/kuendigung-adresse/krankenversicherung/huk-coburg</source_url><sub_category>Krankenversicherung</sub_category><company>Huk-Coburg Krankenversicherung</company><full_address>Huk-Coburg Krankenversicherung AG Willi-Hussong-Str. 2 96447 Coburg</full_address><address>Huk-Coburg Krankenversicherung AG</address><city>Coburg</city><zip>96447</zip><email>None</email><website>http://www.huk.de</website><fax>08002153486</fax><hotline>08002153153</hotline><Weitere_Adressen_name>HUK-Coburg Auslandskrankenversicherung,HUK-COBURG Berufsunfähigkeitsversicherung,HUK-Coburg Glasversicherung,Huk-Coburg Haftpflichtversicherung,HUK-Coburg Haus-/Grundbesitzerhaftpflichtversicherung,Huk-Coburg Hausratversicherung,HUK-Coburg KFZ-Versicherung,HUK-Coburg Krankenzusatzversicherung,Huk-Coburg Lebensversicherung,HUK-Coburg Pflegeversicherung,Huk-Coburg Rechtsschutzversicherung,Huk-Coburg Reiseversicherung,Huk-Coburg Riester-Rente,HUK-Coburg Sterbegeldversicherung,HUK-Coburg Tierhalterhaftpflichtversicherung,HUK-Coburg Unfallversicherung,Huk-Coburg Wohngebäudeversicherung,HUK-Coburg Zahnzusatzversicherung</Weitere_Adressen_name><Weitere_Adressen_link>https://www.aboalarm.de/kuendigung-adresse/krankenversicherung/huk-coburg-auslandskrankenversicherung,https://www.aboalarm.de/kuendigung-adresse/berufsunfaehigkeitsversicherung/huk-coburg,https://www.aboalarm.de/kuendigung-adresse/versicherung/huk-coburg-glasversicherung,https://www.aboalarm.de/kuendigung-adresse/haftpflichtversicherung/huk-coburg,https://www.aboalarm.de/kuendigung-adresse/haftpflichtversicherung/huk-coburg-haus-grundbesitzerhaftpflichtversicherung,https://www.aboalarm.de/kuendigung-adresse/hausratversicherung/huk-coburg,https://www.aboalarm.de/kuendigung-adresse/kfz-versicherung/huk-coburg,https://www.aboalarm.de/kuendigung-adresse/krankenversicherung/huk-coburg-sonstige-krankenzusatzversicherung,https://www.aboalarm.de/kuendigung-adresse/lebensversicherung/huk-coburg,https://www.aboalarm.de/kuendigung-adresse/versicherung/huk-coburg-pflegeversicherung,https://www.aboalarm.de/kuendigung-adresse/rechtsschutzversicherung/huk-coburg,https://www.aboalarm.de/kuendigung-adresse/reiseversicherung/huk-coburg-reiseversicherung,https://www.aboalarm.de/kuendigung-adresse/rentenversicherung/huk-coburg-riester-rente,https://www.aboalarm.de/kuendigung-adresse/versicherung/huk-coburg-sterbegeldversicherung,https://www.aboalarm.de/kuendigung-adresse/haftpflichtversicherung/huk-coburg-tierhalterhaftpflichtversicherung,https://www.aboalarm.de/kuendigung-adresse/unfallversicherung/huk-coburg,https://www.aboalarm.de/kuendigung-adresse/versicherung/huk-coburg-wohngebaeudeversicherung,https://www.aboalarm.de/kuendigung-adresse/zahnzusatzversicherung/huk-coburg</Weitere_Adressen_link><form_field>Versicherungsnummer</form_field><subject>Sehr geehrte Damen und Herren,</subject><letter_text>hiermit kündige ich meine oben genannte Krankenversicherung fristgerecht zum nächstmöglichen Zeitpunkt. Bitte senden Sie mir eine schriftliche Bestätigung der Kündigung unter Angabe des Beendigungszeitpunktes zu.</letter_text></item>
<item><category>Versicherung</category><source_url>https://www.aboalarm.de/kuendigung-adresse/krankenversicherung/hallesche</source_url><sub_category>Krankenversicherung</sub_category><company>HALLESCHE Krankenversicherung</company><full_address>Hallesche Krankenversicherung a.G. Reinsburgstr. 10 70178 Stuttgart</full_address><address>Hallesche Krankenversicherung a.G.</address><city>Stuttgart</city><zip>70178</zip><email>service@hallesche.de</email><website>http://www.hallesche.de</website><fax>07116603333</fax><hotline>08003020100</hotline><Weitere_Adressen_name>HALLESCHE Auslandskrankenversicherung,HALLESCHE Krankenzusatzversicherung,HALLESCHE Pflegeversicherung,HALLESCHE Private Krankenvollversicherung,HALLESCHE Zahnzusatzversicherung,Hallescher Fusballclub E.V.</Weitere_Adressen_name><Weitere_Adressen_link>https://www.aboalarm.de/kuendigung-adresse/krankenversicherung/hallesche-auslandskrankenversicherung,https://www.aboalarm.de/kuendigung-adresse/krankenversicherung/hallesche-sonstige-krankenzusatzversicherung,https://www.aboalarm.de/kuendigung-adresse/krankenversicherung/hallesche-pflegeversicherung,https://www.aboalarm.de/kuendigung-adresse/krankenversicherung/hallesche-private-krankenvollversicherung,https://www.aboalarm.de/kuendigung-adresse/zahnzusatzversicherung/hallesche,https://www.aboalarm.de/kuendigung-adresse/sportverein/hallescher-fc</Weitere_Adressen_link><form_field>Versicherungsnummer</form_field><subject>Sehr geehrte Damen und Herren,</subject><letter_text>hiermit kündige ich meine oben genannte Krankenversicherung fristgerecht zum nächstmöglichen Zeitpunkt. Bitte senden Sie mir eine schriftliche Bestätigung der Kündigung unter Angabe des Beendigungszeitpunktes zu.</letter_text></item>
<item><category>Versicherung</category><source_url>https://www.aboalarm.de/kuendigung-adresse/krankenversicherung/gothaer</source_url><sub_category>Krankenversicherung</sub_category><company>Gothaer Krankenversicherung</company><full_address>Gothaer Krankenversicherung AG Arnoldiplatz 1 50969 Köln</full_address><address>Gothaer Krankenversicherung AG</address><city>Köln</city><zip>50969</zip><email>info@gothaer.de</email><website>http://www.gothaer.de</website><fax>022130821900</fax><hotline>022130822222</hotline><Weitere_Adressen_name>Gothaer Altersvorsorge,Gothaer Auslandskrankenversicherung,Gothaer Berufsunfähigkeitsversicherung,Gothaer Elektronikversicherung,Gothaer Erwerbsunfähigkeitsversicherung,Gothaer Glasversicherung,Gothaer Haftpflichtversicherung,Gothaer Haus-/Grundbesitzerhaftpflichtversicherung,Gothaer Hausratversicherung,Gothaer KFZ-Versicherung,Gothaer Lebensversicherung,Gothaer Pflegeversicherung,Gothaer Rechtsschutzversicherung,Gothaer Reisegepäckversicherung,Gothaer Rentenversicherung,Gothaer Riester-Rente,Gothaer Risiko-Lebensversicherung,Gothaer Schwere Krankheiten (Dread Disease) Versicherung,Gothaer Sterbegeldversicherung,Gothaer Tierhalterhaftpflichtversicherung,Gothaer Tierkrankenversicherung,Gothaer Unfallversicherung,Gothaer Wohngebäudeversicherung,Gothaer Zahnzusatzversicherung</Weitere_Adressen_name><Weitere_Adressen_link>https://www.aboalarm.de/kuendigung-adresse/rentenversicherung/gothaer-altersvorsorge,https://www.aboalarm.de/kuendigung-adresse/krankenversicherung/gothaer-auslandskrankenversicherung,https://www.aboalarm.de/kuendigung-adresse/berufsunfaehigkeitsversicherung/gothaer-berufsunfaehigkeitsversicherung,https://www.aboalarm.de/kuendigung-adresse/versicherung/gothaer-elektronikversicherung,https://www.aboalarm.de/kuendigung-adresse/rentenversicherung/gothaer-erwerbsunfaehigkeitsversicherung,https://www.aboalarm.de/kuendigung-adresse/versicherung/gothaer-glasversicherung,https://www.aboalarm.de/kuendigung-adresse/haftpflichtversicherung/gothaer,https://www.aboalarm.de/kuendigung-adresse/haftpflichtversicherung/gothaer-haus-grundbesitzerhaftpflichtversicherung,https://www.aboalarm.de/kuendigung-adresse/hausratversicherung/gothaer,https://www.aboalarm.de/kuendigung-adresse/kfz-versicherung/gothaer,https://www.aboalarm.de/kuendigung-adresse/lebensversicherung/gothaer,https://www.aboalarm.de/kuendigung-adresse/krankenversicherung/gothaer-pflegeversicherung,https://www.aboalarm.de/kuendigung-adresse/rechtsschutzversicherung/gothaer,https://www.aboalarm.de/kuendigung-adresse/reiseversicherung/gothaer,https://www.aboalarm.de/kuendigung-adresse/rentenversicherung/gothaer-rentenversicherung,https://www.aboalarm.de/kuendigung-adresse/rentenversicherung/gothaer-riester-rente,https://www.aboalarm.de/kuendigung-adresse/versicherung/gothaer-risiko-lebensversicherung,https://www.aboalarm.de/kuendigung-adresse/krankenversicherung/gothaer-schwere-krankheiten-dread-disease-versicherung,https://www.aboalarm.de/kuendigung-adresse/versicherung/gothaer-sterbegeldversicherung,https://www.aboalarm.de/kuendigung-adresse/haftpflichtversicherung/gothaer-tierhalterhaftpflichtversicherung,https://www.aboalarm.de/kuendigung-adresse/versicherung/gothaer-tierkrankenversicherung,https://www.aboalarm.de/kuendigung-adresse/unfallversicherung/gothaer,https://www.aboalarm.de/kuendigung-adresse/versicherung/gothaer-wohngebaeudeversicherung,https://www.aboalarm.de/kuendigung-adresse/zahnzusatzversicherung/gothaer</Weitere_Adressen_link><form_field>Versicherungsnummer</form_field><subject>Sehr geehrte Damen und Herren,</subject><letter_text>hiermit kündige ich meine oben genannte Krankenversicherung fristgerecht zum nächstmöglichen Zeitpunkt. Bitte senden Sie mir eine schriftliche Bestätigung der Kündigung unter Angabe des Beendigungszeitpunktes zu.</letter_text></item>
<item><category>Versicherung</category><source_url>https://www.aboalarm.de/kuendigung-adresse/krankenversicherung/ergo-krankenversicherung</source_url><sub_category>Krankenversicherung</sub_category><company>ERGO Krankenversicherung (ehemals ERGO Direkt)</company><full_address>ERGO Versicherungen Karl-Martell-Str. 60 90344 Nürnberg</full_address><address>ERGO Versicherungen</address><city>Nürnberg</city><zip>90344</zip><email>beratung@ergo.de</email><website>http://www.ergo.de</website><fax>08007011111</fax><hotline>08006669000</hotline><Weitere_Adressen_name></Weitere_Adressen_name><Weitere_Adressen_link></Weitere_Adressen_link><form_field>Versicherungsnummer</form_field><subject>Sehr geehrte Damen und Herren,</subject><letter_text>hiermit kündige ich meine oben genannte Krankenversicherung fristgerecht zum nächstmöglichen Zeitpunkt. Bitte senden Sie mir eine schriftliche Bestätigung der Kündigung unter Angabe des Beendigungszeitpunktes zu.</letter_text></item>
<item><category>Versicherung</category><source_url>https://www.aboalarm.de/kuendigung-adresse/krankenversicherung/devk</source_url><sub_category>Krankenversicherung</sub_category><company>DEVK Krankenversicherung</company><full_address>DEVK Krankenversicherungs-AG Riehler Str. 190 50735 Köln</full_address><address>DEVK Krankenversicherungs-AG</address><city>Köln</city><zip>50735</zip><email>info@devk.de</email><website>http://www.devk.de</website><fax>0221/7572216</fax><hotline>08004757757</hotline><Weitere_Adressen_name>DEVK Auslandskrankenversicherung,DEVK Berufsunfähigkeitsversicherung,DEVK Erwerbsunfähigkeitsversicherung,DEVK Glasversicherung,DEVK Haftpflichtversicherung,DEVK Haus-/Grundbesitzerhaftpflichtversicherung,DEVK Hausratversicherung,DEVK KFZ-Versicherung,DEVK Pensionsfonds,DEVK Pflegeversicherung,DEVK Rechtsschutzversicherung,DEVK Reisegepäckversicherung,DEVK Reiseversicherung,DEVK Rentenversicherung,DEVK Risiko-Lebensversicherung,DEVK Schwere Krankheiten (Dread Disease) Versicherung,DEVK Sterbegeldversicherung,DEVK Tierhalterhaftpflichtversicherung,DEVK Unfallversicherung,DEVK Wohngebäudeversicherung,DEVK Zahnzusatzversicherung</Weitere_Adressen_name><Weitere_Adressen_link>https://www.aboalarm.de/kuendigung-adresse/krankenversicherung/devk-auslandskrankenversicherung,https://www.aboalarm.de/kuendigung-adresse/berufsunfaehigkeitsversicherung/devk,https://www.aboalarm.de/kuendigung-adresse/rentenversicherung/devk-erwerbsunfaehigkeitsversicherung,https://www.aboalarm.de/kuendigung-adresse/versicherung/devk-glasversicherung,https://www.aboalarm.de/kuendigung-adresse/haftpflichtversicherung/devk,https://www.aboalarm.de/kuendigung-adresse/haftpflichtversicherung/devk-haus-grundbesitzerhaftpflichtversicherung,https://www.aboalarm.de/kuendigung-adresse/hausratversicherung/devk,https://www.aboalarm.de/kuendigung-adresse/kfz-versicherung/devk,https://www.aboalarm.de/kuendigung-adresse/rentenversicherung/devk-pensionsfonds,https://www.aboalarm.de/kuendigung-adresse/rentenversicherung/devk-pflegeversicherung,https://www.aboalarm.de/kuendigung-adresse/rechtsschutzversicherung/devk,https://www.aboalarm.de/kuendigung-adresse/reiseversicherung/devk-reisegepaeckversicherung,https://www.aboalarm.de/kuendigung-adresse/reiseversicherung/devk,https://www.aboalarm.de/kuendigung-adresse/rentenversicherung/devk,https://www.aboalarm.de/kuendigung-adresse/lebensversicherung/devk-risiko-lebensversicherung,https://www.aboalarm.de/kuendigung-adresse/krankenversicherung/devk-schwere-krankheiten-dread-disease-versicherung,https://www.aboalarm.de/kuendigung-adresse/versicherung/devk-sterbegeldversicherung,https://www.aboalarm.de/kuendigung-adresse/haftpflichtversicherung/devk-tierhalterhaftpflichtversicherung,https://www.aboalarm.de/kuendigung-adresse/unfallversicherung/devk,https://www.aboalarm.de/kuendigung-adresse/versicherung/devk-wohngebaeudeversicherung,https://www.aboalarm.de/kuendigung-adresse/zahnzusatzversicherung/devk</Weitere_Adressen_link><form_field>Versicherungsnummer</form_field><subject>Sehr geehrte Damen und Herren,</subject><letter_text>hiermit kündige ich meine oben genannte Krankenversicherung fristgerecht zum nächstmöglichen Zeitpunkt. Bitte senden Sie mir eine schriftliche Bestätigung der Kündigung unter Angabe des Beendigungszeitpunktes zu.</letter_text></item>
<item><category>Versicherung</category><source_url>https://www.aboalarm.de/kuendigung-adresse/krankenversicherung/debeka</source_url><sub_category>Krankenversicherung</sub_category><company>Debeka Krankenversicherung</company><full_address>Debeka Krankenversicherungsverein a. G. Ferdinand-Sauerbruch-Straße 18 56073 Koblenz</full_address><address>Debeka Krankenversicherungsverein a. G.</address><city>Koblenz</city><zip>56073</zip><email>kundenservice@debeka.de</email><website>http://www.debeka.de</website><fax>02614985555</fax><hotline>02614984664</hotline><Weitere_Adressen_name>Debeka Auslandskrankenversicherung,Debeka Bausparkasse,Debeka Berufsunfähigkeitsversicherung,Debeka BKK,Debeka Glasversicherung,Debeka Haftpflichtversicherung,Debeka Haus-/Grundbesitzerhaftpflichtversicherung,Debeka Hausratversicherung,Debeka KFZ-Versicherung,Debeka Krankenzusatzversicherung,Debeka Pensionskasse,Debeka Pflegeversicherung,Debeka Rechtsschutzversicherung,DEBEKA Reisegepäckversicherung,Debeka Rentenversicherung,Debeka Riester-Rente,Debeka Risiko-Lebensversicherung,Debeka Schwere Krankheiten (Dread Disease) Versicherung,Debeka Sterbegeldversicherung,Debeka Tierhalterhaftpflichtversicherung,Debeka Unfallversicherung,Debeka Wohngebäudeversicherung,Debeka Zahnzusatzversicherung</Weitere_Adressen_name><Weitere_Adressen_link>https://www.aboalarm.de/kuendigung-adresse/krankenversicherung/debeka-auslandskrankenversicherung,https://www.aboalarm.de/kuendigung-adresse/bausparvertrag/debeka,https://www.aboalarm.de/kuendigung-adresse/berufsunfaehigkeitsversicherung/debeka,https://www.aboalarm.de/kuendigung-adresse/krankenversicherung/debeka-bkk,https://www.aboalarm.de/kuendigung-adresse/versicherung/debeka-glasversicherung,https://www.aboalarm.de/kuendigung-adresse/haftpflichtversicherung/debeka,https://www.aboalarm.de/kuendigung-adresse/haftpflichtversicherung/debeka-haus-grundbesitzerhaftpflichtversicherung,https://www.aboalarm.de/kuendigung-adresse/hausratversicherung/debeka,https://www.aboalarm.de/kuendigung-adresse/kfz-versicherung/debeka,https://www.aboalarm.de/kuendigung-adresse/krankenversicherung/debeka-sonstige-krankenzusatzversicherung,https://www.aboalarm.de/kuendigung-adresse/rentenversicherung/debeka-pensionskasse,https://www.aboalarm.de/kuendigung-adresse/krankenversicherung/debeka-pflegeversicherung,https://www.aboalarm.de/kuendigung-adresse/rechtsschutzversicherung/debeka,https://www.aboalarm.de/kuendigung-adresse/reiseversicherung/debeka,https://www.aboalarm.de/kuendigung-adresse/rentenversicherung/debeka,https://www.aboalarm.de/kuendigung-adresse/rentenversicherung/debeka-riester-rente,https://www.aboalarm.de/kuendigung-adresse/lebensversicherung/debeka-risiko-lebensversicherung,https://www.aboalarm.de/kuendigung-adresse/krankenversicherung/debeka-schwere-krankheiten-dread-disease-versicherung,https://www.aboalarm.de/kuendigung-adresse/versicherung/debeka-sterbegeldversicherung,https://www.aboalarm.de/kuendigung-adresse/haftpflichtversicherung/debeka-tierhalterhaftpflichtversicherung,https://www.aboalarm.de/kuendigung-adresse/unfallversicherung/debeka-unfallversicherung,https://www.aboalarm.de/kuendigung-adresse/versicherung/debeka-wohngebaeudeversicherung,https://www.aboalarm.de/kuendigung-adresse/zahnzusatzversicherung/debeka</Weitere_Adressen_link><form_field>Versicherungsnummer</form_field><subject>Sehr geehrte Damen und Herren,</subject><letter_text>hiermit kündige ich meine oben genannte Krankenversicherung fristgerecht zum nächstmöglichen Zeitpunkt. Bitte senden Sie mir eine schriftliche Bestätigung der Kündigung unter Angabe des Beendigungszeitpunktes zu.</letter_text></item>
<item><category>Versicherung</category><source_url>https://www.aboalarm.de/kuendigung-adresse/krankenversicherung/dbv-winterthur</source_url><sub_category>Krankenversicherung</sub_category><company>DBV-Winterthur Krankenversicherung</company><full_address>AXA Krankenversicherung AG 50592 Köln</full_address><address>AXA Krankenversicherung AG</address><city>Köln</city><zip>50592</zip><email>service@axa.de</email><website>http://www.axa.de</website><fax>0221-14841913</fax><hotline>0221-14841012</hotline><Weitere_Adressen_name>DBV-Winterthur Berufsunfähigkeitsversicherung,DBV-Winterthur Rentenversicherung</Weitere_Adressen_name><Weitere_Adressen_link>https://www.aboalarm.de/kuendigung-adresse/berufsunfaehigkeitsversicherung/dbv-winterthur,https://www.aboalarm.de/kuendigung-adresse/rentenversicherung/dbv-winterthur</Weitere_Adressen_link><form_field>Versicherungsnummer</form_field><subject>Sehr geehrte Damen und Herren,</subject><letter_text>hiermit kündige ich meine oben genannte Krankenversicherung fristgerecht zum nächstmöglichen Zeitpunkt. Bitte senden Sie mir eine schriftliche Bestätigung der Kündigung unter Angabe des Beendigungszeitpunktes zu.</letter_text></item>
<item><category>Versicherung</category><source_url>https://www.aboalarm.de/kuendigung-adresse/krankenversicherung/continentale</source_url><sub_category>Krankenversicherung</sub_category><company>Continentale Krankenversicherung</company><full_address>Continentale Krankenversicherung a.G. Ruhrallee 92 44139 Dortmund</full_address><address>Continentale Krankenversicherung a.G.</address><city>Dortmund</city><zip>44139</zip><email>info@continentale.de</email><website>http://www.continentale.de</website><fax>02319193255</fax><hotline>02319190</hotline><Weitere_Adressen_name>Continentale Auslandskrankenversicherung,Continentale Berufsunfähigkeitsversicherung,Continentale BKK,Continentale Erwerbsunfähigkeitsversicherung,Continentale Glasversicherung,Continentale Haftpflichtversicherung,Continentale Haus-/Grundbesitzerhaftpflichtverischerung,Continentale Hausratversicherung,Continentale KFZ-Versicherung,Continentale Krankenzusatzversicherung,Continentale Lebensversicherung,Continentale Private Krankenvollversicherung,Continentale Rechtsschutzversicherung,Continentale Rentenversicherung,Continentale Riester-Rente,Continentale Risiko-Lebensversicherung,Continentale Schwere Krankheiten (Dread Disease) Versicherung,Continentale Sterbegeldversicherung,Continentale Tierhalterhaftpflichtversicherung,Continentale Unfallversicherung,Continentale Wohngebäudeversicherung,Continentale Zahnzusatzversicherung</Weitere_Adressen_name><Weitere_Adressen_link>https://www.aboalarm.de/kuendigung-adresse/krankenversicherung/continentale-auslandskrankenversicherung,https://www.aboalarm.de/kuendigung-adresse/berufsunfaehigkeitsversicherung/continentale-berufsunfaehigkeitsversicherung,https://www.aboalarm.de/kuendigung-adresse/versicherung/continentale-bkk,https://www.aboalarm.de/kuendigung-adresse/rentenversicherung/continentale-erwerbsunfaehigkeitsversicherung,https://www.aboalarm.de/kuendigung-adresse/versicherung/continentale-glasversicherung,https://www.aboalarm.de/kuendigung-adresse/haftpflichtversicherung/continentale,https://www.aboalarm.de/kuendigung-adresse/haftpflichtversicherung/continentale-haus-grundbesitzerhaftpflichtverischerung,https://www.aboalarm.de/kuendigung-adresse/hausratversicherung/continentale,https://www.aboalarm.de/kuendigung-adresse/kfz-versicherung/continentale,https://www.aboalarm.de/kuendigung-adresse/krankenversicherung/continentale-sonstige-krankenzusatzversicherung,https://www.aboalarm.de/kuendigung-adresse/versicherung/continentale,https://www.aboalarm.de/kuendigung-adresse/krankenversicherung/continentale-private-krankenvollversicherung,https://www.aboalarm.de/kuendigung-adresse/rechtsschutzversicherung/continentale-rechtsschutzversicherung,https://www.aboalarm.de/kuendigung-adresse/rentenversicherung/continentale,https://www.aboalarm.de/kuendigung-adresse/rentenversicherung/continentale-riester-rente,https://www.aboalarm.de/kuendigung-adresse/lebensversicherung/continentale-risiko-lebensversicherung,https://www.aboalarm.de/kuendigung-adresse/krankenversicherung/continentale-schwere-krankheiten-dread-disease-versicherung,https://www.aboalarm.de/kuendigung-adresse/versicherung/continentale-sterbegeldversicherung,https://www.aboalarm.de/kuendigung-adresse/haftpflichtversicherung/continentale-tierhalterhaftpflichtversicherung,https://www.aboalarm.de/kuendigung-adresse/unfallversicherung/continentale-unfallversicherung,https://www.aboalarm.de/kuendigung-adresse/versicherung/continentale-wohngebaeudeversicherung,https://www.aboalarm.de/kuendigung-adresse/zahnzusatzversicherung/continentale</Weitere_Adressen_link><form_field>Versicherungsnummer</form_field><subject>Sehr geehrte Damen und Herren,</subject><letter_text>hiermit kündige ich meine oben genannte Krankenversicherung fristgerecht zum nächstmöglichen Zeitpunkt. Bitte senden Sie mir eine schriftliche Bestätigung der Kündigung unter Angabe des Beendigungszeitpunktes zu.</letter_text></item>
<item><category>Versicherung</category><source_url>https://www.aboalarm.de/kuendigung-adresse/krankenversicherung/central</source_url><sub_category>Krankenversicherung</sub_category><company>Central Krankenversicherung</company><full_address>Central Krankenversicherung AG Hansaring 40–50 50670 Köln</full_address><address>Central Krankenversicherung AG</address><city>Köln</city><zip>50670</zip><email>kundenservice@central.de</email><website>http://www.central.de</website><fax>02211636200</fax><hotline>01803163600</hotline><Weitere_Adressen_name>Central Auslandskrankenversicherung,Central Krankenzusatzversicherung,Central Pflegeversicherung,Central Private Krankenvollversicherung,Central Zahnzusatzversicherung</Weitere_Adressen_name><Weitere_Adressen_link>https://www.aboalarm.de/kuendigung-adresse/krankenversicherung/central-auslandskrankenversicherung,https://www.aboalarm.de/kuendigung-adresse/krankenversicherung/central-sonstige-krankenzusatzversicherung,https://www.aboalarm.de/kuendigung-adresse/krankenversicherung/central-pflegeversicherung,https://www.aboalarm.de/kuendigung-adresse/krankenversicherung/central-krankenversicherung,https://www.aboalarm.de/kuendigung-adresse/zahnzusatzversicherung/central</Weitere_Adressen_link><form_field>Versicherungsnummer</form_field><subject>Sehr geehrte Damen und Herren,</subject><letter_text>hiermit kündige ich meine oben genannte Krankenversicherung fristgerecht zum nächstmöglichen Zeitpunkt. Bitte senden Sie mir eine schriftliche Bestätigung der Kündigung unter Angabe des Beendigungszeitpunktes zu.</letter_text></item>
<item><category>Versicherung</category><source_url>https://www.aboalarm.de/kuendigung-adresse/krankenversicherung/bayerische-beamtenkrankenkasse</source_url><sub_category>Krankenversicherung</sub_category><company>Bayerische Beamtenkrankenkasse</company><full_address>Bayerische Beamtenkrankenkasse AG Maximilianstr. 53 81537 München</full_address><address>Bayerische Beamtenkrankenkasse AG</address><city>München</city><zip>81537</zip><email>service@vkb.de</email><website>http://www.vkb.de</website><fax>08921608001</fax><hotline>089 21 60 88 88</hotline><Weitere_Adressen_name></Weitere_Adressen_name><Weitere_Adressen_link></Weitere_Adressen_link><form_field>Versicherungsnummer</form_field><subject>Sehr geehrte Damen und Herren,</subject><letter_text>hiermit kündige ich meine oben genannte Krankenversicherung fristgerecht zum nächstmöglichen Zeitpunkt. Bitte senden Sie mir eine schriftliche Bestätigung der Kündigung unter Angabe des Beendigungszeitpunktes zu.</letter_text></item>
<item><category>Versicherung</category><source_url>https://www.aboalarm.de/kuendigung-adresse/krankenversicherung/dak-gesundheit</source_url><sub_category>Krankenversicherung</sub_category><company>DAK-Gesundheit</company><full_address>DAK-Gesundheit Postzentrum Postfach 10 14 44 20009 Hamburg</full_address><address>DAK-Gesundheit Postzentrum</address><city>Hamburg</city><zip>20009</zip><email>service715700@dak.de</email><website>http://www.dak.de </website><fax>0408662519-7060</fax><hotline>040325325555</hotline><Weitere_Adressen_name></Weitere_Adressen_name><Weitere_Adressen_link></Weitere_Adressen_link><form_field>Versicherungsnummer</form_field><subject>Sehr geehrte Damen und Herren,</subject><letter_text>hiermit kündige ich meine oben genannte Krankenversicherung fristgerecht zum nächstmöglichen Zeitpunkt. Bitte senden Sie mir eine schriftliche Bestätigung der Kündigung unter Angabe des Beendigungszeitpunktes zu.</letter_text></item>
<item><category>Versicherung</category><source_url>https://www.aboalarm.de/kuendigung-adresse/krankenversicherung/barmenia</source_url><sub_category>Krankenversicherung</sub_category><company>Barmenia Krankenversicherung</company><full_address>Barmenia Versicherungen Barmenia-Allee 1 42119 Wuppertal</full_address><address>Barmenia Versicherungen</address><city>Wuppertal</city><zip>42119</zip><email>info@barmenia.de</email><website>http://www.barmenia.de</website><fax>02024382703</fax><hotline>02024382250</hotline><Weitere_Adressen_name>Barmenia Auslandskrankenversicherung,Barmenia Berufsunfähigkeitsversicherung,Barmenia Glasversicherung,Barmenia Haftpflichtversicherung,Barmenia Haus-/Grundbesitzerhaftpflichtversicherung,Barmenia Hausratversicherung,Barmenia KFZ-Versicherung,Barmenia Krankenzusatzversicherung,Barmenia Lebensversicherung,Barmenia Pflegeversicherung,Barmenia Pflegezusatzversicherung,Barmenia Rechtsschutzversicherung,Barmenia Reisegepäckversicherung,Barmenia Reiseunfallversicherung,Barmenia Reiseversicherung,Barmenia Rentenversicherung,Barmenia Riester-Rente,Barmenia Risiko-Lebensversicherung,Barmenia Schwere Krankheiten (Dread Disease) Versicherung,Barmenia Sterbegeldversicherung,Barmenia Tierhalterhaftpflichtversicherung,Barmenia Tierkrankenversicherung,Barmenia Unfallversicherung,Barmenia Wohngebäudeversicherung,Barmenia Zahnzusatzversicherung</Weitere_Adressen_name><Weitere_Adressen_link>https://www.aboalarm.de/kuendigung-adresse/krankenversicherung/barmenia-auslandskrankenversicherung,https://www.aboalarm.de/kuendigung-adresse/berufsunfaehigkeitsversicherung/barmenia,https://www.aboalarm.de/kuendigung-adresse/versicherung/barmenia-glasversicherung,https://www.aboalarm.de/kuendigung-adresse/haftpflichtversicherung/barmenia,https://www.aboalarm.de/kuendigung-adresse/haftpflichtversicherung/barmenia-haus-grundbesitzerhaftpflichtversicherung,https://www.aboalarm.de/kuendigung-adresse/hausratversicherung/barmenia,https://www.aboalarm.de/kuendigung-adresse/kfz-versicherung/barmenia,https://www.aboalarm.de/kuendigung-adresse/krankenversicherung/barmenia-sonstige-krankenzusatzversicherung,https://www.aboalarm.de/kuendigung-adresse/lebensversicherung/barmenia-lebensversicherung,https://www.aboalarm.de/kuendigung-adresse/krankenversicherung/barmenia-pflegeversicherung,https://www.aboalarm.de/kuendigung-adresse/krankenversicherung/barmenia-pflegezusatzversicherung,https://www.aboalarm.de/kuendigung-adresse/rechtsschutzversicherung/barmenia,https://www.aboalarm.de/kuendigung-adresse/reiseversicherung/barmenia,https://www.aboalarm.de/kuendigung-adresse/unfallversicherung/barmenia-reiseunfallversicherung,https://www.aboalarm.de/kuendigung-adresse/reiseversicherung/barmenia-reiseversicherung,https://www.aboalarm.de/kuendigung-adresse/rentenversicherung/barmenia,https://www.aboalarm.de/kuendigung-adresse/rentenversicherung/barmenia-riester-rente,https://www.aboalarm.de/kuendigung-adresse/lebensversicherung/barmenia-risiko-lebensversicherung,https://www.aboalarm.de/kuendigung-adresse/krankenversicherung/barmenia-schwere-krankheiten-dread-disease-versicherung,https://www.aboalarm.de/kuendigung-adresse/versicherung/barmenia-sterbegeldversicherung,https://www.aboalarm.de/kuendigung-adresse/haftpflichtversicherung/barmenia-tierhalterhaftpflichtversicherung,https://www.aboalarm.de/kuendigung-adresse/versicherung/barmenia-tierkrankenversicherung,https://www.aboalarm.de/kuendigung-adresse/unfallversicherung/barmenia,https://www.aboalarm.de/kuendigung-adresse/versicherung/barmenia-wohngebaeudeversicherung,https://www.aboalarm.de/kuendigung-adresse/zahnzusatzversicherung/barmenia</Weitere_Adressen_link><form_field>Versicherungsnummer</form_field><subject>Sehr geehrte Damen und Herren,</subject><letter_text>hiermit kündige ich meine oben genannte Krankenversicherung fristgerecht zum nächstmöglichen Zeitpunkt. Bitte senden Sie mir eine schriftliche Bestätigung der Kündigung unter Angabe des Beendigungszeitpunktes zu.</letter_text></item>
<item><category>Versicherung</category><source_url>https://www.aboalarm.de/kuendigung-adresse/krankenversicherung/axa</source_url><sub_category>Krankenversicherung</sub_category><company>AXA Krankenversicherung</company><full_address>Axa Krankenversicherung AG Colonia-Allee 10–20 51067 Köln</full_address><address>Axa Krankenversicherung AG</address><city>Köln</city><zip>51067</zip><email>info@axa.de</email><website>http://www.axa.de</website><fax>022114841914</fax><hotline>0221 148-41002</hotline><Weitere_Adressen_name>AXA Auslandskrankenversicherung,Axa Bausparkasse,AXA Berufsunfähigkeitsversicherung,AXA Betriebshaftpflichtversicherung,AXA BOXplus,AXA Elektronikversicherung,Axa Erwerbsunfähigkeitsversicherung,Axa Existenzschutzversicherung,AXA Glasversicherung,AXA Haftpflichtversicherung,AXA Haus-/Grundbesitzerhaftpflichtversicherung,AXA Hausratversicherung,AXA KFZ-Versicherung,AXA Krankenzusatzversicherung,AXA Lebensversicherung,AXA Life Europe,AXA Pflegeversicherung,AXA Rechtsschutzversicherung,Axa Reisegepäckversicherung,Axa Reiseunfallversicherung,AXA RELAX Reiseversicherung,AXA Rentenversicherung,AXA Riester-Rente,AXA Risiko-Lebensversicherung,AXA Schwere Krankheiten (Dread Disease),AXA Smartschutz,AXA Sterbegeldversicherung,AXA Tierhalterhaftpflichtversicherung,AXA Unfallversicherung,AXA Wohngebäudeversicherung,AXA Zahnzusatzversicherung</Weitere_Adressen_name><Weitere_Adressen_link>https://www.aboalarm.de/kuendigung-adresse/krankenversicherung/axa-auslandskrankenversicherung,https://www.aboalarm.de/kuendigung-adresse/bausparvertrag/axa,https://www.aboalarm.de/kuendigung-adresse/berufsunfaehigkeitsversicherung/axa,https://www.aboalarm.de/kuendigung-adresse/haftpflichtversicherung/axa-betriebshaftpflichtversicherung,https://www.aboalarm.de/kuendigung-adresse/versicherung/axa-boxplus,https://www.aboalarm.de/kuendigung-adresse/versicherung/axa-elektronikversicherung,https://www.aboalarm.de/kuendigung-adresse/rentenversicherung/axa-erwerbsunfaehigkeitsversicherung,https://www.aboalarm.de/kuendigung-adresse/versicherung/axa-existenzschutzversicherung,https://www.aboalarm.de/kuendigung-adresse/versicherung/axa-glasversicherung,https://www.aboalarm.de/kuendigung-adresse/haftpflichtversicherung/axa,https://www.aboalarm.de/kuendigung-adresse/haftpflichtversicherung/axa-haus-grundbesitzerhaftpflichtversicherung,https://www.aboalarm.de/kuendigung-adresse/hausratversicherung/axa,https://www.aboalarm.de/kuendigung-adresse/kfz-versicherung/axa,https://www.aboalarm.de/kuendigung-adresse/krankenversicherung/axa-sonstige-krankenzusatzversicherung,https://www.aboalarm.de/kuendigung-adresse/lebensversicherung/axa,https://www.aboalarm.de/kuendigung-adresse/lebensversicherung/axa-life-europe,https://www.aboalarm.de/kuendigung-adresse/krankenversicherung/axa-pflegeversicherung,https://www.aboalarm.de/kuendigung-adresse/rechtsschutzversicherung/axa,https://www.aboalarm.de/kuendigung-adresse/reiseversicherung/axa,https://www.aboalarm.de/kuendigung-adresse/unfallversicherung/axa-reiseunfallversicherung,https://www.aboalarm.de/kuendigung-adresse/reiseversicherung/axa-relax-reiseversicherung,https://www.aboalarm.de/kuendigung-adresse/rentenversicherung/axa,https://www.aboalarm.de/kuendigung-adresse/rentenversicherung/axa-riester-rente,https://www.aboalarm.de/kuendigung-adresse/lebensversicherung/axa-risiko-lebensversicherung,https://www.aboalarm.de/kuendigung-adresse/krankenversicherung/axa-schwere-krankheiten-dread-disease,https://www.aboalarm.de/kuendigung-adresse/versicherung/axa-smartschutz,https://www.aboalarm.de/kuendigung-adresse/versicherung/axa-sterbegeldversicherung,https://www.aboalarm.de/kuendigung-adresse/haftpflichtversicherung/axa-tierhalterhaftpflichtversicherung,https://www.aboalarm.de/kuendigung-adresse/unfallversicherung/axa,https://www.aboalarm.de/kuendigung-adresse/versicherung/axa-wohngebaeude,https://www.aboalarm.de/kuendigung-adresse/zahnzusatzversicherung/axa</Weitere_Adressen_link><form_field>Versicherungsnummer</form_field><subject>Sehr geehrte Damen und Herren,</subject><letter_text>hiermit kündige ich meine oben genannte Krankenversicherung fristgerecht zum nächstmöglichen Zeitpunkt. Bitte senden Sie mir eine schriftliche Bestätigung der Kündigung unter Angabe des Beendigungszeitpunktes zu.</letter_text></item>
<item><category>Versicherung</category><source_url>https://www.aboalarm.de/kuendigung-adresse/krankenversicherung/arag</source_url><sub_category>Krankenversicherung</sub_category><company>Arag Krankenversicherung</company><full_address>ARAG Krankenversicherungs-AG Hollerithstraße 11 81829 München</full_address><address>ARAG Krankenversicherungs-AG</address><city>München</city><zip>81829</zip><email>service@arag.de</email><website>http://www.arag.de</website><fax>08941249525</fax><hotline>08941248200</hotline><Weitere_Adressen_name>Arag Auslandskrankenversicherung,Arag Berufsunfähigkeitsversicherung,Arag Betriebshaftpflichtversicherung,Arag Elektronikversicherung,Arag Fahrradversicherung,Arag Glasversicherung,Arag Haftpflichtversicherung,ARAG Haus-/Grundbesitzerhaftpflichtversicherung,Arag Hausratversicherung,Arag KFZ-Versicherung,Arag Krankenzusatzversicherung,Arag Mietrechtsschutz,Arag Mietrechtsschutz Sofort,Arag Pflegeversicherung,Arag Privatrechtsschutzversicherung,Arag Rentenversicherung,Arag Riester-Rente,Arag Risiko-Lebensversicherung,ARAG SE,Arag Sterbegeldversicherung,Arag Tierhalterhaftpflichtversicherung,Arag Unfallversicherung,Arag Verkehrsrechtsschutz,Arag Verkehrsrechtsschutz Sofort,Arag Wohngebäudeversicherung,Arag Zahnzusatzversicherung</Weitere_Adressen_name><Weitere_Adressen_link>https://www.aboalarm.de/kuendigung-adresse/krankenversicherung/arag-auslandskrankenversicherung,https://www.aboalarm.de/kuendigung-adresse/berufsunfaehigkeitsversicherung/arag-berufsunfaehigkeitsversicherung,https://www.aboalarm.de/kuendigung-adresse/haftpflichtversicherung/arag-betriebshaftpflichtversicherung,https://www.aboalarm.de/kuendigung-adresse/versicherung/arag-elektronikversicherung,https://www.aboalarm.de/kuendigung-adresse/versicherung/arag,https://www.aboalarm.de/kuendigung-adresse/versicherung/arag-glasversicherung,https://www.aboalarm.de/kuendigung-adresse/haftpflichtversicherung/arag,https://www.aboalarm.de/kuendigung-adresse/haftpflichtversicherung/arag-haus-grundbesitzerhaftpflichtversicherung,https://www.aboalarm.de/kuendigung-adresse/hausratversicherung/arag,https://www.aboalarm.de/kuendigung-adresse/kfz-versicherung/arag,https://www.aboalarm.de/kuendigung-adresse/krankenversicherung/arag-sonstige-krankenzusatzversicherung,https://www.aboalarm.de/kuendigung-adresse/rechtsschutzversicherung/arag-mietrechtsschutz,https://www.aboalarm.de/kuendigung-adresse/rechtsschutzversicherung/arag-mietrechtsschutz-sofort,https://www.aboalarm.de/kuendigung-adresse/krankenversicherung/arag-pflegeversicherung,https://www.aboalarm.de/kuendigung-adresse/rechtsschutzversicherung/arag-rechtsschutzversicherung,https://www.aboalarm.de/kuendigung-adresse/rentenversicherung/arag,https://www.aboalarm.de/kuendigung-adresse/abonnement/arag-riester-rente,https://www.aboalarm.de/kuendigung-adresse/lebensversicherung/arag,https://www.aboalarm.de/kuendigung-adresse/versicherung/arag-se,https://www.aboalarm.de/kuendigung-adresse/versicherung/arag-sterbegeldversicherung,https://www.aboalarm.de/kuendigung-adresse/haftpflichtversicherung/arag-tierhalterhaftpflichtversicherung,https://www.aboalarm.de/kuendigung-adresse/unfallversicherung/arag,https://www.aboalarm.de/kuendigung-adresse/rechtsschutzversicherung/arag-verkehrsrechtsschutz,https://www.aboalarm.de/kuendigung-adresse/rechtsschutzversicherung/arag-verkehrsrechtsschutz-sofort,https://www.aboalarm.de/kuendigung-adresse/versicherung/arag-wohngebaeudeversicherung,https://www.aboalarm.de/kuendigung-adresse/zahnzusatzversicherung/arag</Weitere_Adressen_link><form_field>Versicherungsnummer</form_field><subject>Sehr geehrte Damen und Herren,</subject><letter_text>hiermit kündige ich meine oben genannte Krankenversicherung fristgerecht zum nächstmöglichen Zeitpunkt. Bitte senden Sie mir eine schriftliche Bestätigung der Kündigung unter Angabe des Beendigungszeitpunktes zu.</letter_text></item>
<item><category>Versicherung</category><source_url>https://www.aboalarm.de/kuendigung-adresse/krankenversicherung/aok-bayern</source_url><sub_category>Krankenversicherung</sub_category><company>AOK Bayern</company><full_address>AOK Bayern - Die Gesundheitskasse Carl-Wery-Straße 28 81739 München</full_address><address>AOK Bayern - Die Gesundheitskasse</address><city>München</city><zip>81739</zip><email>info@service.by.aok.de</email><website>http://www.bayern.aok.de</website><fax>089 22844051</fax><hotline>089 22844050</hotline><Weitere_Adressen_name></Weitere_Adressen_name><Weitere_Adressen_link></Weitere_Adressen_link><form_field>Versicherungsnummer</form_field><subject>Sehr geehrte Damen und Herren,</subject><letter_text>hiermit kündige ich meine oben genannte Krankenversicherung fristgerecht zum nächstmöglichen Zeitpunkt. Bitte senden Sie mir eine schriftliche Bestätigung der Kündigung unter Angabe des Beendigungszeitpunktes zu.</letter_text></item>
<item><category>Versicherung</category><source_url>https://www.aboalarm.de/kuendigung-adresse/krankenversicherung/allianz</source_url><sub_category>Krankenversicherung</sub_category><company>Allianz Private Krankenversicherung</company><full_address>Allianz Private Krankenversicherungs-AG 10870 Berlin</full_address><address>Allianz Private Krankenversicherungs-AG</address><city>Berlin</city><zip>10870</zip><email>krankenversicherung@allianz.de</email><website>http://www.allianz.de</website><fax>08004400103</fax><hotline>08004100109</hotline><Weitere_Adressen_name>Allianz 24 Kfz-Versicherung,Allianz AktivDepot,Allianz Altersvorsorge,Allianz Auslandskrankenversicherung,Allianz Berufsunfähigkeitsversicherung,Allianz Direct Haftpflichtversicherung (ehemals AllSecur),Allianz Direct Hausratsversicherung (ehemals AllSecur),Allianz Direct KFZ-Versicherung (ehemals AllSecur),Allianz Direct Rechtsschutzversicherung (ehemals AllSecur),Allianz Direct Risiko-Lebensversicherung (ehemals AllSecur),Allianz Elektronikversicherung,Allianz Erwerbsunfähigkeitsversicherung,Allianz Fahrradversicherung,Allianz Glasversicherung,Allianz Global Investors,Allianz Haftpflichtversicherung,Allianz Haus-/Grundbesitzerhaftpflichtversicherung,Allianz Hausratversicherung,Allianz Immobilien-Rechtsschutzversicherung,Allianz Kfz-Versicherung,Allianz Krankenzusatzversicherung,Allianz Lebensversicherung,Allianz Pensionskasse,Allianz Pflegeversicherung,Allianz Rechtsschutzversicherung,Allianz Reisegepäckversicherung,Allianz Reiseunfallversicherung,Allianz Reiseversicherung (Allianz Global Assistance),Allianz Rentenversicherung,Allianz Riester-Rente,Allianz Risiko-Lebensversicherung,Allianz Schwere Krankheiten (Dread Disease),Allianz Sterbegeldversicherung,Allianz Tierhalterhaftpflichtversicherung,Allianz Travel,Allianz Unfallversicherung,Allianz Wohngebäudeversicherung,Allianz Zahnzusatzversicherung</Weitere_Adressen_name><Weitere_Adressen_link>https://www.aboalarm.de/kuendigung-adresse/kfz-versicherung/allianz-24,https://www.aboalarm.de/kuendigung-adresse/finanzen/allianz-aktivdepot,https://www.aboalarm.de/kuendigung-adresse/rentenversicherung/allianz-altersvorsorge,https://www.aboalarm.de/kuendigung-adresse/krankenversicherung/allianz-auslandskrankenversicherung,https://www.aboalarm.de/kuendigung-adresse/berufsunfaehigkeitsversicherung/allianz-berufsunfaehigkeitsversicherung,https://www.aboalarm.de/kuendigung-adresse/haftpflichtversicherung/allianz-direkt-haftpflichtversicherungallsecur,https://www.aboalarm.de/kuendigung-adresse/hausratversicherung/allianz-direkt-hausratversicherungallsecur,https://www.aboalarm.de/kuendigung-adresse/kfz-versicherung/allianz-direkt-kfz-versicherungallsecur,https://www.aboalarm.de/kuendigung-adresse/rechtsschutzversicherung/allsecur-rechtsschutzversicherung,https://www.aboalarm.de/kuendigung-adresse/lebensversicherung/allsecur-risiko-lebensversicherung,https://www.aboalarm.de/kuendigung-adresse/versicherung/allianz-elektronikversicherung,https://www.aboalarm.de/kuendigung-adresse/rentenversicherung/allianz-erwerbsunfaehigkeitsversicherung,https://www.aboalarm.de/kuendigung-adresse/versicherung/allianz-fahrradversicherung,https://www.aboalarm.de/kuendigung-adresse/versicherung/allianz-glasversicherung,https://www.aboalarm.de/kuendigung-adresse/sonstige/allianz-global-investors,https://www.aboalarm.de/kuendigung-adresse/haftpflichtversicherung/allianz,https://www.aboalarm.de/kuendigung-adresse/haftpflichtversicherung/allianz-haus-grundbesitzerhaftpflichtversicherung,https://www.aboalarm.de/kuendigung-adresse/hausratversicherung/allianz,https://www.aboalarm.de/kuendigung-adresse/rechtsschutzversicherung/allianz-immobilien-rechtsschutzversicherung,https://www.aboalarm.de/kuendigung-adresse/kfz-versicherung/allianz,https://www.aboalarm.de/kuendigung-adresse/krankenversicherung/allianz-sonstige-krankenzusatzversicherung,https://www.aboalarm.de/kuendigung-adresse/berufsunfaehigkeitsversicherung/allianz,https://www.aboalarm.de/kuendigung-adresse/rentenversicherung/allianz-pensionskasse,https://www.aboalarm.de/kuendigung-adresse/versicherung/allianz-pflegeversicherung,https://www.aboalarm.de/kuendigung-adresse/rechtsschutzversicherung/allianz,https://www.aboalarm.de/kuendigung-adresse/reiseversicherung/allianz,https://www.aboalarm.de/kuendigung-adresse/unfallversicherung/allianz-reiseunfallversicherung,https://www.aboalarm.de/kuendigung-adresse/versicherung/allianz-aga-international,https://www.aboalarm.de/kuendigung-adresse/rentenversicherung/allianz,https://www.aboalarm.de/kuendigung-adresse/rentenversicherung/allianz-riester-rente,https://www.aboalarm.de/kuendigung-adresse/lebensversicherung/allianz-risiko,https://www.aboalarm.de/kuendigung-adresse/krankenversicherung/allianz-schwere-krankheiten-dread-disease,https://www.aboalarm.de/kuendigung-adresse/versicherung/allianz-sterbegeldversicherung,https://www.aboalarm.de/kuendigung-adresse/haftpflichtversicherung/allianz-tierhalterhaftpflichtversicherung,https://www.aboalarm.de/kuendigung-adresse/abonnement/allianz-reiseversicherung,https://www.aboalarm.de/kuendigung-adresse/unfallversicherung/allianz,https://www.aboalarm.de/kuendigung-adresse/versicherung/allianz-wohngebaeudeversicherung,https://www.aboalarm.de/kuendigung-adresse/zahnzusatzversicherung/allianz</Weitere_Adressen_link><form_field>Versicherungsnummer</form_field><subject>Sehr geehrte Damen und Herren,</subject><letter_text>hiermit kündige ich meine oben genannte Krankenversicherung fristgerecht zum nächstmöglichen Zeitpunkt. Bitte senden Sie mir eine schriftliche Bestätigung der Kündigung unter Angabe des Beendigungszeitpunktes zu.</letter_text></item>
</items>