<?xml version="1.0" encoding="utf-8"?>
<items>
<item><category>Finanzen</category><source_url>https://www.aboalarm.de/kuendigung-adresse/kreditkarte/lbb-kreditkarte</source_url><sub_category>Kreditkarte</sub_category><company>LBB Kreditkarte</company><full_address>LBB KartenService Postfach 11 08 05 10838 Berlin</full_address><address>LBB KartenService</address><city>Berlin</city><zip>10838</zip><email>information@lbb.de</email><website>http://www.lbb.de</website><fax>030/245 69 50200</fax><hotline>030 2455 2441</hotline><Weitere_Adressen_name></Weitere_Adressen_name><Weitere_Adressen_link></Weitere_Adressen_link><form_field>Kundennummer</form_field><subject>Sehr geehrte Damen und Herren,</subject><letter_text>hiermit kündige ich meine oben genannte Kreditkarte fristgerecht zum nächstmöglichen Zeitpunkt. Bitte senden Sie mir eine schriftliche Bestätigung der Kündigung unter Angabe des Beendigungszeitpunktes zu.</letter_text></item>
<item><category>Finanzen</category><source_url>https://www.aboalarm.de/kuendigung-adresse/kreditkarte/ikea-family</source_url><sub_category>Kreditkarte</sub_category><company>IKEA FAMILY Bezahlkarte</company><full_address>Ikano Bank AB IKEA FAMILY Bezahlkarte Otto-von-Guericke-Ring 15 65205 Wiesbaden</full_address><address>Ikano Bank AB</address><city>15</city><zip>Otto-von-Guericke-Ring</zip><email>ikea-bezahlkarte@ikano.de</email><website>http://www.ikea-finanzprodukte.de</website><fax>06122999988</fax><hotline>06122999911</hotline><Weitere_Adressen_name></Weitere_Adressen_name><Weitere_Adressen_link></Weitere_Adressen_link><form_field>Kundennummer</form_field><subject>Sehr geehrte Damen und Herren,</subject><letter_text>hiermit kündige ich meine oben genannte Kreditkarte fristgerecht zum nächstmöglichen Zeitpunkt. Bitte senden Sie mir eine schriftliche Bestätigung der Kündigung unter Angabe des Beendigungszeitpunktes zu.</letter_text></item>
<item><category>Finanzen</category><source_url>https://www.aboalarm.de/kuendigung-adresse/kreditkarte/barclaycard-kreditkarte</source_url><sub_category>Kreditkarte</sub_category><company>Barclaycard Kreditkarte</company><full_address>Barclaycard - Barclays Bank PLC Gasstraße 4c 22761 Hamburg</full_address><address>Barclaycard - Barclays Bank PLC</address><city>Hamburg</city><zip>22761</zip><email>service@barclaycard.de</email><website>http://www.barclaycard.de</website><fax>004940896470</fax><hotline>04089099866</hotline><Weitere_Adressen_name></Weitere_Adressen_name><Weitere_Adressen_link></Weitere_Adressen_link><form_field>Anbieter (z.B. Visa),16-stellige Kartennummer</form_field><subject>Sehr geehrte Damen und Herren,</subject><letter_text>hiermit kündige ich meine Barclaycard fristgerecht zum nächstmöglichen Zeitpunkt. Bitte senden Sie mir eine schriftliche Bestätigung der Kündigung zu. Nach Erhalt meiner Kündigung dürfen Sie mich für die Vertragsabwicklung nur noch postalisch kontaktieren. Im Übrigen möchte ich von Ihnen nicht kontaktiert werden; insbesondere nicht per Telefon.</letter_text></item>
<item><category>Finanzen</category><source_url>https://www.aboalarm.de/kuendigung-adresse/kreditkarte/american-express</source_url><sub_category>Kreditkarte</sub_category><company>American Express</company><full_address>American Express Services Europe Limited Zweigniederlassung Frankfurt am Main Theodor-Heuss-Allee 112 60486 Frankfurt am Main</full_address><address>American Express Services Europe Limited</address><city>112</city><zip>Theodor-Heuss-Allee</zip><email>impressum@aexp.com</email><website>https://www.americanexpress.com/de</website><fax>(0)69 9797 - 1500</fax><hotline>06997971000</hotline><Weitere_Adressen_name></Weitere_Adressen_name><Weitere_Adressen_link></Weitere_Adressen_link><form_field>Kundennummer</form_field><subject>Sehr geehrte Damen und Herren,</subject><letter_text>hiermit kündige ich meine oben genannte Kreditkarte fristgerecht zum nächstmöglichen Zeitpunkt. Bitte senden Sie mir eine schriftliche Bestätigung der Kündigung unter Angabe des Beendigungszeitpunktes zu.</letter_text></item>
<item><category>Finanzen</category><source_url>https://www.aboalarm.de/kuendigung-adresse/kreditkarte/amazon-de</source_url><sub_category>Kreditkarte</sub_category><company>Amazon.de Kreditkarte</company><full_address>Landesbank Berlin AG Amazon.de KartenService Postfach 11 08 05 10838 Berlin</full_address><address>Landesbank Berlin AG</address><city>11</city><zip>Postfach</zip><email>Kontaktformular auf der Website: https://servicea.lbb.de/kontakt/?id=2</email><website>http://www.lbb.de/amazon</website><fax>03024552450</fax><hotline>(030) 2455 2457</hotline><Weitere_Adressen_name></Weitere_Adressen_name><Weitere_Adressen_link></Weitere_Adressen_link><form_field>Kundennummer</form_field><subject>Sehr geehrte Damen und Herren,</subject><letter_text>hiermit kündige ich meine oben genannte Kreditkarte fristgerecht zum nächstmöglichen Zeitpunkt. Bitte senden Sie mir eine schriftliche Bestätigung der Kündigung unter Angabe des Beendigungszeitpunktes zu.</letter_text></item>
<item><category>Finanzen</category><source_url>https://www.aboalarm.de/kuendigung-adresse/kreditkarte/deutsche-bank</source_url><sub_category>Kreditkarte</sub_category><company>Deutsche Bank Kreditkarte</company><full_address>Deutsche Bank Privat- und Geschäftskunden AG Kundenservice 04024 Leipzig</full_address><address>Deutsche Bank Privat- und Geschäftskunden AG</address><city>Leipzig</city><zip>04024</zip><email>https://www.deutsche-bank.de/pfb/content/pfb2_layer-kontaktbar.html</email><website>http://www.deutsche-bank.de</website><fax>069 910 10001</fax><hotline>069 910 10000</hotline><Weitere_Adressen_name></Weitere_Adressen_name><Weitere_Adressen_link></Weitere_Adressen_link><form_field>Kartennummer,Kundennummer,Filialnummer</form_field><subject>Sehr geehrte Damen und Herren,</subject><letter_text>hiermit kündige ich meine oben genannte Kreditkarte fristgerecht zum nächstmöglichen Zeitpunkt. Bitte senden Sie mir eine schriftliche Bestätigung der Kündigung unter Angabe des Beendigungszeitpunktes zu.</letter_text></item>
<item><category>Finanzen</category><source_url>https://www.aboalarm.de/kuendigung-adresse/kreditkarte/adac</source_url><sub_category>Kreditkarte</sub_category><company>ADAC Kreditkarte</company><full_address>Landesbank Berlin AG ADAC-KartenService Postfach 11 08 05 10838 Berlin</full_address><address>Landesbank Berlin AG</address><city>11</city><zip>Postfach</zip><email>https://servicea.lbb.de/kontakt/?id=8</email><website>https://www.adac.de/kreditkarten</website><fax>(030) 2455 5653</fax><hotline>(030) 2455 5522</hotline><Weitere_Adressen_name>ADAC,ADAC Auslandskrankenversicherung,ADAC Haftpflichtversicherung,ADAC KFZ-Versicherung,ADAC Krankenversicherung,ADAC Medien und Reise,ADAC Rechtsschutzversicherung,ADAC Reisegepäckversicherung,ADAC Reiserücktrittversicherung,ADAC Unfallversicherung,ADAC Verkehrsrechtschutz-Versicherung,ADAC Verlag,ADAC Versicherung</Weitere_Adressen_name><Weitere_Adressen_link>https://www.aboalarm.de/kuendigung-adresse/automobil-club-mitgliedschaft/adac,https://www.aboalarm.de/kuendigung-adresse/krankenversicherung/adac,https://www.aboalarm.de/kuendigung-adresse/haftpflichtversicherung/adac-haftpflichtversicherung,https://www.aboalarm.de/kuendigung-adresse/kfz-versicherung/adac,https://www.aboalarm.de/kuendigung-adresse/krankenversicherung/adac-versicherungen,https://www.aboalarm.de/kuendigung-adresse/zeitschrift/adac-medien-und-reise,https://www.aboalarm.de/kuendigung-adresse/rechtsschutzversicherung/adac,https://www.aboalarm.de/kuendigung-adresse/reiseversicherung/adac,https://www.aboalarm.de/kuendigung-adresse/reiseversicherung/adac-reiseruecktrittversicherung,https://www.aboalarm.de/kuendigung-adresse/unfallversicherung/adac,https://www.aboalarm.de/kuendigung-adresse/rechtsschutzversicherung/adac-verkehrsrechtschutz-versicherung,https://www.aboalarm.de/kuendigung-adresse/verlag/adac,https://www.aboalarm.de/kuendigung-adresse/versicherung/adac</Weitere_Adressen_link><form_field>Kundennummer</form_field><subject>Sehr geehrte Damen und Herren,</subject><letter_text>hiermit kündige ich meine oben genannte Kreditkarte fristgerecht zum nächstmöglichen Zeitpunkt. Bitte senden Sie mir eine schriftliche Bestätigung der Kündigung unter Angabe des Beendigungszeitpunktes zu.</letter_text></item>
</items>