<?xml version="1.0" encoding="utf-8"?>
<items>
<item><category>Mietvertrag</category><source_url>https://www.aboalarm.de/kuendigung-adresse/leasingvertrag/grenke-leasing</source_url><sub_category>Leasingvertrag</sub_category><company>Grenke Leasing</company><full_address>GRENKE AG Neuer Markt 2 76532 Baden-Baden</full_address><address>GRENKE AG</address><city>Baden-Baden</city><zip>76532</zip><email>service@grenke.de</email><website>https://www.grenkeleasing.de/</website><fax>07221 5007-222</fax><hotline>0 7221 5007-0</hotline><Weitere_Adressen_name></Weitere_Adressen_name><Weitere_Adressen_link></Weitere_Adressen_link><form_field>Kundennummer</form_field><subject>Sehr geehrte Damen und Herren,</subject><letter_text>hiermit kündige ich meinen Grenke Leasing-Vertrag fristgerecht zum nächstmöglichen Zeitpunkt. Bitte senden Sie mir eine schriftliche Bestätigung der Kündigung unter Angabe des Beendigungszeitpunktes zu.</letter_text></item>
<item><category>Mietvertrag</category><source_url>https://www.aboalarm.de/kuendigung-adresse/leasingvertrag/el-leasing</source_url><sub_category>Leasingvertrag</sub_category><company>el Leasing</company><full_address>el Leasing &amp; Service AG Ubbenstr. 15 30159 Hannover</full_address><address>el Leasing &amp; Service AG</address><city>Hannover</city><zip>30159</zip><email>-</email><website>None</website><fax>051130400444</fax><hotline>0511-30400400</hotline><Weitere_Adressen_name></Weitere_Adressen_name><Weitere_Adressen_link></Weitere_Adressen_link><form_field>Kundennummer</form_field><subject>Sehr geehrte Damen und Herren,</subject><letter_text>hiermit kündige ich meinen el Leasing-Vertrag fristgerecht zum nächstmöglichen Zeitpunkt. Bitte senden Sie mir eine schriftliche Bestätigung der Kündigung unter Angabe des Beendigungszeitpunktes zu.</letter_text></item>
<item><category>Mietvertrag</category><source_url>https://www.aboalarm.de/kuendigung-adresse/leasingvertrag/disko-leasing</source_url><sub_category>Leasingvertrag</sub_category><company>Disko Leasing</company><full_address>Disko Leasing GmbH Fritz-Vomfelde-Straße 2-4 40547 Düsseldorf</full_address><address>Disko Leasing GmbH</address><city>Düsseldorf</city><zip>40547</zip><email>-</email><website>None</website><fax>02115350336</fax><hotline>02115350185</hotline><Weitere_Adressen_name></Weitere_Adressen_name><Weitere_Adressen_link></Weitere_Adressen_link><form_field>Kundennummer</form_field><subject>Sehr geehrte Damen und Herren,</subject><letter_text>hiermit kündige ich meinen Disko Leasing-Vertrag fristgerecht zum nächstmöglichen Zeitpunkt. Bitte senden Sie mir eine schriftliche Bestätigung der Kündigung unter Angabe des Beendigungszeitpunktes zu.</letter_text></item>
<item><category>Mietvertrag</category><source_url>https://www.aboalarm.de/kuendigung-adresse/leasingvertrag/deutsche-leasing-finance</source_url><sub_category>Leasingvertrag</sub_category><company>Deutsche Leasing Finance</company><full_address>Deutsche Leasing Frölingstraße 15-31 61352 Bad Homburg v. d. Höhe</full_address><address>Deutsche Leasing</address><city>Bad</city><zip>61352</zip><email>-</email><website>None</website><fax>0617221332</fax><hotline>0617288-00</hotline><Weitere_Adressen_name></Weitere_Adressen_name><Weitere_Adressen_link></Weitere_Adressen_link><form_field>Kundennummer</form_field><subject>Sehr geehrte Damen und Herren,</subject><letter_text>hiermit kündige ich meinen Deutsche Leasing Finance-Vertrag fristgerecht zum nächstmöglichen Zeitpunkt. Bitte senden Sie mir eine schriftliche Bestätigung der Kündigung unter Angabe des Beendigungszeitpunktes zu.</letter_text></item>
<item><category>Mietvertrag</category><source_url>https://www.aboalarm.de/kuendigung-adresse/leasingvertrag/astradirect</source_url><sub_category>Leasingvertrag</sub_category><company>AstraDirect Leasing &amp; Service</company><full_address>AstraDirect GmbH Dudenstr. 46 68167 Mannheim</full_address><address>AstraDirect GmbH</address><city>Mannheim</city><zip>68167</zip><email>email@astradirect.de</email><website>http://www.astradirect.de</website><fax>06211247682629</fax><hotline>06211247680</hotline><Weitere_Adressen_name></Weitere_Adressen_name><Weitere_Adressen_link></Weitere_Adressen_link><form_field>Schließfachnummer</form_field><subject>Sehr geehrte Damen und Herren,</subject><letter_text>hiermit kündige ich meinen AstraDirect Leasing &amp; Service-Vertrag fristgerecht zum nächstmöglichen Zeitpunkt. Bitte senden Sie mir eine schriftliche Bestätigung der Kündigung unter Angabe des Beendigungszeitpunktes zu.</letter_text></item>
</items>