<?xml version="1.0" encoding="utf-8"?>
<items>
<item><category>Versicherung</category><source_url>https://www.aboalarm.de/kuendigung-adresse/lebensversicherung/victoria</source_url><sub_category>Lebensversicherung</sub_category><company>Victoria Lebensversicherung</company><full_address>Victoria Lebensversicherung AG Victoriaplatz 1 40198 Düsseldorf</full_address><address>Victoria Lebensversicherung AG</address><city>Düsseldorf</city><zip>40198</zip><email>service@victoria.de</email><website>http://www.ergo.de</website><fax>0211-477-2222</fax><hotline>0211-477-0</hotline><Weitere_Adressen_name>Victoria KFZ-Versicherung,Victoria Krankenversicherung,VictoriaMilan</Weitere_Adressen_name><Weitere_Adressen_link>https://www.aboalarm.de/kuendigung-adresse/kfz-versicherung/victoria,https://www.aboalarm.de/kuendigung-adresse/krankenversicherung/victoria,https://www.aboalarm.de/kuendigung-adresse/online-dating/victoriamilan</Weitere_Adressen_link><form_field>Versicherungsnummer</form_field><subject>Sehr geehrte Damen und Herren,</subject><letter_text>hiermit kündige ich meine oben genannte Lebensversicherung fristgerecht zum nächstmöglichen Zeitpunkt. Bitte senden Sie mir eine schriftliche Bestätigung der Kündigung unter Angabe des Beendigungszeitpunktes zu.</letter_text></item>
<item><category>Versicherung</category><source_url>https://www.aboalarm.de/kuendigung-adresse/lebensversicherung/targo</source_url><sub_category>Lebensversicherung</sub_category><company>Targo Versicherung / CiV Lebensversicherung</company><full_address>TARGO Versicherung AG Proactiv-Platz 1 40721 Hilden</full_address><address>TARGO Versicherung AG</address><city>Hilden</city><zip>40721</zip><email>info@targoversicherung.de</email><website>http://www.targoversicherung.de</website><fax>02103347109</fax><hotline>02103348820</hotline><Weitere_Adressen_name>Targo Kreditlebensversicherung,Targo Leasing GmbH,Targo Lebensversicherung,Targo Rentenversicherung,Targo Riester-Rente,Targo Risiko-Lebensversicherung,Targo Sterbegeldversicherung,Targo Unfallversicherung,Targobank Konto,Targobank Kredit,Targobank Kreditkarte,Targobank Reisegepäckversicherung</Weitere_Adressen_name><Weitere_Adressen_link>https://www.aboalarm.de/kuendigung-adresse/lebensversicherung/targo-kreditlebensversicherung,https://www.aboalarm.de/kuendigung-adresse/finanzen/targo-leasing-gmbh,https://www.aboalarm.de/kuendigung-adresse/lebensversicherung/targo-versicherung,https://www.aboalarm.de/kuendigung-adresse/rentenversicherung/targo-versicherung,https://www.aboalarm.de/kuendigung-adresse/rentenversicherung/targo-riester-rente,https://www.aboalarm.de/kuendigung-adresse/lebensversicherung/targo-risiko-lebensversicherung,https://www.aboalarm.de/kuendigung-adresse/versicherung/targo-sterbegeldversicherung,https://www.aboalarm.de/kuendigung-adresse/unfallversicherung/targo-versicherung,https://www.aboalarm.de/kuendigung-adresse/bankkonto/targobank-konto,https://www.aboalarm.de/kuendigung-adresse/kredit/targobank-kredit,https://www.aboalarm.de/kuendigung-adresse/kreditkarte/targobank-kreditkarte,https://www.aboalarm.de/kuendigung-adresse/reiseversicherung/targobank</Weitere_Adressen_link><form_field>Versicherungsnummer</form_field><subject>Sehr geehrte Damen und Herren,</subject><letter_text>hiermit kündige ich meine oben genannte Lebensversicherung fristgerecht zum nächstmöglichen Zeitpunkt. Bitte senden Sie mir eine schriftliche Bestätigung der Kündigung unter Angabe des Beendigungszeitpunktes zu.</letter_text></item>
<item><category>Versicherung</category><source_url>https://www.aboalarm.de/kuendigung-adresse/lebensversicherung/nuernberger</source_url><sub_category>Lebensversicherung</sub_category><company>NÜRNBERGER Lebensversicherung</company><full_address>NÜRNBERGER Lebensversicherung AG Ostendstraße 100 90334 Nürnberg </full_address><address>NÜRNBERGER Lebensversicherung AG</address><city>Nürnberg</city><zip>90334</zip><email>info@nuernberger.de</email><website>https://www.nuernberger.de</website><fax>09115313206</fax><hotline>09115310</hotline><Weitere_Adressen_name>NÜRNBERGER Auslandskrankenversicherung,Nürnberger Beamten Allg. Haftpflichtversicherung,Nürnberger Beamten Lebensversicherung,Nürnberger Berufsunfähigkeitsversicherung,NÜRNBERGER Betriebs­haftpflicht­versicherung,NÜRNBERGER Glasversicherung,Nürnberger Haftpflichtversicherung,NÜRNBERGER Haus-/Grundbesitzerhaftpflichtversicherung,Nürnberger Hausratversicherung,NÜRNBERGER KFZ-Versicherung,Nürnberger Krankenversicherung,NÜRNBERGER Krankenzusatzversicherung,Nürnberger Nachrichten,NÜRNBERGER Pflegeversicherung,Nürnberger Rechtsschutzversicherung,Nürnberger Rentenversicherung,Nürnberger Riester-Rente,NÜRNBERGER Sterbegeldversicherung,NÜRNBERGER Tierhalterhaftpflichtversicherung,NÜRNBERGER Unfallversicherung,NÜRNBERGER Wohngebäudeversicherung,NÜRNBERGER Zahnzusatzversicherung</Weitere_Adressen_name><Weitere_Adressen_link>https://www.aboalarm.de/kuendigung-adresse/krankenversicherung/nuernberger-auslandskrankenversicherung,https://www.aboalarm.de/kuendigung-adresse/haftpflichtversicherung/nuernberger-beamten-allg,https://www.aboalarm.de/kuendigung-adresse/lebensversicherung/nuernberger-beamten-lebensversicherung,https://www.aboalarm.de/kuendigung-adresse/berufsunfaehigkeitsversicherung/nuernberger-berufsunfaehigkeitsversicherung,https://www.aboalarm.de/kuendigung-adresse/haftpflichtversicherung/nuernberger-betriebshaftpflichtversicherung,https://www.aboalarm.de/kuendigung-adresse/versicherung/nuernberger-glasversicherung,https://www.aboalarm.de/kuendigung-adresse/haftpflichtversicherung/nuernberger,https://www.aboalarm.de/kuendigung-adresse/haftpflichtversicherung/nuernberger-haus-grundbesitzerhaftpflichtversicherung,https://www.aboalarm.de/kuendigung-adresse/hausratversicherung/nuernberger-allg-versicherung,https://www.aboalarm.de/kuendigung-adresse/kfz-versicherung/nuernberger,https://www.aboalarm.de/kuendigung-adresse/krankenversicherung/nuernberger,https://www.aboalarm.de/kuendigung-adresse/krankenversicherung/nuernberger-sonstige-krankenzusatzversicherung,https://www.aboalarm.de/kuendigung-adresse/zeitung/nuernberger-nachrichten,https://www.aboalarm.de/kuendigung-adresse/krankenversicherung/nuernberger-pflegeversicherung,https://www.aboalarm.de/kuendigung-adresse/rechtsschutzversicherung/nuernberger,https://www.aboalarm.de/kuendigung-adresse/rentenversicherung/nuernberger-rentenversicherung,https://www.aboalarm.de/kuendigung-adresse/rentenversicherung/nuernberger-riester-rente,https://www.aboalarm.de/kuendigung-adresse/versicherung/nuernberger-sterbegeldversicherung,https://www.aboalarm.de/kuendigung-adresse/haftpflichtversicherung/nuernberger-tierhalterhaftpflichtversicherung,https://www.aboalarm.de/kuendigung-adresse/unfallversicherung/nuernberger-unfallversicherung,https://www.aboalarm.de/kuendigung-adresse/versicherung/nuernberger-wohngebaeudeversicherung,https://www.aboalarm.de/kuendigung-adresse/zahnzusatzversicherung/nuernberger</Weitere_Adressen_link><form_field>Versicherungsnummer</form_field><subject>Sehr geehrte Damen und Herren,</subject><letter_text>hiermit kündige ich meine oben genannte Lebensversicherung fristgerecht zum nächstmöglichen Zeitpunkt. Bitte senden Sie mir eine schriftliche Bestätigung der Kündigung unter Angabe des Beendigungszeitpunktes zu.</letter_text></item>
<item><category>Versicherung</category><source_url>https://www.aboalarm.de/kuendigung-adresse/lebensversicherung/gothaer</source_url><sub_category>Lebensversicherung</sub_category><company>Gothaer Lebensversicherung</company><full_address>Gothaer Lebensversicherung AG Arnoldiplatz 1 50969 Köln</full_address><address>Gothaer Lebensversicherung AG</address><city>Köln</city><zip>50969</zip><email>info@gothaer.de</email><website>http://www.gothaer.de</website><fax>055170157199</fax><hotline>055170157070</hotline><Weitere_Adressen_name>Gothaer Altersvorsorge,Gothaer Auslandskrankenversicherung,Gothaer Berufsunfähigkeitsversicherung,Gothaer Elektronikversicherung,Gothaer Erwerbsunfähigkeitsversicherung,Gothaer Glasversicherung,Gothaer Haftpflichtversicherung,Gothaer Haus-/Grundbesitzerhaftpflichtversicherung,Gothaer Hausratversicherung,Gothaer KFZ-Versicherung,Gothaer Krankenversicherung,Gothaer Pflegeversicherung,Gothaer Rechtsschutzversicherung,Gothaer Reisegepäckversicherung,Gothaer Rentenversicherung,Gothaer Riester-Rente,Gothaer Risiko-Lebensversicherung,Gothaer Schwere Krankheiten (Dread Disease) Versicherung,Gothaer Sterbegeldversicherung,Gothaer Tierhalterhaftpflichtversicherung,Gothaer Tierkrankenversicherung,Gothaer Unfallversicherung,Gothaer Wohngebäudeversicherung,Gothaer Zahnzusatzversicherung</Weitere_Adressen_name><Weitere_Adressen_link>https://www.aboalarm.de/kuendigung-adresse/rentenversicherung/gothaer-altersvorsorge,https://www.aboalarm.de/kuendigung-adresse/krankenversicherung/gothaer-auslandskrankenversicherung,https://www.aboalarm.de/kuendigung-adresse/berufsunfaehigkeitsversicherung/gothaer-berufsunfaehigkeitsversicherung,https://www.aboalarm.de/kuendigung-adresse/versicherung/gothaer-elektronikversicherung,https://www.aboalarm.de/kuendigung-adresse/rentenversicherung/gothaer-erwerbsunfaehigkeitsversicherung,https://www.aboalarm.de/kuendigung-adresse/versicherung/gothaer-glasversicherung,https://www.aboalarm.de/kuendigung-adresse/haftpflichtversicherung/gothaer,https://www.aboalarm.de/kuendigung-adresse/haftpflichtversicherung/gothaer-haus-grundbesitzerhaftpflichtversicherung,https://www.aboalarm.de/kuendigung-adresse/hausratversicherung/gothaer,https://www.aboalarm.de/kuendigung-adresse/kfz-versicherung/gothaer,https://www.aboalarm.de/kuendigung-adresse/krankenversicherung/gothaer,https://www.aboalarm.de/kuendigung-adresse/krankenversicherung/gothaer-pflegeversicherung,https://www.aboalarm.de/kuendigung-adresse/rechtsschutzversicherung/gothaer,https://www.aboalarm.de/kuendigung-adresse/reiseversicherung/gothaer,https://www.aboalarm.de/kuendigung-adresse/rentenversicherung/gothaer-rentenversicherung,https://www.aboalarm.de/kuendigung-adresse/rentenversicherung/gothaer-riester-rente,https://www.aboalarm.de/kuendigung-adresse/versicherung/gothaer-risiko-lebensversicherung,https://www.aboalarm.de/kuendigung-adresse/krankenversicherung/gothaer-schwere-krankheiten-dread-disease-versicherung,https://www.aboalarm.de/kuendigung-adresse/versicherung/gothaer-sterbegeldversicherung,https://www.aboalarm.de/kuendigung-adresse/haftpflichtversicherung/gothaer-tierhalterhaftpflichtversicherung,https://www.aboalarm.de/kuendigung-adresse/versicherung/gothaer-tierkrankenversicherung,https://www.aboalarm.de/kuendigung-adresse/unfallversicherung/gothaer,https://www.aboalarm.de/kuendigung-adresse/versicherung/gothaer-wohngebaeudeversicherung,https://www.aboalarm.de/kuendigung-adresse/zahnzusatzversicherung/gothaer</Weitere_Adressen_link><form_field>Versicherungsnummer</form_field><subject>Sehr geehrte Damen und Herren,</subject><letter_text>hiermit kündige ich meine oben genannte Lebensversicherung fristgerecht zum nächstmöglichen Zeitpunkt. Bitte senden Sie mir eine schriftliche Bestätigung der Kündigung unter Angabe des Beendigungszeitpunktes zu.</letter_text></item>
<item><category>Versicherung</category><source_url>https://www.aboalarm.de/kuendigung-adresse/berufsunfaehigkeitsversicherung/allianz</source_url><sub_category>Lebensversicherung</sub_category><company>Allianz Lebensversicherung</company><full_address>Allianz Lebensversicherungs-AG 10850 Berlin</full_address><address>Allianz Lebensversicherungs-AG</address><city>Berlin</city><zip>10850</zip><email>lebensversicherung@allianz.de</email><website>http://www.allianz.de</website><fax>08004400104</fax><hotline>08004100104</hotline><Weitere_Adressen_name>Allianz 24 Kfz-Versicherung,Allianz AktivDepot,Allianz Altersvorsorge,Allianz Auslandskrankenversicherung,Allianz Berufsunfähigkeitsversicherung,Allianz Direct Haftpflichtversicherung (ehemals AllSecur),Allianz Direct Hausratsversicherung (ehemals AllSecur),Allianz Direct KFZ-Versicherung (ehemals AllSecur),Allianz Direct Rechtsschutzversicherung (ehemals AllSecur),Allianz Direct Risiko-Lebensversicherung (ehemals AllSecur),Allianz Elektronikversicherung,Allianz Erwerbsunfähigkeitsversicherung,Allianz Fahrradversicherung,Allianz Glasversicherung,Allianz Global Investors,Allianz Haftpflichtversicherung,Allianz Haus-/Grundbesitzerhaftpflichtversicherung,Allianz Hausratversicherung,Allianz Immobilien-Rechtsschutzversicherung,Allianz Kfz-Versicherung,Allianz Krankenzusatzversicherung,Allianz Pensionskasse,Allianz Pflegeversicherung,Allianz Private Krankenversicherung,Allianz Rechtsschutzversicherung,Allianz Reisegepäckversicherung,Allianz Reiseunfallversicherung,Allianz Reiseversicherung (Allianz Global Assistance),Allianz Rentenversicherung,Allianz Riester-Rente,Allianz Risiko-Lebensversicherung,Allianz Schwere Krankheiten (Dread Disease),Allianz Sterbegeldversicherung,Allianz Tierhalterhaftpflichtversicherung,Allianz Travel,Allianz Unfallversicherung,Allianz Wohngebäudeversicherung,Allianz Zahnzusatzversicherung</Weitere_Adressen_name><Weitere_Adressen_link>https://www.aboalarm.de/kuendigung-adresse/kfz-versicherung/allianz-24,https://www.aboalarm.de/kuendigung-adresse/finanzen/allianz-aktivdepot,https://www.aboalarm.de/kuendigung-adresse/rentenversicherung/allianz-altersvorsorge,https://www.aboalarm.de/kuendigung-adresse/krankenversicherung/allianz-auslandskrankenversicherung,https://www.aboalarm.de/kuendigung-adresse/berufsunfaehigkeitsversicherung/allianz-berufsunfaehigkeitsversicherung,https://www.aboalarm.de/kuendigung-adresse/haftpflichtversicherung/allianz-direkt-haftpflichtversicherungallsecur,https://www.aboalarm.de/kuendigung-adresse/hausratversicherung/allianz-direkt-hausratversicherungallsecur,https://www.aboalarm.de/kuendigung-adresse/kfz-versicherung/allianz-direkt-kfz-versicherungallsecur,https://www.aboalarm.de/kuendigung-adresse/rechtsschutzversicherung/allsecur-rechtsschutzversicherung,https://www.aboalarm.de/kuendigung-adresse/lebensversicherung/allsecur-risiko-lebensversicherung,https://www.aboalarm.de/kuendigung-adresse/versicherung/allianz-elektronikversicherung,https://www.aboalarm.de/kuendigung-adresse/rentenversicherung/allianz-erwerbsunfaehigkeitsversicherung,https://www.aboalarm.de/kuendigung-adresse/versicherung/allianz-fahrradversicherung,https://www.aboalarm.de/kuendigung-adresse/versicherung/allianz-glasversicherung,https://www.aboalarm.de/kuendigung-adresse/sonstige/allianz-global-investors,https://www.aboalarm.de/kuendigung-adresse/haftpflichtversicherung/allianz,https://www.aboalarm.de/kuendigung-adresse/haftpflichtversicherung/allianz-haus-grundbesitzerhaftpflichtversicherung,https://www.aboalarm.de/kuendigung-adresse/hausratversicherung/allianz,https://www.aboalarm.de/kuendigung-adresse/rechtsschutzversicherung/allianz-immobilien-rechtsschutzversicherung,https://www.aboalarm.de/kuendigung-adresse/kfz-versicherung/allianz,https://www.aboalarm.de/kuendigung-adresse/krankenversicherung/allianz-sonstige-krankenzusatzversicherung,https://www.aboalarm.de/kuendigung-adresse/rentenversicherung/allianz-pensionskasse,https://www.aboalarm.de/kuendigung-adresse/versicherung/allianz-pflegeversicherung,https://www.aboalarm.de/kuendigung-adresse/krankenversicherung/allianz,https://www.aboalarm.de/kuendigung-adresse/rechtsschutzversicherung/allianz,https://www.aboalarm.de/kuendigung-adresse/reiseversicherung/allianz,https://www.aboalarm.de/kuendigung-adresse/unfallversicherung/allianz-reiseunfallversicherung,https://www.aboalarm.de/kuendigung-adresse/versicherung/allianz-aga-international,https://www.aboalarm.de/kuendigung-adresse/rentenversicherung/allianz,https://www.aboalarm.de/kuendigung-adresse/rentenversicherung/allianz-riester-rente,https://www.aboalarm.de/kuendigung-adresse/lebensversicherung/allianz-risiko,https://www.aboalarm.de/kuendigung-adresse/krankenversicherung/allianz-schwere-krankheiten-dread-disease,https://www.aboalarm.de/kuendigung-adresse/versicherung/allianz-sterbegeldversicherung,https://www.aboalarm.de/kuendigung-adresse/haftpflichtversicherung/allianz-tierhalterhaftpflichtversicherung,https://www.aboalarm.de/kuendigung-adresse/abonnement/allianz-reiseversicherung,https://www.aboalarm.de/kuendigung-adresse/unfallversicherung/allianz,https://www.aboalarm.de/kuendigung-adresse/versicherung/allianz-wohngebaeudeversicherung,https://www.aboalarm.de/kuendigung-adresse/zahnzusatzversicherung/allianz</Weitere_Adressen_link><form_field>Versicherungsnummer</form_field><subject>Sehr geehrte Damen und Herren,</subject><letter_text>hiermit kündige ich meine oben genannte Lebensversicherung fristgerecht zum nächstmöglichen Zeitpunkt. Bitte senden Sie mir eine schriftliche Bestätigung der Kündigung unter Angabe des Beendigungszeitpunktes zu.</letter_text></item>
</items>