<?xml version="1.0" encoding="utf-8"?>
<items>
<item><category>Abonnement</category><source_url>https://www.aboalarm.de/kuendigung-adresse/lotterie/westdeutsche-lotterie</source_url><sub_category>Lotterie</sub_category><company>Westdeutsche Lotterie</company><full_address>Westdeutsche Lotterie GmbH &amp; Co. OHG Weseler Straße 108 - 112 48151 Münster</full_address><address>Westdeutsche Lotterie GmbH &amp; Co. OHG</address><city>Münster</city><zip>48151</zip><email>info@westlotto.com</email><website>https://www.westlotto.com</website><fax>0251 7006-1599</fax><hotline>0251 7006-01</hotline><Weitere_Adressen_name></Weitere_Adressen_name><Weitere_Adressen_link></Weitere_Adressen_link><form_field>Kundennummer</form_field><subject>Sehr geehrte Damen und Herren,</subject><letter_text>hiermit kündige ich meinen Westdeutsche Lotterie-Vertrag fristgerecht zum nächstmöglichen Zeitpunkt. Bitte senden Sie mir eine schriftliche Bestätigung der Kündigung unter Angabe des Beendigungszeitpunktes zu.</letter_text></item>
<item><category>Abonnement</category><source_url>https://www.aboalarm.de/kuendigung-adresse/lotterie/lotto-niedersachsen</source_url><sub_category>Lotterie</sub_category><company>Lotto Niedersachsen</company><full_address>Toto-Lotto Niedersachsen GmbH Am TÜV 2 + 4 30519 Hannover</full_address><address>Toto-Lotto Niedersachsen GmbH</address><city>Hannover</city><zip>30519</zip><email>info@lotto-niedersachsen.de</email><website>http://www.lotto-niedersachsen.de</website><fax>0511 8402341</fax><hotline>0511 84020</hotline><Weitere_Adressen_name></Weitere_Adressen_name><Weitere_Adressen_link></Weitere_Adressen_link><form_field>Kundennummer</form_field><subject>Sehr geehrte Damen und Herren,</subject><letter_text>hiermit kündige ich meinen Lotto Niedersachsen-Vertrag fristgerecht zum nächstmöglichen Zeitpunkt. Bitte senden Sie mir eine schriftliche Bestätigung der Kündigung unter Angabe des Beendigungszeitpunktes zu.</letter_text></item>
<item><category>Abonnement</category><source_url>https://www.aboalarm.de/kuendigung-adresse/lotterie/lotto-bayern</source_url><sub_category>Lotterie</sub_category><company>Lotto Bayern</company><full_address>Staatliche Lotterieverwaltung in Bayern Postfach 201953 80019 München</full_address><address>Staatliche Lotterieverwaltung in Bayern</address><city>München</city><zip>80019</zip><email>info@lotto-bayern.de</email><website>http://www.lotto-bayern.de</website><fax>08928655596</fax><hotline>0800 0 898899</hotline><Weitere_Adressen_name></Weitere_Adressen_name><Weitere_Adressen_link></Weitere_Adressen_link><form_field>Kundennummer</form_field><subject>Sehr geehrte Damen und Herren,</subject><letter_text>hiermit kündige ich meinen Lotto Bayern-Vertrag fristgerecht zum nächstmöglichen Zeitpunkt. Bitte senden Sie mir eine schriftliche Bestätigung der Kündigung unter Angabe des Beendigungszeitpunktes zu.</letter_text></item>
<item><category>Abonnement</category><source_url>https://www.aboalarm.de/kuendigung-adresse/lotterie/ard-deutsche-fernsehlotterie</source_url><sub_category>Lotterie</sub_category><company>Deutsche Fernsehlotterie</company><full_address>Deutsche Fernsehlotterie GmbH Axel-Springer-Platz 3 20355 Hamburg</full_address><address>Deutsche Fernsehlotterie GmbH</address><city>Hamburg</city><zip>20355</zip><email>info@fernsehlotterie.de</email><website>http://www.fernsehlotterie.de</website><fax>04041410464</fax><hotline>0404141040</hotline><Weitere_Adressen_name></Weitere_Adressen_name><Weitere_Adressen_link></Weitere_Adressen_link><form_field>Kundennummer</form_field><subject>Sehr geehrte Damen und Herren,</subject><letter_text>hiermit kündige ich meinen Deutsche Fernsehlotterie-Vertrag fristgerecht zum nächstmöglichen Zeitpunkt. Bitte senden Sie mir eine schriftliche Bestätigung der Kündigung unter Angabe des Beendigungszeitpunktes zu.</letter_text></item>
<item><category>Abonnement</category><source_url>https://www.aboalarm.de/kuendigung-adresse/lotterie/faber-lotto-service</source_url><sub_category>Lotterie</sub_category><company>FABER Lotto-Service</company><full_address>FABER Lotto GmbH &amp; Co. KG Markstraße 79 44801 Bochum</full_address><address>FABER Lotto GmbH &amp; Co. KG</address><city>Bochum</city><zip>44801</zip><email>service@faber.de</email><website>http://www.faber.de</website><fax>None</fax><hotline>0234 9383 333</hotline><Weitere_Adressen_name></Weitere_Adressen_name><Weitere_Adressen_link></Weitere_Adressen_link><form_field>Kundennummer</form_field><subject>Sehr geehrte Damen und Herren,</subject><letter_text>hiermit kündige ich meinen Vertrag fristgerecht zum nächstmöglichen Zeitpunkt. Bitte senden Sie mir eine schriftliche Bestätigung der Kündigung unter Angabe des Beendigungszeitpunktes zu.</letter_text></item>
</items>