<?xml version="1.0" encoding="utf-8"?>
<items>
<item><category>Online-Dienst</category><source_url>https://www.aboalarm.de/kuendigung-adresse/mail-service/web-de-club</source_url><sub_category>domain</sub_category><company>WEB.DE Club</company><full_address>1&amp;1 Mail &amp; Media GmbH WEB.DE Kundenservice Brauerstraße 48 76135 Karlsruhe</full_address><address>1&amp;1 Mail &amp; Media GmbH</address><city>48</city><zip>Brauerstraße</zip><email>kundencenter@web.de</email><website>http://www.web.de</website><fax>0721 960 80 40</fax><hotline>0721/ 960 5776</hotline><Weitere_Adressen_name></Weitere_Adressen_name><Weitere_Adressen_link></Weitere_Adressen_link><form_field>E-Mail Adresse,Kundennummer</form_field><subject>Sehr geehrte Damen und Herren,</subject><letter_text>hiermit kündige ich meinen Vertrag fristgerecht zum nächstmöglichen Zeitpunkt. Bitte senden Sie mir eine schriftliche Bestätigung der Kündigung unter Angabe des Beendigungszeitpunktes zu.</letter_text></item>
<item><category>Online-Dienst</category><source_url>https://www.aboalarm.de/kuendigung-adresse/mail-service/gmx-topmail</source_url><sub_category>domain</sub_category><company>GMX TopMail</company><full_address>1&amp;1 Mail &amp; Media GmbH GMX Kundenservice Brauerstraße 48 76135 Karlsruhe</full_address><address>1&amp;1 Mail &amp; Media GmbH</address><city>48</city><zip>Brauerstraße</zip><email>meinkundencenter@gmxnet.de</email><website>http://www.gmx.net</website><fax>03212/100-6892</fax><hotline>0 721/ 960-5895</hotline><Weitere_Adressen_name></Weitere_Adressen_name><Weitere_Adressen_link></Weitere_Adressen_link><form_field>Email-Adresse,Kundennummer (unter \"Mein Account\")</form_field><subject>Sehr geehrte Damen und Herren,</subject><letter_text>hiermit kündige ich meinen Vertrag fristgerecht zum nächstmöglichen Zeitpunkt. Bitte senden Sie mir eine schriftliche Bestätigung der Kündigung unter Angabe des Beendigungszeitpunktes zu.</letter_text></item>
<item><category>Online-Dienst</category><source_url>https://www.aboalarm.de/kuendigung-adresse/mail-service/gmx-promail</source_url><sub_category>domain</sub_category><company>GMX ProMail</company><full_address>1&amp;1 Mail &amp; Media GmbH GMX Kundenservice Brauerstraße 48 76135 Karlsruhe</full_address><address>1&amp;1 Mail &amp; Media GmbH</address><city>48</city><zip>Brauerstraße</zip><email>meinkundencenter@gmxnet.de</email><website>http://www.gmx.net</website><fax>03212/100-6892</fax><hotline>0721/ 960-5895</hotline><Weitere_Adressen_name></Weitere_Adressen_name><Weitere_Adressen_link></Weitere_Adressen_link><form_field>Email-Adresse,Kundennummer (unter \"Mein Account\")</form_field><subject>Sehr geehrte Damen und Herren,</subject><letter_text>hiermit kündige ich meinen Vertrag fristgerecht zum nächstmöglichen Zeitpunkt. Bitte senden Sie mir eine schriftliche Bestätigung der Kündigung unter Angabe des Beendigungszeitpunktes zu.</letter_text></item>
<item><category>Online-Dienst</category><source_url>https://www.aboalarm.de/kuendigung-adresse/mail-service/freenet-mail</source_url><sub_category>domain</sub_category><company>Freenet Mail</company><full_address>freenet Dienste - Kundenservice - Postfach 99076 Erfurt</full_address><address>freenet Dienste - Kundenservice -</address><city>Erfurt</city><zip>99076</zip><email>None</email><website>http://www.freenet.de</website><fax>01803030310</fax><hotline>040 348 584 455</hotline><Weitere_Adressen_name></Weitere_Adressen_name><Weitere_Adressen_link></Weitere_Adressen_link><form_field>Kundennummer,Login-Name</form_field><subject>Sehr geehrte Damen und Herren,</subject><letter_text>hiermit kündige ich meinen Vertrag fristgerecht zum nächstmöglichen Zeitpunkt. Bitte senden Sie mir eine schriftliche Bestätigung der Kündigung unter Angabe des Beendigungszeitpunktes zu.</letter_text></item>
</items>