<?xml version="1.0" encoding="utf-8"?>
<items>
<item><category>Online-Dienst</category><source_url>https://www.aboalarm.de/kuendigung-adresse/musik-streaming/spotify</source_url><sub_category>Musik-Streaming</sub_category><company>Spotify</company><full_address>Spotify GmbH Leipziger Straße 125 10117 Berlin</full_address><address>Spotify GmbH</address><city>Berlin</city><zip>10117</zip><email>kundendienst_de@spotify.com</email><website>http://www.spotify.com</website><fax>030 5770 2443</fax><hotline></hotline><Weitere_Adressen_name></Weitere_Adressen_name><Weitere_Adressen_link></Weitere_Adressen_link><form_field>E-Mail-Adresse</form_field><subject>Sehr geehrte Damen und Herren,</subject><letter_text>hiermit kündige ich mein oben genanntes Abonnement fristgerecht zum nächstmöglichen Zeitpunkt. Bitte senden Sie mir eine  schriftliche Bestätigung der Kündigung unter Angabe des Beendigungszeitpunktes zu.</letter_text></item>
<item><category>Online-Dienst</category><source_url>https://www.aboalarm.de/kuendigung-adresse/musik-streaming/napster</source_url><sub_category>Musik-Streaming</sub_category><company>Napster</company><full_address>Napster Luxembourg S.à r.l. 60, Route de Luxembourg L-5408 Bous Luxemburg</full_address><address>Napster Luxembourg S.à r.l.</address><city>Bous</city><zip>L-5408</zip><email>info@napster.de</email><website>http://www.napster.de</website><fax>None</fax><hotline></hotline><Weitere_Adressen_name></Weitere_Adressen_name><Weitere_Adressen_link></Weitere_Adressen_link><form_field>E-Mail-Adresse,Username</form_field><subject>Sehr geehrte Damen und Herren,</subject><letter_text>hiermit kündige ich meinen Vertrag fristgerecht zum nächstmöglichen Zeitpunkt. Bitte senden Sie mir eine schriftliche Bestätigung der Kündigung unter Angabe des Beendigungszeitpunktes zu.</letter_text></item>
<item><category>Online-Dienst</category><source_url>https://www.aboalarm.de/kuendigung-adresse/musik-streaming/musicmonster-fm</source_url><sub_category>Musik-Streaming</sub_category><company>MusicMonster.FM</company><full_address>DEMEKON Entertainment AG MusicMonster.FM Friedrich-Herschel-Str. 5 81679 München</full_address><address>DEMEKON Entertainment AG</address><city>5</city><zip>Friedrich-Herschel-Str.</zip><email>kundenservice@demekon-ag.de</email><website>http://www.musicmonster.fm</website><fax>(0)89 452420402</fax><hotline>(0)89 452420400</hotline><Weitere_Adressen_name></Weitere_Adressen_name><Weitere_Adressen_link></Weitere_Adressen_link><form_field>Kundennummer</form_field><subject>Sehr geehrte Damen und Herren,</subject><letter_text>hiermit kündige ich meinen MusicMonster.FM-Vertrag fristgerecht zum nächstmöglichen Zeitpunkt. Bitte senden Sie mir eine schriftliche Bestätigung der Kündigung unter Angabe des Beendigungszeitpunktes zu.</letter_text></item>
<item><category>Online-Dienst</category><source_url>https://www.aboalarm.de/kuendigung-adresse/musik-streaming/gracenote</source_url><sub_category>Musik-Streaming</sub_category><company>Gracenote</company><full_address>Gracenote GmbH Carl-Zeiss-Ring 19 85737 Ismaning</full_address><address>Gracenote GmbH</address><city>Ismaning</city><zip>85737</zip><email>-</email><website>None</website><fax>089961183105</fax><hotline>0899611830</hotline><Weitere_Adressen_name></Weitere_Adressen_name><Weitere_Adressen_link></Weitere_Adressen_link><form_field>Kundennummer</form_field><subject>Sehr geehrte Damen und Herren,</subject><letter_text>hiermit kündige ich meinen Gracenote-Vertrag fristgerecht zum nächstmöglichen Zeitpunkt. Bitte senden Sie mir eine schriftliche Bestätigung der Kündigung unter Angabe des Beendigungszeitpunktes zu.</letter_text></item>
</items>