<?xml version="1.0" encoding="utf-8"?>
<items>
<item><category>Bus-/Bahn-Ticket</category><source_url>https://www.aboalarm.de/kuendigung-adresse/bus-bahn-ticket/vvs-verkehrs-und-tarifverbund-stuttgart</source_url><sub_category>Nahverkehr</sub_category><company>VVS Verkehrs- und Tarifverbund Stuttgart</company><full_address>Verkehrs- und Tarifverbund Stuttgart GmbH (VVS) Rotebühlstraße 121 70178 Stuttgart</full_address><address>Verkehrs- und Tarifverbund Stuttgart GmbH (VVS)</address><city>Stuttgart</city><zip>70178</zip><email>abo-vvs@bahn.de</email><website>http://www.vvs.de</website><fax>069 26557413</fax><hotline>0711 76 16 41 93</hotline><Weitere_Adressen_name></Weitere_Adressen_name><Weitere_Adressen_link></Weitere_Adressen_link><form_field>Kundennummer</form_field><subject>Sehr geehrte Damen und Herren,</subject><letter_text>hiermit kündige ich meinen oben genannten Fahrausweis fristgerecht zum nächstmöglichen Zeitpunkt. Bitte senden Sie mir eine schriftliche Bestätigung der Kündigung unter Angabe des Beendigungszeitpunktes zu.</letter_text></item>
<item><category>Bus-/Bahn-Ticket</category><source_url>https://www.aboalarm.de/kuendigung-adresse/bus-bahn-ticket/vrn-verkehrsverbund-rhein-neckar</source_url><sub_category>Nahverkehr</sub_category><company>VRN Verkehrsverbund Rhein-Neckar</company><full_address>Verkehrsverbund Rhein-Neckar GmbH B1 3-5 68159 Mannheim</full_address><address>Verkehrsverbund Rhein-Neckar GmbH</address><city>Mannheim</city><zip>68159</zip><email>info@vrn.de</email><website>http://www.vrn.de</website><fax>0621 107 70170</fax><hotline>0621-10770-0</hotline><Weitere_Adressen_name></Weitere_Adressen_name><Weitere_Adressen_link></Weitere_Adressen_link><form_field>Kundennummer,Verkehrsunternehmen (siehe Logo auf dem Ticket)</form_field><subject>Sehr geehrte Damen und Herren,</subject><letter_text>hiermit kündige ich meinen oben genannten Fahrausweis fristgerecht zum nächstmöglichen Zeitpunkt. Bitte senden Sie mir eine schriftliche Bestätigung der Kündigung unter Angabe des Beendigungszeitpunktes zu.</letter_text></item>
<item><category>Bus-/Bahn-Ticket</category><source_url>https://www.aboalarm.de/kuendigung-adresse/bus-bahn-ticket/vrl-verkehrsgemeinschaft-ruhr-lippe</source_url><sub_category>Nahverkehr</sub_category><company>VRL Verkehrsgemeinschaft Ruhr-Lippe</company><full_address>Verkehrsgemeinschaft Ruhr-Lippe Bahnhofstraße 15 48143 Münster</full_address><address>Verkehrsgemeinschaft Ruhr-Lippe</address><city>Münster</city><zip>48143</zip><email>info@vgm-vrl.de</email><website>http://www.ruhr-lippe-tarif.de/</website><fax>None</fax><hotline></hotline><Weitere_Adressen_name></Weitere_Adressen_name><Weitere_Adressen_link></Weitere_Adressen_link><form_field>Kundennummer</form_field><subject>Sehr geehrte Damen und Herren,</subject><letter_text>hiermit kündige ich meinen oben genannten Fahrausweis fristgerecht zum nächstmöglichen Zeitpunkt. Bitte senden Sie mir eine schriftliche Bestätigung der Kündigung unter Angabe des Beendigungszeitpunktes zu.</letter_text></item>
<item><category>Bus-/Bahn-Ticket</category><source_url>https://www.aboalarm.de/kuendigung-adresse/bus-bahn-ticket/rvf-regio-verkehrsverbund-freiburg</source_url><sub_category>Nahverkehr</sub_category><company>RVF Regio-Verkehrsverbund Freiburg</company><full_address>Freiburger Verkehrs AG (VAG) AboCenter Postfach 100353 79122 Freiburg</full_address><address>Freiburger Verkehrs AG (VAG)</address><city>100353</city><zip>Postfach</zip><email>abo@vagfr.de</email><website>http://www.rvf.de</website><fax>0761 4511-801</fax><hotline>0761 4511-450</hotline><Weitere_Adressen_name></Weitere_Adressen_name><Weitere_Adressen_link></Weitere_Adressen_link><form_field>Kundennummer</form_field><subject>Sehr geehrte Damen und Herren,</subject><letter_text>hiermit kündige ich meinen oben genannten Fahrausweis fristgerecht zum nächstmöglichen Zeitpunkt. Bitte senden Sie mir eine schriftliche Bestätigung der Kündigung unter Angabe des Beendigungszeitpunktes zu.</letter_text></item>
<item><category>Bus-/Bahn-Ticket</category><source_url>https://www.aboalarm.de/kuendigung-adresse/bus-bahn-ticket/rmv</source_url><sub_category>Nahverkehr</sub_category><company>RMV Rhein-Main-Verkehrsverbund</company><full_address>Rhein-Main-Verkehrsverbund GmbH Alte Bleiche 5 65719 Hofheim am Taunus</full_address><address>Rhein-Main-Verkehrsverbund GmbH</address><city>Hofheim</city><zip>65719</zip><email>rmv@rmv.de</email><website>http://www.rmv.de</website><fax>06192294900</fax><hotline>(0 61 92) 2 94-0</hotline><Weitere_Adressen_name></Weitere_Adressen_name><Weitere_Adressen_link></Weitere_Adressen_link><form_field>Kundennummer</form_field><subject>Sehr geehrte Damen und Herren,</subject><letter_text>hiermit kündige ich meinen oben genannten Fahrausweis fristgerecht zum nächstmöglichen Zeitpunkt. Bitte senden Sie mir eine schriftliche Bestätigung der Kündigung unter Angabe des Beendigungszeitpunktes zu.</letter_text></item>
<item><category>Bus-/Bahn-Ticket</category><source_url>https://www.aboalarm.de/kuendigung-adresse/bus-bahn-ticket/gvh-grossraum-verkehr-hannover</source_url><sub_category>Nahverkehr</sub_category><company>GVH Großraum-Verkehr Hannover</company><full_address>üstra Hannoversche Verkehrsbetriebe AG Abonnement-Zentrale Postfach 2540 30025 Hannover</full_address><address>üstra Hannoversche Verkehrsbetriebe AG Abonnement-Zentrale</address><city>Hannover</city><zip>30025</zip><email>abozentrale@uestra.de</email><website>http://www.gvh.de</website><fax>051116682349</fax><hotline>05111668-0</hotline><Weitere_Adressen_name>GVH Gasversorgung Haar</Weitere_Adressen_name><Weitere_Adressen_link>https://www.aboalarm.de/kuendigung-adresse/energie/gvh-gasversorgung-haar</Weitere_Adressen_link><form_field>Kundennummer</form_field><subject>Sehr geehrte Damen und Herren,</subject><letter_text>hiermit kündige ich meinen oben genannten Fahrausweis fristgerecht zum nächstmöglichen Zeitpunkt. Bitte senden Sie mir eine schriftliche Bestätigung der Kündigung unter Angabe des Beendigungszeitpunktes zu.</letter_text></item>
<item><category>Bus-/Bahn-Ticket</category><source_url>https://www.aboalarm.de/kuendigung-adresse/bus-bahn-ticket/hvv-hamburger-verkehrsverbund</source_url><sub_category>Nahverkehr</sub_category><company>HVV Hamburger Verkehrsverbund</company><full_address>Hamburger Hochbahn AG Abteilung Service und Verkauf Postfach 10 27 20 20019 Hamburg</full_address><address>Hamburger Hochbahn AG</address><city>10</city><zip>Postfach</zip><email>kundenservice@hochbahn.de</email><website>http://www.hvv.de</website><fax>040 / 3288-2699</fax><hotline>(040) 3288-4583</hotline><Weitere_Adressen_name></Weitere_Adressen_name><Weitere_Adressen_link></Weitere_Adressen_link><form_field>Kundennummer</form_field><subject>Sehr geehrte Damen und Herren,</subject><letter_text>hiermit kündige ich meinen oben genannten Fahrausweis fristgerecht zum nächstmöglichen Zeitpunkt. Bitte senden Sie mir eine schriftliche Bestätigung der Kündigung unter Angabe des Beendigungszeitpunktes zu.</letter_text></item>
</items>