<?xml version="1.0" encoding="utf-8"?>
<items>
<item><category>Online-Dienst</category><source_url>https://www.aboalarm.de/kuendigung-adresse/online-dating/treffpunkt18</source_url><sub_category>online-dating</sub_category><company>treffpunkt18</company><full_address>Casual Networks B.V. Frans Erensstraat 14 A 5921 VG Venlo Niederlande</full_address><address>Casual Networks B.V.</address><city>VG</city><zip>5921</zip><email>support@treffpunkt18.de</email><website>http://www.treffpunkt18.de</website><fax>None</fax><hotline>0043 1 361970099</hotline><Weitere_Adressen_name></Weitere_Adressen_name><Weitere_Adressen_link></Weitere_Adressen_link><form_field>Registrierte E-Mail-Adresse,Benutzername</form_field><subject>Sehr geehrte Damen und Herren,</subject><letter_text>hiermit mache ich von meinem Widerrufsrecht Gebrauch und widerrufe meinen oben genannten Vertrag innerhalb der gesetzlichen Frist. Hilfsweise kündige ich diesen fristgerecht zum nächstmöglichen Zeitpunkt.</letter_text></item>
<item><category>Online-Dienst</category><source_url>https://www.aboalarm.de/kuendigung-adresse/online-dating/partner-de</source_url><sub_category>online-dating</sub_category><company>Partner.de</company><full_address>NEU.DE GmbH Weihenstephaner Str. 7 81673 München</full_address><address>NEU.DE GmbH</address><city>München</city><zip>81673</zip><email>kundenservice@help.partner.de</email><website>http://www.partner.de</website><fax>089 12 50 12 942</fax><hotline>08920300780</hotline><Weitere_Adressen_name></Weitere_Adressen_name><Weitere_Adressen_link></Weitere_Adressen_link><form_field>Login-ID,E-Mail-Adresse</form_field><subject>Sehr geehrte Damen und Herren,</subject><letter_text>hiermit kündige ich meine Partner.de-Mitgliedschaft fristgerecht zum nächstmöglichen Zeitpunkt. Bitte senden Sie mir eine schriftliche Bestätigung der Kündigung unter Angabe des Beendigungszeitpunktes zu.</letter_text></item>
<item><category>Online-Dienst</category><source_url>https://www.aboalarm.de/kuendigung-adresse/online-dating/parship</source_url><sub_category>online-dating</sub_category><company>PARSHIP</company><full_address>PE Digital GmbH Kundenservice Parship Speersort 10 20095 Hamburg</full_address><address>PE Digital GmbH</address><city>10</city><zip>Speersort</zip><email>info@parship.de</email><website>http://www.parship.de</website><fax>040460026596</fax><hotline>040 637 904 91</hotline><Weitere_Adressen_name>Parship.ch</Weitere_Adressen_name><Weitere_Adressen_link>https://www.aboalarm.de/kuendigung-adresse/online-dating/parship-ch</Weitere_Adressen_link><form_field>E-Mail-Adresse,Chiffre,Service Passwort</form_field><subject>Sehr geehrte Damen und Herren,</subject><letter_text>hiermit kündige ich meine PARSHIP-Mitgliedschaft fristgerecht zum nächstmöglichen Zeitpunkt. Bitte senden Sie mir eine schriftliche Bestätigung der Kündigung unter Angabe des Beendigungszeitpunktes zu.</letter_text></item>
<item><category>Online-Dienst</category><source_url>https://www.aboalarm.de/kuendigung-adresse/online-dating/neu-de</source_url><sub_category>online-dating</sub_category><company>Neu.de</company><full_address>NEU.DE GmbH Weihenstephanerstr. 7 81673 München</full_address><address>NEU.DE GmbH</address><city>München</city><zip>81673</zip><email>kundenservice@help.neu.de</email><website>http://www.neu.de</website><fax>089125012942</fax><hotline>(0) 89 21094492</hotline><Weitere_Adressen_name></Weitere_Adressen_name><Weitere_Adressen_link></Weitere_Adressen_link><form_field>Mitgliedsnummer,E-Mail-Adresse</form_field><subject>Sehr geehrte Damen und Herren,</subject><letter_text>hiermit kündige ich meine Neu.de-Mitgliedschaft fristgerecht zum nächstmöglichen Zeitpunkt. Bitte senden Sie mir eine schriftliche Bestätigung der Kündigung unter Angabe des Beendigungszeitpunktes zu.</letter_text></item>
<item><category>Online-Dienst</category><source_url>https://www.aboalarm.de/kuendigung-adresse/online-dating/lovescout24-frueher-friendscout24</source_url><sub_category>online-dating</sub_category><company>LoveScout24</company><full_address>FriendScout24 GmbH Weihenstephaner Str. 7 81673 München</full_address><address>FriendScout24 GmbH</address><city>München</city><zip>81673</zip><email>kundenservice@lovescout24.de</email><website>https://www.lovescout24.de/</website><fax>089125012941</fax><hotline></hotline><Weitere_Adressen_name></Weitere_Adressen_name><Weitere_Adressen_link></Weitere_Adressen_link><form_field>Benutzername,E-Mail-Adresse</form_field><subject>Sehr geehrte Damen und Herren,</subject><letter_text>hiermit kündige ich meine LoveScout-Mitgliedschaft fristgerecht zum nächstmöglichen Zeitpunkt. Bitte senden Sie mir eine schriftliche Bestätigung der Kündigung unter Angabe des Beendigungszeitpunktes zu.</letter_text></item>
<item><category>Online-Dienst</category><source_url>https://www.aboalarm.de/kuendigung-adresse/online-dating/lovepoint</source_url><sub_category>online-dating</sub_category><company>Lovepoint</company><full_address>Networld Projects GmbH Postfach 101129 64211 Darmstadt</full_address><address>Networld Projects GmbH</address><city>Darmstadt</city><zip>64211</zip><email>support@lovepoint.de</email><website>http://www.lovepoint.de</website><fax>None</fax><hotline>06151-976860</hotline><Weitere_Adressen_name></Weitere_Adressen_name><Weitere_Adressen_link></Weitere_Adressen_link><form_field>Benutzername,E-Mail-Adresse</form_field><subject>Sehr geehrte Damen und Herren,</subject><letter_text>hiermit mache ich von meinem Widerrufsrecht Gebrauch und widerrufe meinen oben genannten Vertrag innerhalb der gesetzlichen Frist. Hilfsweise kündige ich diesen fristgerecht zum nächstmöglichen Zeitpunkt.</letter_text></item>
<item><category>Online-Dienst</category><source_url>https://www.aboalarm.de/kuendigung-adresse/online-dating/liebe-de</source_url><sub_category>online-dating</sub_category><company>Liebe.de</company><full_address>„Dating Cafe“ Online GmbH Liebe.de Wendenstraße 21b 20097 Hamburg</full_address><address>„Dating Cafe“ Online GmbH</address><city>21b</city><zip>Wendenstraße</zip><email>support@datingcafe.de</email><website>http://www.liebe.de</website><fax>040 797 55 66 55</fax><hotline>040 797 55 66 0</hotline><Weitere_Adressen_name></Weitere_Adressen_name><Weitere_Adressen_link></Weitere_Adressen_link><form_field>Benutzername,E-Mail-Adresse</form_field><subject>Sehr geehrte Damen und Herren,</subject><letter_text>hiermit mache ich von meinem Widerrufsrecht Gebrauch und widerrufe meinen oben genannten Vertrag innerhalb der gesetzlichen Frist. Hilfsweise kündige ich diesen fristgerecht zum nächstmöglichen Zeitpunkt.</letter_text></item>
<item><category>Online-Dienst</category><source_url>https://www.aboalarm.de/kuendigung-adresse/online-dating/ilove</source_url><sub_category>online-dating</sub_category><company>iLove</company><full_address>iLove GmbH Karl-Liebknecht-Straße 32 10178 Berlin</full_address><address>iLove GmbH</address><city>Berlin</city><zip>10178</zip><email>info-de@ilove.net</email><website>http://www.ilove.de</website><fax>None</fax><hotline>01805555115</hotline><Weitere_Adressen_name></Weitere_Adressen_name><Weitere_Adressen_link></Weitere_Adressen_link><form_field>Handynummer,Benutzername,E-Mail-Adresse</form_field><subject>Sehr geehrte Damen und Herren,</subject><letter_text>hiermit mache ich von meinem Widerrufsrecht Gebrauch und widerrufe meinen oben genannten Vertrag innerhalb der gesetzlichen Frist. Hilfsweise kündige ich diesen fristgerecht zum nächstmöglichen Zeitpunkt.</letter_text></item>
<item><category>Online-Dienst</category><source_url>https://www.aboalarm.de/kuendigung-adresse/online-dating/flirtfair</source_url><sub_category>online-dating</sub_category><company>flirtfair</company><full_address>Casual Networks B.V. Frans Erensstraat 14 A 5921 VG Venlo Niederlande</full_address><address>Casual Networks B.V.</address><city>VG</city><zip>5921</zip><email>support@flirtfair.de</email><website>http://www.flirtfair.de</website><fax>None</fax><hotline>0043 1 361970099</hotline><Weitere_Adressen_name></Weitere_Adressen_name><Weitere_Adressen_link></Weitere_Adressen_link><form_field>E-Mail-Adresse,Benutzername</form_field><subject>Sehr geehrte Damen und Herren,</subject><letter_text>hiermit mache ich von meinem Widerrufsrecht Gebrauch und widerrufe meinen oben genannten Vertrag innerhalb der gesetzlichen Frist. Hilfsweise kündige ich diesen fristgerecht zum nächstmöglichen Zeitpunkt.</letter_text></item>
<item><category>Online-Dienst</category><source_url>https://www.aboalarm.de/kuendigung-adresse/online-dating/flirtcafe</source_url><sub_category>online-dating</sub_category><company>Flirtcafe</company><full_address>Flirtcafe Online GmbH Am Kielsgraben 8 40789 Monheim am Rhein</full_address><address>Flirtcafe Online GmbH</address><city>Monheim</city><zip>40789</zip><email>support@flirtcafe.de</email><website>http://www.flirtcafe.de</website><fax>018052300174</fax><hotline>01805 2300174</hotline><Weitere_Adressen_name></Weitere_Adressen_name><Weitere_Adressen_link></Weitere_Adressen_link><form_field>Benutzername,E-Mail Adresse</form_field><subject>Sehr geehrte Damen und Herren,</subject><letter_text>hiermit mache ich von meinem Widerrufsrecht Gebrauch und widerrufe meinen oben genannten Vertrag innerhalb der gesetzlichen Frist. Hilfsweise kündige ich diesen fristgerecht zum nächstmöglichen Zeitpunkt.</letter_text></item>
<item><category>Online-Dienst</category><source_url>https://www.aboalarm.de/kuendigung-adresse/online-dating/flirt-fever-de</source_url><sub_category>online-dating</sub_category><company>flirt-fever.de</company><full_address>Prebyte Media GmbH flirt-fever.de Supportcenter Friedrichstraße 55 39218 Schönebeck</full_address><address>Prebyte Media GmbH</address><city>55</city><zip>Friedrichstraße</zip><email>kundenservicesupport@prebyte-media.de</email><website>http://www.flirt-fever.de</website><fax>01805037503</fax><hotline>03928421670</hotline><Weitere_Adressen_name></Weitere_Adressen_name><Weitere_Adressen_link></Weitere_Adressen_link><form_field>Benutzername,registrierte Emailadresse,Sicherheitscode</form_field><subject>Sehr geehrte Damen und Herren,</subject><letter_text>hiermit mache ich von meinem Widerrufsrecht Gebrauch und widerrufe meinen oben genannten Vertrag innerhalb der gesetzlichen Frist. Hilfsweise kündige ich diesen fristgerecht zum nächstmöglichen Zeitpunkt.</letter_text></item>
<item><category>Online-Dienst</category><source_url>https://www.aboalarm.de/kuendigung-adresse/online-dating/first-affair</source_url><sub_category>online-dating</sub_category><company>First Affair</company><full_address>netforge GmbH &amp; Co. KG Customer Support Ehrenbergstraße 16a / Scanbox 03607 10245 Berlin</full_address><address>netforge GmbH &amp; Co. KG</address><city>16a</city><zip>Ehrenbergstraße</zip><email>None</email><website>http://www.firstaffair.com/de/</website><fax>03060981348</fax><hotline></hotline><Weitere_Adressen_name></Weitere_Adressen_name><Weitere_Adressen_link></Weitere_Adressen_link><form_field>Benutzername,E-Mail-Adresse</form_field><subject>Sehr geehrte Damen und Herren,</subject><letter_text>hiermit mache ich von meinem Widerrufsrecht Gebrauch und widerrufe meinen oben genannten Vertrag innerhalb der gesetzlichen Frist. Hilfsweise kündige ich diesen fristgerecht zum nächstmöglichen Zeitpunkt.</letter_text></item>
<item><category>Online-Dienst</category><source_url>https://www.aboalarm.de/kuendigung-adresse/online-dating/elitepartner</source_url><sub_category>online-dating</sub_category><company>ElitePartner</company><full_address>PE Digital GmbH Kundenservice ElitePartner Speersort 10 20095 Hamburg</full_address><address>PE Digital GmbH</address><city>10</city><zip>Speersort</zip><email>Info@ElitePartner.de</email><website>http://www.elitepartner.de</website><fax>(0) 40 600095-95</fax><hotline>(0) 40 469785-26</hotline><Weitere_Adressen_name></Weitere_Adressen_name><Weitere_Adressen_link></Weitere_Adressen_link><form_field>Benutzername,E-Mail-Adresse</form_field><subject>Sehr geehrte Damen und Herren,</subject><letter_text>hiermit kündige ich meine ElitePartner-Mitgliedschaft fristgerecht zum nächstmöglichen Zeitpunkt. Bitte senden Sie mir eine schriftliche Bestätigung der Kündigung unter Angabe des Beendigungszeitpunktes zu.</letter_text></item>
<item><category>Online-Dienst</category><source_url>https://www.aboalarm.de/kuendigung-adresse/online-dating/edates</source_url><sub_category>online-dating</sub_category><company>eDates</company><full_address>BB Service GmbH eDates.de Ludwig-Ganghofer-Str. 48 83624 Otterfing, bei München</full_address><address>BB Service GmbH</address><city>48</city><zip>Ludwig-Ganghofer-Str.</zip><email>https://www.edates.de/index.php?p=contact&amp;d=popup</email><website>http://www.edates.de</website><fax>None</fax><hotline></hotline><Weitere_Adressen_name></Weitere_Adressen_name><Weitere_Adressen_link></Weitere_Adressen_link><form_field>Benutzername,Kundennummer,Transaktionsnummer</form_field><subject>Sehr geehrte Damen und Herren,</subject><letter_text>hiermit mache ich von meinem Widerrufsrecht Gebrauch und widerrufe meinen oben genannten Vertrag innerhalb der gesetzlichen Frist. Hilfsweise kündige ich diesen fristgerecht zum nächstmöglichen Zeitpunkt.</letter_text></item>
<item><category>Online-Dienst</category><source_url>https://www.aboalarm.de/kuendigung-adresse/online-dating/edarling</source_url><sub_category>online-dating</sub_category><company>eDarling</company><full_address>Spark Networks Services GmbH Kundenservice Kohlfurter Straße 41/43 10999 Berlin</full_address><address>Spark Networks Services GmbH</address><city>Straße</city><zip>Kohlfurter</zip><email>kuendigung@edarling.de</email><website>http://www.edarling.de</website><fax>030 868 000 220</fax><hotline></hotline><Weitere_Adressen_name></Weitere_Adressen_name><Weitere_Adressen_link></Weitere_Adressen_link><form_field>E-Mail-Adresse</form_field><subject>Sehr geehrte Damen und Herren,</subject><letter_text>hiermit mache ich von meinem Widerrufsrecht Gebrauch und widerrufe meinen oben genannten Vertrag innerhalb der gesetzlichen Frist. Hilfsweise kündige ich diesen fristgerecht zum nächstmöglichen Zeitpunkt.</letter_text></item>
<item><category>Online-Dienst</category><source_url>https://www.aboalarm.de/kuendigung-adresse/online-dating/easyflirt</source_url><sub_category>online-dating</sub_category><company>easyflirt</company><full_address>Next Step Media B.V. Louis Couperusplein 2 2514HP 's Gravenhage</full_address><address>Next Step Media B.V.</address><city>'s</city><zip>2514HP</zip><email>customer@easyflirt.com</email><website>http://www.easyflirt.de</website><fax>None</fax><hotline></hotline><Weitere_Adressen_name></Weitere_Adressen_name><Weitere_Adressen_link></Weitere_Adressen_link><form_field>Benutzername,E-Mail-Adresse</form_field><subject>Sehr geehrte Damen und Herren,</subject><letter_text>hiermit mache ich von meinem Widerrufsrecht Gebrauch und widerrufe meinen oben genannten Vertrag innerhalb der gesetzlichen Frist. Hilfsweise kündige ich diesen fristgerecht zum nächstmöglichen Zeitpunkt.</letter_text></item>
<item><category>Online-Dienst</category><source_url>https://www.aboalarm.de/kuendigung-adresse/online-dating/c-date</source_url><sub_category>online-dating</sub_category><company>C-Date</company><full_address>Interdate S.A. C-date Kundenservice / Kündigung 13 rue du Commerce L-1351 Luxemburg Luxemburg</full_address><address>Interdate S.A.</address><city>rue</city><zip>13</zip><email>service@c-date.de</email><website>http://www.c-date.de</website><fax>089 549 995 24</fax><hotline></hotline><Weitere_Adressen_name></Weitere_Adressen_name><Weitere_Adressen_link></Weitere_Adressen_link><form_field>Email,Kontakt Id,Land</form_field><subject>Sehr geehrte Damen und Herren,</subject><letter_text>hiermit mache ich von meinem Widerrufsrecht Gebrauch und widerrufe meinen oben genannten Vertrag innerhalb der gesetzlichen Frist. Hilfsweise kündige ich diesen fristgerecht zum nächstmöglichen Zeitpunkt.</letter_text></item>
<item><category>Online-Dienst</category><source_url>https://www.aboalarm.de/kuendigung-adresse/online-dating/bildkontakte</source_url><sub_category>online-dating</sub_category><company>Bildkontakte</company><full_address>Entrex e.K. Am Wassermann 29 50829 Köln</full_address><address>Entrex e.K.</address><city>Köln</city><zip>50829</zip><email>support@bildkontakte.de</email><website>http://www.bildkontakte.de</website><fax>0221 / 97 99 98 19</fax><hotline>022197999853</hotline><Weitere_Adressen_name></Weitere_Adressen_name><Weitere_Adressen_link></Weitere_Adressen_link><form_field>Benutzername,E-Mail-Adresse</form_field><subject>Sehr geehrte Damen und Herren,</subject><letter_text>hiermit mache ich von meinem Widerrufsrecht Gebrauch und widerrufe meinen oben genannten Vertrag innerhalb der gesetzlichen Frist. Hilfsweise kündige ich diesen fristgerecht zum nächstmöglichen Zeitpunkt.</letter_text></item>
<item><category>Online-Dienst</category><source_url>https://www.aboalarm.de/kuendigung-adresse/online-dating/be2</source_url><sub_category>online-dating</sub_category><company>be2</company><full_address>be2 S.à.r.l. Kundenservice / Kündigung 13 rue du Commerce L-1351 Luxemburg Luxemburg</full_address><address>be2 S.à.r.l.</address><city>rue</city><zip>13</zip><email>kundenservice@be2.de</email><website>http://www.be2.de</website><fax>08995464105</fax><hotline></hotline><Weitere_Adressen_name></Weitere_Adressen_name><Weitere_Adressen_link></Weitere_Adressen_link><form_field>Registrierte Email-Adresse,Benutzername,be2-Länderversion</form_field><subject>Sehr geehrte Damen und Herren,</subject><letter_text>hiermit mache ich von meinem Widerrufsrecht Gebrauch und widerrufe meinen oben genannten Vertrag innerhalb der gesetzlichen Frist. Hilfsweise kündige ich diesen fristgerecht zum nächstmöglichen Zeitpunkt.</letter_text></item>
</items>