<?xml version="1.0" encoding="utf-8"?>
<items>
<item><category>Online-Dienst</category><source_url>https://www.aboalarm.de/kuendigung-adresse/online-videothek/watchever</source_url><sub_category>Online-Videothek</sub_category><company>WATCHEVER</company><full_address>WATCHEVER GmbH Reinhardtstr. 58 10117 Berlin</full_address><address>WATCHEVER GmbH</address><city>Berlin</city><zip>10117</zip><email>support@watchever.de</email><website>http://www.watchever.de</website><fax>None</fax><hotline>03020179669</hotline><Weitere_Adressen_name></Weitere_Adressen_name><Weitere_Adressen_link></Weitere_Adressen_link><form_field>Kundennummer</form_field><subject>Sehr geehrte Damen und Herren,</subject><letter_text>hiermit kündige ich meinen WATCHEVER-Vertrag fristgerecht zum nächstmöglichen Zeitpunkt. Bitte senden Sie mir eine schriftliche Bestätigung der Kündigung unter Angabe des Beendigungszeitpunktes zu.</letter_text></item>
<item><category>Online-Dienst</category><source_url>https://www.aboalarm.de/kuendigung-adresse/online-videothek/vox-now</source_url><sub_category>Online-Videothek</sub_category><company>VOX NOW</company><full_address>RTL interactive GmbH Picassoplatz 1 50679 Köln</full_address><address>RTL interactive GmbH</address><city>Köln</city><zip>50679</zip><email>Support@VOXNOW.de</email><website>http://www.voxnow.de</website><fax>022145669999</fax><hotline>0221-456-6-0</hotline><Weitere_Adressen_name></Weitere_Adressen_name><Weitere_Adressen_link></Weitere_Adressen_link><form_field>E-Mail Adresse</form_field><subject>Sehr geehrte Damen und Herren,</subject><letter_text>hiermit kündige ich meinen Vertrag fristgerecht zum nächstmöglichen Zeitpunkt. Bitte senden Sie mir eine schriftliche Bestätigung der Kündigung unter Angabe des Beendigungszeitpunktes zu.</letter_text></item>
<item><category>Online-Dienst</category><source_url>https://www.aboalarm.de/kuendigung-adresse/online-videothek/videoload</source_url><sub_category>Online-Videothek</sub_category><company>Videoload</company><full_address>Telekom Deutschland GmbH Videoload T-Online-Allee 1 64295 Darmstadt</full_address><address>Telekom Deutschland GmbH</address><city>1</city><zip>T-Online-Allee</zip><email>support.videoload@telekom.de </email><website>http://www.videoload.de</website><fax>None</fax><hotline>0800-5446060</hotline><Weitere_Adressen_name></Weitere_Adressen_name><Weitere_Adressen_link></Weitere_Adressen_link><form_field>Kundennummer</form_field><subject>Sehr geehrte Damen und Herren,</subject><letter_text>hiermit kündige ich meinen Videoload-Vertrag fristgerecht zum nächstmöglichen Zeitpunkt. Bitte senden Sie mir eine schriftliche Bestätigung der Kündigung unter Angabe des Beendigungszeitpunktes zu.</letter_text></item>
<item><category>Online-Dienst</category><source_url>https://www.aboalarm.de/kuendigung-adresse/online-videothek/videobuster</source_url><sub_category>Online-Videothek</sub_category><company>Videobuster</company><full_address>NETLEIH GmbH &amp; Co. KG Johann-Zincken-Str. 6 38723 Seesen</full_address><address>NETLEIH GmbH &amp; Co. KG</address><city>Seesen</city><zip>38723</zip><email>support@videobuster.de</email><website>http://www.videobuster.de</website><fax>None</fax><hotline>(0) 5381 / 749298-98</hotline><Weitere_Adressen_name></Weitere_Adressen_name><Weitere_Adressen_link></Weitere_Adressen_link><form_field>Kundennummer</form_field><subject>Sehr geehrte Damen und Herren,</subject><letter_text>hiermit kündige ich meinen Videobuster-Vertrag fristgerecht zum nächstmöglichen Zeitpunkt. Bitte senden Sie mir eine schriftliche Bestätigung der Kündigung unter Angabe des Beendigungszeitpunktes zu.</letter_text></item>
<item><category>Online-Dienst</category><source_url>https://www.aboalarm.de/kuendigung-adresse/online-videothek/verleihshop-de</source_url><sub_category>Online-Videothek</sub_category><company>Verleihshop.de</company><full_address>Verleihshop - Jakob GmbH Bindlacher Straße 8 95448 Bayreuth</full_address><address>Verleihshop - Jakob GmbH</address><city>Bayreuth</city><zip>95448</zip><email>support@verleihshop.de</email><website>http://www.verleihshop.de</website><fax>0921796969</fax><hotline>0800-0796959</hotline><Weitere_Adressen_name></Weitere_Adressen_name><Weitere_Adressen_link></Weitere_Adressen_link><form_field>Kundennummer</form_field><subject>Sehr geehrte Damen und Herren,</subject><letter_text>hiermit kündige ich meinen Verleihshop.de-Vertrag fristgerecht zum nächstmöglichen Zeitpunkt. Bitte senden Sie mir eine schriftliche Bestätigung der Kündigung unter Angabe des Beendigungszeitpunktes zu.</letter_text></item>
<item><category>Online-Dienst</category><source_url>https://www.aboalarm.de/kuendigung-adresse/online-videothek/toggo-clever-club</source_url><sub_category>Online-Videothek</sub_category><company>TOGGO-CleverClub</company><full_address>TOGGO-CleverClub Service-Center Postfach 10 17 28 33517 Bielefeld</full_address><address>TOGGO-CleverClub Service-Center</address><city>Bielefeld</city><zip>33517</zip><email>info@toggo-cleverclub.de</email><website>http://www.toggo-cleverclub.de</website><fax>052130530199</fax><hotline>052130530152</hotline><Weitere_Adressen_name></Weitere_Adressen_name><Weitere_Adressen_link></Weitere_Adressen_link><form_field>Kundennummer</form_field><subject>Sehr geehrte Damen und Herren,</subject><letter_text>hiermit kündige ich meinen TOGGO-CleverClub-Vertrag fristgerecht zum nächstmöglichen Zeitpunkt. Bitte senden Sie mir eine schriftliche Bestätigung der Kündigung unter Angabe des Beendigungszeitpunktes zu.</letter_text></item>
<item><category>Online-Dienst</category><source_url>https://www.aboalarm.de/kuendigung-adresse/online-videothek/sky-snap</source_url><sub_category>Online-Videothek</sub_category><company>Sky Snap</company><full_address>Sky Deutschland Kundenservice 22033 Hamburg</full_address><address>Sky Deutschland</address><city>Hamburg</city><zip>22033</zip><email>service@sky.de</email><website>http://www.skysnap.de</website><fax>None</fax><hotline>0180 6 11 00 00</hotline><Weitere_Adressen_name></Weitere_Adressen_name><Weitere_Adressen_link></Weitere_Adressen_link><form_field>Kundennummer</form_field><subject>Sehr geehrte Damen und Herren,</subject><letter_text>hiermit kündige ich mein Sky-Snap-Abo fristgerecht zum nächstmöglichen Zeitpunkt. Bitte senden Sie mir eine schriftliche Bestätigung der Kündigung unter Angabe des Beendigungszeitpunktes zu.</letter_text></item>
<item><category>Online-Dienst</category><source_url>https://www.aboalarm.de/kuendigung-adresse/online-videothek/save-tv</source_url><sub_category>Online-Videothek</sub_category><company>Save.TV</company><full_address>Save.TV Limited Friedrich-List-Platz 1 04103 Leipzig</full_address><address>Save.TV Limited</address><city>Leipzig</city><zip>04103</zip><email>info@save.tv</email><website>http://www.save.tv</website><fax>None</fax><hotline>034130213021</hotline><Weitere_Adressen_name></Weitere_Adressen_name><Weitere_Adressen_link></Weitere_Adressen_link><form_field>Kundennummer</form_field><subject>Sehr geehrte Damen und Herren,</subject><letter_text>hiermit kündige ich meinen Save.TV-Vertrag fristgerecht zum nächstmöglichen Zeitpunkt. Bitte senden Sie mir eine schriftliche Bestätigung der Kündigung unter Angabe des Beendigungszeitpunktes zu.</letter_text></item>
<item><category>Online-Dienst</category><source_url>https://www.aboalarm.de/kuendigung-adresse/online-videothek/netflix</source_url><sub_category>Online-Videothek</sub_category><company>Netflix</company><full_address>Netflix International B.V. Stadhouderskade 55 1072 AB Amsterdam Niederlande</full_address><address>Netflix International B.V.</address><city>AB</city><zip>1072</zip><email>None</email><website>http://www.netflix.com</website><fax>None</fax><hotline>0800 724 0963</hotline><Weitere_Adressen_name></Weitere_Adressen_name><Weitere_Adressen_link></Weitere_Adressen_link><form_field>Kundennummer</form_field><subject>Sehr geehrte Damen und Herren,</subject><letter_text>hiermit kündige ich meinen Netflix-Vertrag fristgerecht zum nächstmöglichen Zeitpunkt. Bitte senden Sie mir eine schriftliche Bestätigung der Kündigung unter Angabe des Beendigungszeitpunktes zu.</letter_text></item>
<item><category>Online-Dienst</category><source_url>https://www.aboalarm.de/kuendigung-adresse/online-videothek/maxdome</source_url><sub_category>Online-Videothek</sub_category><company>Maxdome</company><full_address>Joyn GmbH Maxdome Kundenservice Ridlerstraße 57 80339 München</full_address><address>Joyn GmbH</address><city>57</city><zip>Ridlerstraße</zip><email>info@service.maxdome.de</email><website>http://www.maxdome.de</website><fax>None</fax><hotline>089 78 79 79 33</hotline><Weitere_Adressen_name>Maxdome Österreich</Weitere_Adressen_name><Weitere_Adressen_link>https://www.aboalarm.de/kuendigung-adresse/online-videothek/maxdome-oesterreich</Weitere_Adressen_link><form_field>Geburtsdatum,Kundennummer</form_field><subject>Sehr geehrte Damen und Herren,</subject><letter_text>hiermit kündige ich meinen Vertrag fristgerecht zum nächstmöglichen Zeitpunkt. Bitte senden Sie mir eine schriftliche Bestätigung der Kündigung unter Angabe des Beendigungszeitpunktes zu.</letter_text></item>
<item><category>Online-Dienst</category><source_url>https://www.aboalarm.de/kuendigung-adresse/online-videothek/filmtaxi-de</source_url><sub_category>Online-Videothek</sub_category><company>Filmtaxi.de</company><full_address>Filmtaxi UG Ostring 63 67105 Schifferstadt</full_address><address>Filmtaxi UG</address><city>Schifferstadt</city><zip>67105</zip><email>dl-handelsgesellschaft@gmx.de</email><website>http://www.filmtaxi.de</website><fax>062353478395</fax><hotline>06235 / 34 78 393</hotline><Weitere_Adressen_name></Weitere_Adressen_name><Weitere_Adressen_link></Weitere_Adressen_link><form_field>Kundennummer</form_field><subject>Sehr geehrte Damen und Herren,</subject><letter_text>hiermit kündige ich meinen Filmtaxi.de-Vertrag fristgerecht zum nächstmöglichen Zeitpunkt. Bitte senden Sie mir eine schriftliche Bestätigung der Kündigung unter Angabe des Beendigungszeitpunktes zu.</letter_text></item>
</items>