<?xml version="1.0" encoding="utf-8"?>
<items>
<item><category>Tv</category><source_url>https://www.aboalarm.de/kuendigung-adresse/pay-tv/sky</source_url><sub_category>play-tv</sub_category><company>Sky</company><full_address>Sky Deutschland Fernsehen GmbH &amp; Co. KG Kundenbetreuung 22033 Hamburg</full_address><address>Sky Deutschland Fernsehen GmbH &amp; Co. KG</address><city>Hamburg</city><zip>22033</zip><email>service@sky.de</email><website>http://www.sky.de</website><fax>None</fax><hotline>089 99727900</hotline><Weitere_Adressen_name>Sky Business,Sky Snap,Sky Ticket,Sky Ticket Österreich,Skylab Centrum,Skyline Fitness,Skypers,SKYTRON Internet &amp; Telefon</Weitere_Adressen_name><Weitere_Adressen_link>https://www.aboalarm.de/kuendigung-adresse/pay-tv/sky-business,https://www.aboalarm.de/kuendigung-adresse/online-videothek/sky-snap,https://www.aboalarm.de/kuendigung-adresse/online-videothek/sky-online,https://www.aboalarm.de/kuendigung-adresse/pay-tv/sky-ticket-oesterreich,https://www.aboalarm.de/kuendigung-adresse/fitnessstudio/skylab-centrum,https://www.aboalarm.de/kuendigung-adresse/fitnessstudio/skyline-fitness,https://www.aboalarm.de/kuendigung-adresse/fitnessstudio/skypers,https://www.aboalarm.de/kuendigung-adresse/internet-und-telefon/skytron</Weitere_Adressen_link><form_field>Kundennummer</form_field><subject>Sehr geehrte Damen und Herren,</subject><letter_text>hiermit kündige ich mein Sky-Abo fristgerecht zum nächstmöglichen Zeitpunkt. Bitte senden Sie mir eine schriftliche Bestätigung der Kündigung unter Angabe des Beendigungszeitpunktes zu.</letter_text></item>
<item><category>Tv</category><source_url>https://www.aboalarm.de/kuendigung-adresse/pay-tv/magentatv</source_url><sub_category>play-tv</sub_category><company>MagentaTV</company><full_address>Telekom Deutschland GmbH Kundenservice Magenta TV Landgrabenweg 151 53227 Bonn</full_address><address>Telekom Deutschland GmbH</address><city>151</city><zip>Landgrabenweg</zip><email>https://www.telekom.de/kontakt?execution299370=e5s1#299370</email><website>http://www.telekom.de</website><fax>None</fax><hotline>08003301000</hotline><Weitere_Adressen_name></Weitere_Adressen_name><Weitere_Adressen_link></Weitere_Adressen_link><form_field>Kundennummer</form_field><subject>Sehr geehrte Damen und Herren,</subject><letter_text>hiermit kündige ich meinen oben genannten Vertrag fristgerecht zum nächstmöglichen Zeitpunkt. Bitte senden Sie mir eine schriftliche Bestätigung  der Kündigung unter Angabe des Beendigungszeitpunktes zu.</letter_text></item>
<item><category>Tv</category><source_url>https://www.aboalarm.de/kuendigung-adresse/pay-tv/cablecom</source_url><sub_category>play-tv</sub_category><company>Cablecom Kabelkommunikation</company><full_address>Cablecom Kabelkommunikation GmbH Hauptstraße 40 A-6973 Höchst</full_address><address>Cablecom Kabelkommunikation GmbH</address><city>Höchst</city><zip>A-6973</zip><email>vorarlberg@cablecom.ch</email><website>None</website><fax>None</fax><hotline>43 557873050</hotline><Weitere_Adressen_name></Weitere_Adressen_name><Weitere_Adressen_link></Weitere_Adressen_link><form_field>Kundennummer</form_field><subject>Sehr geehrte Damen und Herren,</subject><letter_text>hiermit kündige ich meinen oben genannten Vertrag fristgerecht zum nächstmöglichen Zeitpunkt. Bitte senden Sie mir eine schriftliche Bestätigung  der Kündigung unter Angabe des Beendigungszeitpunktes zu.</letter_text></item>
</items>