<?xml version="1.0" encoding="utf-8"?>
<items>
<item><category>Versicherung</category><source_url>https://www.aboalarm.de/kuendigung-adresse/rechtsschutzversicherung/wgv-schwaebische-allg-versicherung</source_url><sub_category>Rechtsschutzversicherung</sub_category><company>WGV-Schwäbische Rechtsschutzversicherung</company><full_address>WGV-Schwäbische Allgemeine Versicherung AG Tübinger Str. 43 70178 Stuttgart</full_address><address>WGV-Schwäbische Allgemeine Versicherung AG</address><city>Stuttgart</city><zip>70178</zip><email>-</email><website>http://www.wgv-online.de</website><fax>0711/16958360</fax><hotline>0711-16951500</hotline><Weitere_Adressen_name></Weitere_Adressen_name><Weitere_Adressen_link></Weitere_Adressen_link><form_field>Versicherungsnummer</form_field><subject>Sehr geehrte Damen und Herren,</subject><letter_text>hiermit kündige ich meine oben genannte Rechtsschutzversicherung fristgerecht zum nächstmöglichen Zeitpunkt. Bitte senden Sie mir eine schriftliche Bestätigung  der Kündigung unter Angabe des Beendigungszeitpunktes zu.</letter_text></item>
<item><category>Versicherung</category><source_url>https://www.aboalarm.de/kuendigung-adresse/rechtsschutzversicherung/vgh-rechtsschutzversicherung</source_url><sub_category>Rechtsschutzversicherung</sub_category><company>VGH Rechtsschutzversicherung</company><full_address>VGH Versicherungen 30140 Hannover</full_address><address>VGH Versicherungen</address><city>Hannover</city><zip>30140</zip><email>service@vgh.de</email><website>http://www.vgh.de</website><fax>05113622960</fax><hotline>0800 175 0844</hotline><Weitere_Adressen_name></Weitere_Adressen_name><Weitere_Adressen_link></Weitere_Adressen_link><form_field>Versicherungsnummer</form_field><subject>Sehr geehrte Damen und Herren,</subject><letter_text>hiermit kündige ich meine oben genannte Rechtsschutzversicherung fristgerecht zum nächstmöglichen Zeitpunkt. Bitte senden Sie mir eine schriftliche Bestätigung  der Kündigung unter Angabe des Beendigungszeitpunktes zu.</letter_text></item>
<item><category>Versicherung</category><source_url>https://www.aboalarm.de/kuendigung-adresse/rechtsschutzversicherung/roland</source_url><sub_category>Rechtsschutzversicherung</sub_category><company>Roland Rechtsschutz</company><full_address>ROLAND Rechtsschutz AG Rechtsschutzversicherung Deutz-Kalker Straße 46 50679 Köln</full_address><address>ROLAND Rechtsschutz AG</address><city>Straße</city><zip>Deutz-Kalker</zip><email>service@roland-rechtsschutz.de</email><website>http://www.roland-rechtsschutz.de</website><fax>02218277460</fax><hotline>02218277500</hotline><Weitere_Adressen_name>Roland Auto-Schutzbrief,Roland Blumhagen,ROLAND Haftpflichtversicherung</Weitere_Adressen_name><Weitere_Adressen_link>https://www.aboalarm.de/kuendigung-adresse/versicherung/roland-schutzbrief,https://www.aboalarm.de/kuendigung-adresse/fitnessstudio/roland-blumhagen,https://www.aboalarm.de/kuendigung-adresse/haftpflichtversicherung/roland</Weitere_Adressen_link><form_field>Versicherungsnummer</form_field><subject>Sehr geehrte Damen und Herren,</subject><letter_text>hiermit kündige ich meine oben genannte Rechtsschutzversicherung fristgerecht zum nächstmöglichen Zeitpunkt. Bitte senden Sie mir eine schriftliche Bestätigung  der Kündigung unter Angabe des Beendigungszeitpunktes zu.</letter_text></item>
<item><category>Versicherung</category><source_url>https://www.aboalarm.de/kuendigung-adresse/rechtsschutzversicherung/verti</source_url><sub_category>Rechtsschutzversicherung</sub_category><company>Verti Rechtsschutzversicherung</company><full_address>Verti Versicherung AG Rechtsschutzversicherung Rheinstr. 7a 14513 Teltow</full_address><address>Verti Versicherung AG</address><city>7a</city><zip>Rheinstr.</zip><email>vertrag@verti.de</email><website>https://www.verti.de/</website><fax>03328/449444</fax><hotline>01802-305000</hotline><Weitere_Adressen_name>Verti Altersvorsorge,Verti Haftpflichtversicherung,Verti KFZ-Versicherung,Verti Sterbegeldversicherung,Vertinskiy Fitnessclubs UG (haftungsbeschränkt)</Weitere_Adressen_name><Weitere_Adressen_link>https://www.aboalarm.de/kuendigung-adresse/rentenversicherung/verti,https://www.aboalarm.de/kuendigung-adresse/haftpflichtversicherung/verti,https://www.aboalarm.de/kuendigung-adresse/kfz-versicherung/verti,https://www.aboalarm.de/kuendigung-adresse/versicherung/verti,https://www.aboalarm.de/kuendigung-adresse/fitnessstudio/vertinskiy-fitnessclubs-ug-haftungsbeschraenkt</Weitere_Adressen_link><form_field>Versicherungsnummer</form_field><subject>Sehr geehrte Damen und Herren,</subject><letter_text>hiermit kündige ich meine oben genannte Rechtsschutzversicherung fristgerecht zum nächstmöglichen Zeitpunkt. Bitte senden Sie mir eine schriftliche Bestätigung  der Kündigung unter Angabe des Beendigungszeitpunktes zu.</letter_text></item>
<item><category>Versicherung</category><source_url>https://www.aboalarm.de/kuendigung-adresse/rechtsschutzversicherung/rechtsschutz-union</source_url><sub_category>Rechtsschutzversicherung</sub_category><company>Rechtsschutz Union Versicherung</company><full_address>Rechtsschutz Union Versicherung AG Sonnenstr. 33 80331 München</full_address><address>Rechtsschutz Union Versicherung AG</address><city>München</city><zip>80331</zip><email>-</email><website>http://www.rechtsschutzunion.de</website><fax>089/54853610</fax><hotline>089-54853605</hotline><Weitere_Adressen_name></Weitere_Adressen_name><Weitere_Adressen_link></Weitere_Adressen_link><form_field>Versicherungsnummer</form_field><subject>Sehr geehrte Damen und Herren,</subject><letter_text>hiermit kündige ich meine oben genannte Rechtsschutzversicherung fristgerecht zum nächstmöglichen Zeitpunkt. Bitte senden Sie mir eine schriftliche Bestätigung  der Kündigung unter Angabe des Beendigungszeitpunktes zu.</letter_text></item>
<item><category>Versicherung</category><source_url>https://www.aboalarm.de/kuendigung-adresse/rechtsschutzversicherung/r-und-v</source_url><sub_category>Rechtsschutzversicherung</sub_category><company>R+V Rechtsschutzversicherung</company><full_address>R+V Rechtsschutzversicherung AG Raiffeisenplatz 1 65189 Wiesbaden</full_address><address>R+V Rechtsschutzversicherung AG</address><city>Wiesbaden</city><zip>65189</zip><email>ruv@ruv.de</email><website>http://www.ruv.de</website><fax>06115334500</fax><hotline>018027858633</hotline><Weitere_Adressen_name>R+V  Krankenversicherung,R+V  Rentenversicherung,R+V Allgemeine Versicherung Ag,R+V Auslandskrankenversicherung,R+V Berufshaftpflicht­versicherung,R+V Berufsunfähig­keits­versicherung,R+V Betriebs­haftpflicht­versicherung,R+V Betriebskrankenkasse,R+V Elektronikversicherung,R+V Erwerbsunfähigkeitsversicherung,R+V Glasversicherung,R+V Haftpflichtversicherung,R+V Haus-/Grundbesitzerhaftpflichtversicherung,R+V Hausratversicherung,R+V KFZ-Versicherung,R+V Lebensversicherung,R+V Pflegeversicherung,R+V Private Krankenvollversicherung,R+V Private Krankenzusatzversicherung,R+V Privatpolice,R+V Riester-Rente,R+V Schwere Krankheiten (Dread Disease) Versicherung,R+V Sterbegeldversicherung,R+V Tierhalterhaftpflichtversicherung,R+V Unfallversicherung,R+V Wohngebäudeversicherung,R+V Zahnzusatzversicherung,R+V24 KFZ-Versicherung</Weitere_Adressen_name><Weitere_Adressen_link>https://www.aboalarm.de/kuendigung-adresse/krankenversicherung/r-und-v,https://www.aboalarm.de/kuendigung-adresse/rentenversicherung/r-und-v,https://www.aboalarm.de/kuendigung-adresse/abonnement/r-und-v-allgemeine-versicherung,https://www.aboalarm.de/kuendigung-adresse/krankenversicherung/r-und-v-auslandskrankenversicherung,https://www.aboalarm.de/kuendigung-adresse/haftpflichtversicherung/r-und-v-berufshaftpflichtversicherung,https://www.aboalarm.de/kuendigung-adresse/berufsunfaehigkeitsversicherung/r-und-v,https://www.aboalarm.de/kuendigung-adresse/haftpflichtversicherung/r-und-v-betriebshaftpflichtversicherung,https://www.aboalarm.de/kuendigung-adresse/krankenversicherung/r-und-v-betriebskrankenkasse,https://www.aboalarm.de/kuendigung-adresse/versicherung/r-und-v-elektronikversicherung,https://www.aboalarm.de/kuendigung-adresse/rentenversicherung/r-und-v-erwerbsunfaehigkeitsversicherung,https://www.aboalarm.de/kuendigung-adresse/versicherung/r-und-v-glasversicherung,https://www.aboalarm.de/kuendigung-adresse/haftpflichtversicherung/r-plus-v,https://www.aboalarm.de/kuendigung-adresse/haftpflichtversicherung/r-und-v-haus-grundbesitzerhaftpflichtversicherung,https://www.aboalarm.de/kuendigung-adresse/hausratversicherung/r-und-v,https://www.aboalarm.de/kuendigung-adresse/kfz-versicherung/r-und-v,https://www.aboalarm.de/kuendigung-adresse/lebensversicherung/r-und-v-lebensversicherung,https://www.aboalarm.de/kuendigung-adresse/krankenversicherung/r-und-v-pflegeversicherung,https://www.aboalarm.de/kuendigung-adresse/krankenversicherung/r-und-v-private-krankenvollversicherung,https://www.aboalarm.de/kuendigung-adresse/krankenversicherung/r-und-v-private-krankenzusatzversicherung,https://www.aboalarm.de/kuendigung-adresse/versicherung/r-und-v-privatpolice,https://www.aboalarm.de/kuendigung-adresse/rentenversicherung/r-und-v-riester-rente,https://www.aboalarm.de/kuendigung-adresse/krankenversicherung/r-und-v-schwere-krankheiten-dread-disease-versicherung,https://www.aboalarm.de/kuendigung-adresse/versicherung/r-und-v-sterbegeldversicherung,https://www.aboalarm.de/kuendigung-adresse/haftpflichtversicherung/r-und-v-tierhalterhaftpflichtversicherung,https://www.aboalarm.de/kuendigung-adresse/unfallversicherung/r-und-v,https://www.aboalarm.de/kuendigung-adresse/versicherung/r-und-v-wohngebaeudeversicherung,https://www.aboalarm.de/kuendigung-adresse/zahnzusatzversicherung/r-und-v,https://www.aboalarm.de/kuendigung-adresse/kfz-versicherung/r-und-v24</Weitere_Adressen_link><form_field>Versicherungsnummer</form_field><subject>Sehr geehrte Damen und Herren,</subject><letter_text>hiermit kündige ich meine oben genannte Rechtsschutzversicherung fristgerecht zum nächstmöglichen Zeitpunkt. Bitte senden Sie mir eine schriftliche Bestätigung  der Kündigung unter Angabe des Beendigungszeitpunktes zu.</letter_text></item>
<item><category>Versicherung</category><source_url>https://www.aboalarm.de/kuendigung-adresse/rechtsschutzversicherung/oerag</source_url><sub_category>Rechtsschutzversicherung</sub_category><company>ÖRAG Rechtsschutz</company><full_address>ÖRAG Rechtsschutzversicherungs-AG Hansaallee 199 40549 Düsseldorf</full_address><address>ÖRAG Rechtsschutzversicherungs-AG</address><city>Düsseldorf</city><zip>40549</zip><email>info@oerag.de</email><website>http://www.oerag.de</website><fax>02115295200</fax><hotline>021152950</hotline><Weitere_Adressen_name></Weitere_Adressen_name><Weitere_Adressen_link></Weitere_Adressen_link><form_field>Versicherungsnummer</form_field><subject>Sehr geehrte Damen und Herren,</subject><letter_text>hiermit kündige ich meine oben genannte Rechtsschutzversicherung fristgerecht zum nächstmöglichen Zeitpunkt. Bitte senden Sie mir eine schriftliche Bestätigung  der Kündigung unter Angabe des Beendigungszeitpunktes zu.</letter_text></item>
<item><category>Versicherung</category><source_url>https://www.aboalarm.de/kuendigung-adresse/rechtsschutzversicherung/lvm</source_url><sub_category>Rechtsschutzversicherung</sub_category><company>LVM Rechtsschutzversicherung</company><full_address>LVM Versicherungen Kolde-Ring 21 48126 Münster</full_address><address>LVM Versicherungen</address><city>Münster</city><zip>48126</zip><email>info@lvm.de</email><website>http://www.lvm.de</website><fax>02517021099</fax><hotline>08005863733</hotline><Weitere_Adressen_name>LVM Auslandskrankenversicherung,LVM Berufsunfähigkeitsversicherung,LVM Glasversicherung,LVM Haftpflichtversicherung,LVM Haus-/Grundbesitzerhaftpflichtversicherung,LVM Hausratversicherung,LVM KFZ-Versicherung,LVM Krankenversicherung,LVM Krankenzusatzversicherung,LVM Pflegeversicherung,LVM Private Krankenvollversicherung,LVM Reisegepäckversicherung,LVM Rentenversicherung,LVM Riester-Rente,LVM Risiko-Lebensversicherung,LVM Sterbegeldversicherung,LVM Tierhalterhaftpflichtversicherung,LVM Unfallversicherung ,LVM Wohngebäudeversicherung,LVM Zahnzusatzversicherung</Weitere_Adressen_name><Weitere_Adressen_link>https://www.aboalarm.de/kuendigung-adresse/krankenversicherung/lvm-auslandskrankenversicherung,https://www.aboalarm.de/kuendigung-adresse/berufsunfaehigkeitsversicherung/lvm,https://www.aboalarm.de/kuendigung-adresse/versicherung/lvm-glasversicherung,https://www.aboalarm.de/kuendigung-adresse/haftpflichtversicherung/lvm,https://www.aboalarm.de/kuendigung-adresse/haftpflichtversicherung/lvm-haus-grundbesitzerhaftpflichtversicherung,https://www.aboalarm.de/kuendigung-adresse/hausratversicherung/lvm-hausratversicherung,https://www.aboalarm.de/kuendigung-adresse/kfz-versicherung/lvm,https://www.aboalarm.de/kuendigung-adresse/krankenversicherung/lvm,https://www.aboalarm.de/kuendigung-adresse/krankenversicherung/lvm-sonstige-krankenzusatzversicherung,https://www.aboalarm.de/kuendigung-adresse/krankenversicherung/lvm-pflegeversicherung,https://www.aboalarm.de/kuendigung-adresse/krankenversicherung/lvm-private-krankenvollversicherung,https://www.aboalarm.de/kuendigung-adresse/reiseversicherung/lvm,https://www.aboalarm.de/kuendigung-adresse/rentenversicherung/lvm,https://www.aboalarm.de/kuendigung-adresse/rentenversicherung/lvm-riester-rente,https://www.aboalarm.de/kuendigung-adresse/lebensversicherung/lvm-risiko-lebensversicherung,https://www.aboalarm.de/kuendigung-adresse/versicherung/lvm-sterbegeldversicherung,https://www.aboalarm.de/kuendigung-adresse/haftpflichtversicherung/lvm-tierhalterhaftpflichtversicherung,https://www.aboalarm.de/kuendigung-adresse/unfallversicherung/lvm,https://www.aboalarm.de/kuendigung-adresse/versicherung/lvm-wohngebaeudeversicherung,https://www.aboalarm.de/kuendigung-adresse/zahnzusatzversicherung/lvm</Weitere_Adressen_link><form_field>Versicherungsnummer</form_field><subject>Sehr geehrte Damen und Herren,</subject><letter_text>hiermit kündige ich meine oben genannte Rechtsschutzversicherung fristgerecht zum nächstmöglichen Zeitpunkt. Bitte senden Sie mir eine schriftliche Bestätigung  der Kündigung unter Angabe des Beendigungszeitpunktes zu.</letter_text></item>
<item><category>Versicherung</category><source_url>https://www.aboalarm.de/kuendigung-adresse/rechtsschutzversicherung/ks-auxilia</source_url><sub_category>Rechtsschutzversicherung</sub_category><company>KS-AUXILIA Rechtschutzversicherung</company><full_address>KS/Auxilia Postfach 15 12 20 80047 München</full_address><address>KS/Auxilia</address><city>München</city><zip>80047</zip><email>vertrags-service@ks-auxilia.de</email><website>http://www.ks-auxilia.de</website><fax>08953981270</fax><hotline>08953981222</hotline><Weitere_Adressen_name></Weitere_Adressen_name><Weitere_Adressen_link></Weitere_Adressen_link><form_field>Versicherungsnummer</form_field><subject>Sehr geehrte Damen und Herren,</subject><letter_text>hiermit kündige ich meine oben genannte Rechtsschutzversicherung fristgerecht zum nächstmöglichen Zeitpunkt. Bitte senden Sie mir eine schriftliche Bestätigung  der Kündigung unter Angabe des Beendigungszeitpunktes zu.</letter_text></item>
<item><category>Versicherung</category><source_url>https://www.aboalarm.de/kuendigung-adresse/rechtsschutzversicherung/huk-coburg</source_url><sub_category>Rechtsschutzversicherung</sub_category><company>Huk-Coburg Rechtsschutzversicherung</company><full_address>Huk-Coburg Rechtsschutz-Versicherung AG Willi-Hussong-Str. 2 96443 Coburg</full_address><address>Huk-Coburg Rechtsschutz-Versicherung AG</address><city>Coburg</city><zip>96443</zip><email>Info@HUK-COBURG.de</email><website>http://www.huk.de</website><fax>08002153486</fax><hotline>08002153153</hotline><Weitere_Adressen_name>HUK-Coburg Auslandskrankenversicherung,HUK-COBURG Berufsunfähigkeitsversicherung,HUK-Coburg Glasversicherung,Huk-Coburg Haftpflichtversicherung,HUK-Coburg Haus-/Grundbesitzerhaftpflichtversicherung,Huk-Coburg Hausratversicherung,HUK-Coburg KFZ-Versicherung,Huk-Coburg Krankenversicherung,HUK-Coburg Krankenzusatzversicherung,Huk-Coburg Lebensversicherung,HUK-Coburg Pflegeversicherung,Huk-Coburg Reiseversicherung,Huk-Coburg Riester-Rente,HUK-Coburg Sterbegeldversicherung,HUK-Coburg Tierhalterhaftpflichtversicherung,HUK-Coburg Unfallversicherung,Huk-Coburg Wohngebäudeversicherung,HUK-Coburg Zahnzusatzversicherung</Weitere_Adressen_name><Weitere_Adressen_link>https://www.aboalarm.de/kuendigung-adresse/krankenversicherung/huk-coburg-auslandskrankenversicherung,https://www.aboalarm.de/kuendigung-adresse/berufsunfaehigkeitsversicherung/huk-coburg,https://www.aboalarm.de/kuendigung-adresse/versicherung/huk-coburg-glasversicherung,https://www.aboalarm.de/kuendigung-adresse/haftpflichtversicherung/huk-coburg,https://www.aboalarm.de/kuendigung-adresse/haftpflichtversicherung/huk-coburg-haus-grundbesitzerhaftpflichtversicherung,https://www.aboalarm.de/kuendigung-adresse/hausratversicherung/huk-coburg,https://www.aboalarm.de/kuendigung-adresse/kfz-versicherung/huk-coburg,https://www.aboalarm.de/kuendigung-adresse/krankenversicherung/huk-coburg,https://www.aboalarm.de/kuendigung-adresse/krankenversicherung/huk-coburg-sonstige-krankenzusatzversicherung,https://www.aboalarm.de/kuendigung-adresse/lebensversicherung/huk-coburg,https://www.aboalarm.de/kuendigung-adresse/versicherung/huk-coburg-pflegeversicherung,https://www.aboalarm.de/kuendigung-adresse/reiseversicherung/huk-coburg-reiseversicherung,https://www.aboalarm.de/kuendigung-adresse/rentenversicherung/huk-coburg-riester-rente,https://www.aboalarm.de/kuendigung-adresse/versicherung/huk-coburg-sterbegeldversicherung,https://www.aboalarm.de/kuendigung-adresse/haftpflichtversicherung/huk-coburg-tierhalterhaftpflichtversicherung,https://www.aboalarm.de/kuendigung-adresse/unfallversicherung/huk-coburg,https://www.aboalarm.de/kuendigung-adresse/versicherung/huk-coburg-wohngebaeudeversicherung,https://www.aboalarm.de/kuendigung-adresse/zahnzusatzversicherung/huk-coburg</Weitere_Adressen_link><form_field>Versicherungsnummer</form_field><subject>Sehr geehrte Damen und Herren,</subject><letter_text>hiermit kündige ich meine oben genannte Rechtsschutzversicherung fristgerecht zum nächstmöglichen Zeitpunkt. Bitte senden Sie mir eine schriftliche Bestätigung  der Kündigung unter Angabe des Beendigungszeitpunktes zu.</letter_text></item>
<item><category>Versicherung</category><source_url>https://www.aboalarm.de/kuendigung-adresse/rechtsschutzversicherung/hdi</source_url><sub_category>Rechtsschutzversicherung</sub_category><company>HDI Rechtsschutzversicherung</company><full_address>ROLAND Rechtsschutz-Versicherungs-AG Kunden-Service Deutz-Kalker Straße 46 50679 Köln</full_address><address>ROLAND Rechtsschutz-Versicherungs-AG Kunden-Service</address><city>Köln</city><zip>50679</zip><email>Service@roland-rechtsschutz.de</email><website>http://www.hdi.de</website><fax>02218277460</fax><hotline>02218277500</hotline><Weitere_Adressen_name>HDI Berufsunfähigkeitsversicherung,HDI Erwerbsunfähigkeitsversicherung,HDI Glasversicherung,HDI Haftpflichtversicherung,HDI Haus-/Grundbesitzerhaftpflichtversicherung,HDI Hausratversicherung,HDI KFZ-Versicherung,HDI Lebensversicherung,HDI Pflegeversicherung,HDI Privatschutzversicherung,HDI Rentenversicherung,HDI Riester-Rente,HDI Schwere Krankheiten (Dread Disease) Versicherung,HDI Sterbegeldversicherung,HDI Tierhalterhaftpflichtversicherung,HDI Unfallversicherung,HDI Wohngebäudeversicherung</Weitere_Adressen_name><Weitere_Adressen_link>https://www.aboalarm.de/kuendigung-adresse/berufsunfaehigkeitsversicherung/hdi,https://www.aboalarm.de/kuendigung-adresse/rentenversicherung/hdi-erwerbsunfaehigkeitsversicherung,https://www.aboalarm.de/kuendigung-adresse/versicherung/hdi-glasversicherung,https://www.aboalarm.de/kuendigung-adresse/haftpflichtversicherung/hdi,https://www.aboalarm.de/kuendigung-adresse/haftpflichtversicherung/hdi-haus-grundbesitzerhaftpflichtversicherung,https://www.aboalarm.de/kuendigung-adresse/hausratversicherung/hdi,https://www.aboalarm.de/kuendigung-adresse/kfz-versicherung/hdi,https://www.aboalarm.de/kuendigung-adresse/lebensversicherung/hdi,https://www.aboalarm.de/kuendigung-adresse/krankenversicherung/hdi-pflegeversicherung,https://www.aboalarm.de/kuendigung-adresse/versicherung/hdi-privatschutzversicherung,https://www.aboalarm.de/kuendigung-adresse/rentenversicherung/hdi,https://www.aboalarm.de/kuendigung-adresse/rentenversicherung/hdi-riester-rente,https://www.aboalarm.de/kuendigung-adresse/krankenversicherung/hdi-schwere-krankheiten-dread-disease-versicherung,https://www.aboalarm.de/kuendigung-adresse/versicherung/hdi-sterbegeldversicherung,https://www.aboalarm.de/kuendigung-adresse/haftpflichtversicherung/hdi-tierhalterhaftpflichtversicherung,https://www.aboalarm.de/kuendigung-adresse/unfallversicherung/hdi,https://www.aboalarm.de/kuendigung-adresse/versicherung/hdi-wohngebaeudeversicherung</Weitere_Adressen_link><form_field>Versicherungsnummer</form_field><subject>Sehr geehrte Damen und Herren,</subject><letter_text>hiermit kündige ich meine oben genannte Rechtsschutzversicherung fristgerecht zum nächstmöglichen Zeitpunkt. Bitte senden Sie mir eine schriftliche Bestätigung  der Kündigung unter Angabe des Beendigungszeitpunktes zu.</letter_text></item>
<item><category>Versicherung</category><source_url>https://www.aboalarm.de/kuendigung-adresse/rechtsschutzversicherung/devk</source_url><sub_category>Rechtsschutzversicherung</sub_category><company>DEVK Rechtsschutzversicherung</company><full_address>DEVK Rechtsschutz-Versicherungs-AG Riehler Str. 190 50735 Köln</full_address><address>DEVK Rechtsschutz-Versicherungs-AG</address><city>Köln</city><zip>50735</zip><email>info@devk.de</email><website>http://www.devk.de</website><fax>0221/7572200</fax><hotline>01802757757</hotline><Weitere_Adressen_name>DEVK Auslandskrankenversicherung,DEVK Berufsunfähigkeitsversicherung,DEVK Erwerbsunfähigkeitsversicherung,DEVK Glasversicherung,DEVK Haftpflichtversicherung,DEVK Haus-/Grundbesitzerhaftpflichtversicherung,DEVK Hausratversicherung,DEVK KFZ-Versicherung,DEVK Krankenversicherung,DEVK Pensionsfonds,DEVK Pflegeversicherung,DEVK Reisegepäckversicherung,DEVK Reiseversicherung,DEVK Rentenversicherung,DEVK Risiko-Lebensversicherung,DEVK Schwere Krankheiten (Dread Disease) Versicherung,DEVK Sterbegeldversicherung,DEVK Tierhalterhaftpflichtversicherung,DEVK Unfallversicherung,DEVK Wohngebäudeversicherung,DEVK Zahnzusatzversicherung</Weitere_Adressen_name><Weitere_Adressen_link>https://www.aboalarm.de/kuendigung-adresse/krankenversicherung/devk-auslandskrankenversicherung,https://www.aboalarm.de/kuendigung-adresse/berufsunfaehigkeitsversicherung/devk,https://www.aboalarm.de/kuendigung-adresse/rentenversicherung/devk-erwerbsunfaehigkeitsversicherung,https://www.aboalarm.de/kuendigung-adresse/versicherung/devk-glasversicherung,https://www.aboalarm.de/kuendigung-adresse/haftpflichtversicherung/devk,https://www.aboalarm.de/kuendigung-adresse/haftpflichtversicherung/devk-haus-grundbesitzerhaftpflichtversicherung,https://www.aboalarm.de/kuendigung-adresse/hausratversicherung/devk,https://www.aboalarm.de/kuendigung-adresse/kfz-versicherung/devk,https://www.aboalarm.de/kuendigung-adresse/krankenversicherung/devk,https://www.aboalarm.de/kuendigung-adresse/rentenversicherung/devk-pensionsfonds,https://www.aboalarm.de/kuendigung-adresse/rentenversicherung/devk-pflegeversicherung,https://www.aboalarm.de/kuendigung-adresse/reiseversicherung/devk-reisegepaeckversicherung,https://www.aboalarm.de/kuendigung-adresse/reiseversicherung/devk,https://www.aboalarm.de/kuendigung-adresse/rentenversicherung/devk,https://www.aboalarm.de/kuendigung-adresse/lebensversicherung/devk-risiko-lebensversicherung,https://www.aboalarm.de/kuendigung-adresse/krankenversicherung/devk-schwere-krankheiten-dread-disease-versicherung,https://www.aboalarm.de/kuendigung-adresse/versicherung/devk-sterbegeldversicherung,https://www.aboalarm.de/kuendigung-adresse/haftpflichtversicherung/devk-tierhalterhaftpflichtversicherung,https://www.aboalarm.de/kuendigung-adresse/unfallversicherung/devk,https://www.aboalarm.de/kuendigung-adresse/versicherung/devk-wohngebaeudeversicherung,https://www.aboalarm.de/kuendigung-adresse/zahnzusatzversicherung/devk</Weitere_Adressen_link><form_field>Versicherungsnummer</form_field><subject>Sehr geehrte Damen und Herren,</subject><letter_text>hiermit kündige ich meine oben genannte Rechtsschutzversicherung fristgerecht zum nächstmöglichen Zeitpunkt. Bitte senden Sie mir eine schriftliche Bestätigung  der Kündigung unter Angabe des Beendigungszeitpunktes zu.</letter_text></item>
<item><category>Versicherung</category><source_url>https://www.aboalarm.de/kuendigung-adresse/rechtsschutzversicherung/debeka</source_url><sub_category>Rechtsschutzversicherung</sub_category><company>Debeka Rechtsschutzversicherung</company><full_address>Debeka Allgemeine Versicherung AG Ferdinand-Sauerbruch-Straße 18 56073 Koblenz</full_address><address>Debeka Allgemeine Versicherung AG</address><city>Koblenz</city><zip>56073</zip><email>kundenservice@debeka.de</email><website>http://www.debeka.de</website><fax>02614985555</fax><hotline>(02 61) 4 98 - 46 64</hotline><Weitere_Adressen_name>Debeka Auslandskrankenversicherung,Debeka Bausparkasse,Debeka Berufsunfähigkeitsversicherung,Debeka BKK,Debeka Glasversicherung,Debeka Haftpflichtversicherung,Debeka Haus-/Grundbesitzerhaftpflichtversicherung,Debeka Hausratversicherung,Debeka KFZ-Versicherung,Debeka Krankenversicherung,Debeka Krankenzusatzversicherung,Debeka Pensionskasse,Debeka Pflegeversicherung,DEBEKA Reisegepäckversicherung,Debeka Rentenversicherung,Debeka Riester-Rente,Debeka Risiko-Lebensversicherung,Debeka Schwere Krankheiten (Dread Disease) Versicherung,Debeka Sterbegeldversicherung,Debeka Tierhalterhaftpflichtversicherung,Debeka Unfallversicherung,Debeka Wohngebäudeversicherung,Debeka Zahnzusatzversicherung</Weitere_Adressen_name><Weitere_Adressen_link>https://www.aboalarm.de/kuendigung-adresse/krankenversicherung/debeka-auslandskrankenversicherung,https://www.aboalarm.de/kuendigung-adresse/bausparvertrag/debeka,https://www.aboalarm.de/kuendigung-adresse/berufsunfaehigkeitsversicherung/debeka,https://www.aboalarm.de/kuendigung-adresse/krankenversicherung/debeka-bkk,https://www.aboalarm.de/kuendigung-adresse/versicherung/debeka-glasversicherung,https://www.aboalarm.de/kuendigung-adresse/haftpflichtversicherung/debeka,https://www.aboalarm.de/kuendigung-adresse/haftpflichtversicherung/debeka-haus-grundbesitzerhaftpflichtversicherung,https://www.aboalarm.de/kuendigung-adresse/hausratversicherung/debeka,https://www.aboalarm.de/kuendigung-adresse/kfz-versicherung/debeka,https://www.aboalarm.de/kuendigung-adresse/krankenversicherung/debeka,https://www.aboalarm.de/kuendigung-adresse/krankenversicherung/debeka-sonstige-krankenzusatzversicherung,https://www.aboalarm.de/kuendigung-adresse/rentenversicherung/debeka-pensionskasse,https://www.aboalarm.de/kuendigung-adresse/krankenversicherung/debeka-pflegeversicherung,https://www.aboalarm.de/kuendigung-adresse/reiseversicherung/debeka,https://www.aboalarm.de/kuendigung-adresse/rentenversicherung/debeka,https://www.aboalarm.de/kuendigung-adresse/rentenversicherung/debeka-riester-rente,https://www.aboalarm.de/kuendigung-adresse/lebensversicherung/debeka-risiko-lebensversicherung,https://www.aboalarm.de/kuendigung-adresse/krankenversicherung/debeka-schwere-krankheiten-dread-disease-versicherung,https://www.aboalarm.de/kuendigung-adresse/versicherung/debeka-sterbegeldversicherung,https://www.aboalarm.de/kuendigung-adresse/haftpflichtversicherung/debeka-tierhalterhaftpflichtversicherung,https://www.aboalarm.de/kuendigung-adresse/unfallversicherung/debeka-unfallversicherung,https://www.aboalarm.de/kuendigung-adresse/versicherung/debeka-wohngebaeudeversicherung,https://www.aboalarm.de/kuendigung-adresse/zahnzusatzversicherung/debeka</Weitere_Adressen_link><form_field>Versicherungsnummer</form_field><subject>Sehr geehrte Damen und Herren,</subject><letter_text>hiermit kündige ich meine oben genannte Rechtsschutzversicherung fristgerecht zum nächstmöglichen Zeitpunkt. Bitte senden Sie mir eine schriftliche Bestätigung  der Kündigung unter Angabe des Beendigungszeitpunktes zu.</letter_text></item>
<item><category>Versicherung</category><source_url>https://www.aboalarm.de/kuendigung-adresse/rechtsschutzversicherung/concordia</source_url><sub_category>Rechtsschutzversicherung</sub_category><company>Concordia Rechtsschutzversicherung</company><full_address>Concordia Rechtsschutz-Versicherungs-AG Karl-Wiechert-Allee 55 30625 Hannover</full_address><address>Concordia Rechtsschutz-Versicherungs-AG</address><city>Hannover</city><zip>30625</zip><email>versicherungen@concordia.de</email><website>http://www.concordia.de</website><fax>0511/5701-1400</fax><hotline>0511/5701-0</hotline><Weitere_Adressen_name>Concordia Auslandskrankenversicherung,Concordia Berufsunfähigkeitsversicherung,Concordia Glasversicherung,Concordia Haftpflichtversicherung,Concordia Haus-/Grundbesitzerhaftpflichtversicherung,Concordia Hausratversicherung,Concordia KFZ-Versicherung,Concordia Krankenversicherung,Concordia Krankenzusatzversicherung,Concordia Lebensversicherung,Concordia Pflegeversicherung,Concordia Private Krankenvollversicherung,Concordia Rentenversicherung,Concordia Riester-Rente,Concordia Risiko-Lebensversicherung,Concordia Sterbegeldversicherung,Concordia Tierhalterhaftpflichtversicherung,Concordia Unfallversicherung,Concordia Wohngebäudeversicherung,Concordia Zahnzusatzversicherung</Weitere_Adressen_name><Weitere_Adressen_link>https://www.aboalarm.de/kuendigung-adresse/krankenversicherung/concordia-auslandskrankenversicherung,https://www.aboalarm.de/kuendigung-adresse/berufsunfaehigkeitsversicherung/concordia,https://www.aboalarm.de/kuendigung-adresse/versicherung/concordia-glasversicherung,https://www.aboalarm.de/kuendigung-adresse/haftpflichtversicherung/concordia,https://www.aboalarm.de/kuendigung-adresse/haftpflichtversicherung/concordia-haus-grundbesitzerhaftpflichtversicherung,https://www.aboalarm.de/kuendigung-adresse/hausratversicherung/concordia,https://www.aboalarm.de/kuendigung-adresse/kfz-versicherung/concordia,https://www.aboalarm.de/kuendigung-adresse/krankenversicherung/concordia,https://www.aboalarm.de/kuendigung-adresse/krankenversicherung/concordia-sonstige-krankenzusatzversicherung,https://www.aboalarm.de/kuendigung-adresse/lebensversicherung/concordia-versicherung,https://www.aboalarm.de/kuendigung-adresse/krankenversicherung/concordia-pflegeversicherung,https://www.aboalarm.de/kuendigung-adresse/krankenversicherung/concordia-private-krankenvollversicherung,https://www.aboalarm.de/kuendigung-adresse/rentenversicherung/concordia,https://www.aboalarm.de/kuendigung-adresse/rentenversicherung/concordia-rieser-rente,https://www.aboalarm.de/kuendigung-adresse/lebensversicherung/concordia-risiko-lebensversicherung,https://www.aboalarm.de/kuendigung-adresse/versicherung/concordia-sterbegeldversicherung,https://www.aboalarm.de/kuendigung-adresse/haftpflichtversicherung/concordia-tierhalterhaftpflichtversicherung,https://www.aboalarm.de/kuendigung-adresse/unfallversicherung/concordia,https://www.aboalarm.de/kuendigung-adresse/versicherung/concordia-wohngebaeudeversicherung,https://www.aboalarm.de/kuendigung-adresse/zahnzusatzversicherung/concordia</Weitere_Adressen_link><form_field>Versicherungsnummer</form_field><subject>Sehr geehrte Damen und Herren,</subject><letter_text>hiermit kündige ich meine oben genannte Rechtsschutzversicherung fristgerecht zum nächstmöglichen Zeitpunkt. Bitte senden Sie mir eine schriftliche Bestätigung  der Kündigung unter Angabe des Beendigungszeitpunktes zu.</letter_text></item>
<item><category>Versicherung</category><source_url>https://www.aboalarm.de/kuendigung-adresse/rechtsschutzversicherung/d-a-s-versicherungen</source_url><sub_category>Rechtsschutzversicherung</sub_category><company>D.A.S. Rechtsschutzversicherung</company><full_address>ERGO Versicherung AG Victoriaplatz 2 40198 Düsseldorf</full_address><address>ERGO Versicherung AG</address><city>Düsseldorf</city><zip>40198</zip><email>kundenservice@das.de</email><website>http://www.das.de</website><fax>08962751650</fax><hotline>08003746555</hotline><Weitere_Adressen_name>D.A.S. Rechtsschutzversicherung Österreich</Weitere_Adressen_name><Weitere_Adressen_link>https://www.aboalarm.de/kuendigung-adresse/rechtsschutzversicherung/d-a-s-oesterreich</Weitere_Adressen_link><form_field>Versicherungsnummer</form_field><subject>Sehr geehrte Damen und Herren,</subject><letter_text>hiermit kündige ich meine oben genannte Rechtsschutzversicherung fristgerecht zum nächstmöglichen Zeitpunkt. Bitte senden Sie mir eine schriftliche Bestätigung  der Kündigung unter Angabe des Beendigungszeitpunktes zu.</letter_text></item>
<item><category>Versicherung</category><source_url>https://www.aboalarm.de/kuendigung-adresse/rechtsschutzversicherung/arag-rechtsschutzversicherung</source_url><sub_category>Rechtsschutzversicherung</sub_category><company>Arag Privatrechtsschutzversicherung</company><full_address>ARAG Allgemeine Versicherungs-AG ARAG Platz 1 40472 Düsseldorf</full_address><address>ARAG Allgemeine Versicherungs-AG</address><city>Düsseldorf</city><zip>40472</zip><email>service@arag.de</email><website>http://www.arag.de</website><fax>0211 963-2850</fax><hotline>0211 98 700 700</hotline><Weitere_Adressen_name></Weitere_Adressen_name><Weitere_Adressen_link></Weitere_Adressen_link><form_field>Versicherungsnummer</form_field><subject>Sehr geehrte Damen und Herren,</subject><letter_text>hiermit kündige ich meine oben genannte Rechtsschutzversicherung fristgerecht zum nächstmöglichen Zeitpunkt. Bitte senden Sie mir eine schriftliche Bestätigung  der Kündigung unter Angabe des Beendigungszeitpunktes zu.</letter_text></item>
<item><category>Versicherung</category><source_url>https://www.aboalarm.de/kuendigung-adresse/rechtsschutzversicherung/da-deutsche-allg-versicherung</source_url><sub_category>Rechtsschutzversicherung</sub_category><company>DA Deutsche Allgemeine Rechtsschutzversicherung</company><full_address>DA Deutsche Allgemeine Versicherung AG Oberstedter Straße 14 61440 Oberursel</full_address><address>DA Deutsche Allgemeine Versicherung AG</address><city>Oberursel</city><zip>61440</zip><email>infoservice@da-direkt.de</email><website>http://www.da-direkt.de</website><fax>069 71157751</fax><hotline>061718972672</hotline><Weitere_Adressen_name></Weitere_Adressen_name><Weitere_Adressen_link></Weitere_Adressen_link><form_field>Versicherungsnummer</form_field><subject>Sehr geehrte Damen und Herren,</subject><letter_text>hiermit kündige ich meine oben genannte Rechtsschutzversicherung fristgerecht zum nächstmöglichen Zeitpunkt. Bitte senden Sie mir eine schriftliche Bestätigung  der Kündigung unter Angabe des Beendigungszeitpunktes zu.</letter_text></item>
<item><category>Versicherung</category><source_url>https://www.aboalarm.de/kuendigung-adresse/rechtsschutzversicherung/allrecht</source_url><sub_category>Rechtsschutzversicherung</sub_category><company>Allrecht Rechtsschutzversicherung</company><full_address>Allrecht Rechtsschutzversicherung AG Liesegangstr. 15 40211 Düsseldorf</full_address><address>Allrecht Rechtsschutzversicherung AG</address><city>Düsseldorf</city><zip>40211</zip><email>service@allrecht.de</email><website>http://www.allrecht.de</website><fax>0211/9089999</fax><hotline>0211908990</hotline><Weitere_Adressen_name></Weitere_Adressen_name><Weitere_Adressen_link></Weitere_Adressen_link><form_field>Versicherungsnummer</form_field><subject>Sehr geehrte Damen und Herren,</subject><letter_text>hiermit kündige ich meine oben genannte Rechtsschutzversicherung fristgerecht zum nächstmöglichen Zeitpunkt. Bitte senden Sie mir eine schriftliche Bestätigung  der Kündigung unter Angabe des Beendigungszeitpunktes zu.</letter_text></item>
<item><category>Versicherung</category><source_url>https://www.aboalarm.de/kuendigung-adresse/rechtsschutzversicherung/allianz</source_url><sub_category>Rechtsschutzversicherung</sub_category><company>Allianz Rechtsschutzversicherung</company><full_address>Allianz Versicherungs-AG 10900 Berlin</full_address><address>Allianz Versicherungs-AG</address><city>Berlin</city><zip>10900</zip><email>info@allianz.de</email><website>http://www.allianz.de</website><fax>08004400102</fax><hotline>08001122555</hotline><Weitere_Adressen_name>Allianz 24 Kfz-Versicherung,Allianz AktivDepot,Allianz Altersvorsorge,Allianz Auslandskrankenversicherung,Allianz Berufsunfähigkeitsversicherung,Allianz Direct Haftpflichtversicherung (ehemals AllSecur),Allianz Direct Hausratsversicherung (ehemals AllSecur),Allianz Direct KFZ-Versicherung (ehemals AllSecur),Allianz Direct Rechtsschutzversicherung (ehemals AllSecur),Allianz Direct Risiko-Lebensversicherung (ehemals AllSecur),Allianz Elektronikversicherung,Allianz Erwerbsunfähigkeitsversicherung,Allianz Fahrradversicherung,Allianz Glasversicherung,Allianz Global Investors,Allianz Haftpflichtversicherung,Allianz Haus-/Grundbesitzerhaftpflichtversicherung,Allianz Hausratversicherung,Allianz Immobilien-Rechtsschutzversicherung,Allianz Kfz-Versicherung,Allianz Krankenzusatzversicherung,Allianz Lebensversicherung,Allianz Pensionskasse,Allianz Pflegeversicherung,Allianz Private Krankenversicherung,Allianz Reisegepäckversicherung,Allianz Reiseunfallversicherung,Allianz Reiseversicherung (Allianz Global Assistance),Allianz Rentenversicherung,Allianz Riester-Rente,Allianz Risiko-Lebensversicherung,Allianz Schwere Krankheiten (Dread Disease),Allianz Sterbegeldversicherung,Allianz Tierhalterhaftpflichtversicherung,Allianz Travel,Allianz Unfallversicherung,Allianz Wohngebäudeversicherung,Allianz Zahnzusatzversicherung</Weitere_Adressen_name><Weitere_Adressen_link>https://www.aboalarm.de/kuendigung-adresse/kfz-versicherung/allianz-24,https://www.aboalarm.de/kuendigung-adresse/finanzen/allianz-aktivdepot,https://www.aboalarm.de/kuendigung-adresse/rentenversicherung/allianz-altersvorsorge,https://www.aboalarm.de/kuendigung-adresse/krankenversicherung/allianz-auslandskrankenversicherung,https://www.aboalarm.de/kuendigung-adresse/berufsunfaehigkeitsversicherung/allianz-berufsunfaehigkeitsversicherung,https://www.aboalarm.de/kuendigung-adresse/haftpflichtversicherung/allianz-direkt-haftpflichtversicherungallsecur,https://www.aboalarm.de/kuendigung-adresse/hausratversicherung/allianz-direkt-hausratversicherungallsecur,https://www.aboalarm.de/kuendigung-adresse/kfz-versicherung/allianz-direkt-kfz-versicherungallsecur,https://www.aboalarm.de/kuendigung-adresse/rechtsschutzversicherung/allsecur-rechtsschutzversicherung,https://www.aboalarm.de/kuendigung-adresse/lebensversicherung/allsecur-risiko-lebensversicherung,https://www.aboalarm.de/kuendigung-adresse/versicherung/allianz-elektronikversicherung,https://www.aboalarm.de/kuendigung-adresse/rentenversicherung/allianz-erwerbsunfaehigkeitsversicherung,https://www.aboalarm.de/kuendigung-adresse/versicherung/allianz-fahrradversicherung,https://www.aboalarm.de/kuendigung-adresse/versicherung/allianz-glasversicherung,https://www.aboalarm.de/kuendigung-adresse/sonstige/allianz-global-investors,https://www.aboalarm.de/kuendigung-adresse/haftpflichtversicherung/allianz,https://www.aboalarm.de/kuendigung-adresse/haftpflichtversicherung/allianz-haus-grundbesitzerhaftpflichtversicherung,https://www.aboalarm.de/kuendigung-adresse/hausratversicherung/allianz,https://www.aboalarm.de/kuendigung-adresse/rechtsschutzversicherung/allianz-immobilien-rechtsschutzversicherung,https://www.aboalarm.de/kuendigung-adresse/kfz-versicherung/allianz,https://www.aboalarm.de/kuendigung-adresse/krankenversicherung/allianz-sonstige-krankenzusatzversicherung,https://www.aboalarm.de/kuendigung-adresse/berufsunfaehigkeitsversicherung/allianz,https://www.aboalarm.de/kuendigung-adresse/rentenversicherung/allianz-pensionskasse,https://www.aboalarm.de/kuendigung-adresse/versicherung/allianz-pflegeversicherung,https://www.aboalarm.de/kuendigung-adresse/krankenversicherung/allianz,https://www.aboalarm.de/kuendigung-adresse/reiseversicherung/allianz,https://www.aboalarm.de/kuendigung-adresse/unfallversicherung/allianz-reiseunfallversicherung,https://www.aboalarm.de/kuendigung-adresse/versicherung/allianz-aga-international,https://www.aboalarm.de/kuendigung-adresse/rentenversicherung/allianz,https://www.aboalarm.de/kuendigung-adresse/rentenversicherung/allianz-riester-rente,https://www.aboalarm.de/kuendigung-adresse/lebensversicherung/allianz-risiko,https://www.aboalarm.de/kuendigung-adresse/krankenversicherung/allianz-schwere-krankheiten-dread-disease,https://www.aboalarm.de/kuendigung-adresse/versicherung/allianz-sterbegeldversicherung,https://www.aboalarm.de/kuendigung-adresse/haftpflichtversicherung/allianz-tierhalterhaftpflichtversicherung,https://www.aboalarm.de/kuendigung-adresse/abonnement/allianz-reiseversicherung,https://www.aboalarm.de/kuendigung-adresse/unfallversicherung/allianz,https://www.aboalarm.de/kuendigung-adresse/versicherung/allianz-wohngebaeudeversicherung,https://www.aboalarm.de/kuendigung-adresse/zahnzusatzversicherung/allianz</Weitere_Adressen_link><form_field>Versicherungsnummer</form_field><subject>Sehr geehrte Damen und Herren,</subject><letter_text>hiermit kündige ich meine oben genannte Rechtsschutzversicherung fristgerecht zum nächstmöglichen Zeitpunkt. Bitte senden Sie mir eine schriftliche Bestätigung  der Kündigung unter Angabe des Beendigungszeitpunktes zu.</letter_text></item>
<item><category>Versicherung</category><source_url>https://www.aboalarm.de/kuendigung-adresse/rechtsschutzversicherung/advocard</source_url><sub_category>Rechtsschutzversicherung</sub_category><company>Advocard Rechtsschutzversicherung</company><full_address>Advocard Rechtsschutzversicherung AG Postfach 10 64 31 20043 Hamburg</full_address><address>Advocard Rechtsschutzversicherung AG</address><city>Hamburg</city><zip>20043</zip><email>nachricht@advocard.de</email><website>http://www.advocard.de</website><fax>04023731414</fax><hotline>040237310</hotline><Weitere_Adressen_name></Weitere_Adressen_name><Weitere_Adressen_link></Weitere_Adressen_link><form_field>Versicherungsnummer</form_field><subject>Sehr geehrte Damen und Herren,</subject><letter_text>hiermit kündige ich meine oben genannte Rechtsschutzversicherung fristgerecht zum nächstmöglichen Zeitpunkt. Bitte senden Sie mir eine schriftliche Bestätigung  der Kündigung unter Angabe des Beendigungszeitpunktes zu.</letter_text></item>
</items>