<?xml version="1.0" encoding="utf-8"?>
<items>
<item><category>Versicherung</category><source_url>https://www.aboalarm.de/kuendigung-adresse/reiseversicherung/hansemerkur</source_url><sub_category>Reiseversicherung</sub_category><company>HanseMerkur Reiseversicherung</company><full_address>HanseMerkur Reiseversicherung AG Siegfried-Wedells-Platz 1 20354 Hamburg</full_address><address>HanseMerkur Reiseversicherung AG</address><city>Hamburg</city><zip>20354</zip><email>info@hansemerkur.de</email><website>https://www.hansemerkur.de</website><fax>040/41193257</fax><hotline>04041190</hotline><Weitere_Adressen_name>HanseMerkur Auslandskrankenversicherung,HanseMerkur Berufsunfähigkeitsversicherung,HanseMerkur Glasversicherung,HanseMerkur Haftpflichtversicherung,HanseMerkur Haus-/Grundbesitzerhaftpflichtversicherung,HanseMerkur Hausratversicherung,HanseMerkur Hunde-OP Versicherung,HanseMerkur KFZ-Versicherung,HanseMerkur Krankenversicherung,HanseMerkur Krankenzusatzversicherung,HanseMerkur Lebensversicherung,HanseMerkur Pflegeversicherung,HanseMerkur Private Krankenvollversicherung,HanseMerkur Rechtsschutzversicherung,HanseMerkur Reisegepäckversicherung,HanseMerkur Reiseunfallversicherung,HanseMerkur Rentenversicherung,HanseMerkur Risiko-Lebensversicherung,HanseMerkur Schwere Krankheiten (Dread Disease) Versicherung,HanseMerkur Speziale Krankenversicherung,HanseMerkur Sterbegeldversicherung,HanseMerkur Tierhalterhaftpflichtversicherung,HanseMerkur Unfallversicherung,HanseMerkur Versicherung,HanseMerkur Wohngebäudeversicherung,HanseMerkur Zahnzusatzversicherung</Weitere_Adressen_name><Weitere_Adressen_link>https://www.aboalarm.de/kuendigung-adresse/krankenversicherung/hansemerkur-auslandskrankenversicherung,https://www.aboalarm.de/kuendigung-adresse/berufsunfaehigkeitsversicherung/hansemerkur,https://www.aboalarm.de/kuendigung-adresse/versicherung/hansemerkur-glasversicherung,https://www.aboalarm.de/kuendigung-adresse/haftpflichtversicherung/hansemerkur,https://www.aboalarm.de/kuendigung-adresse/haftpflichtversicherung/hansemerkur-haus-grundbesitzerhaftpflichtversicherung,https://www.aboalarm.de/kuendigung-adresse/hausratversicherung/hansemerkur,https://www.aboalarm.de/kuendigung-adresse/krankenversicherung/hansemerkur-hunde-op-versicherung,https://www.aboalarm.de/kuendigung-adresse/kfz-versicherung/hansemerkur,https://www.aboalarm.de/kuendigung-adresse/krankenversicherung/hansemerkur,https://www.aboalarm.de/kuendigung-adresse/krankenversicherung/hansemerkur-sonstige-krankenzusatzversicherung,https://www.aboalarm.de/kuendigung-adresse/lebensversicherung/hansemerkur-lebensversicherung,https://www.aboalarm.de/kuendigung-adresse/krankenversicherung/hansemerkur-pflegeversicherung,https://www.aboalarm.de/kuendigung-adresse/krankenversicherung/hansemerkur-private-krankenvollversicherung,https://www.aboalarm.de/kuendigung-adresse/rechtsschutzversicherung/hansemerkur,https://www.aboalarm.de/kuendigung-adresse/reiseversicherung/hansemerkur-reisegepaeckversicherung,https://www.aboalarm.de/kuendigung-adresse/unfallversicherung/hansemerkur-reiseunfallversicherung,https://www.aboalarm.de/kuendigung-adresse/rentenversicherung/hansemerkur,https://www.aboalarm.de/kuendigung-adresse/lebensversicherung/hansemerkur-risiko-lebensversicherung,https://www.aboalarm.de/kuendigung-adresse/krankenversicherung/hansemerkur-schwere-krankheiten-dread-disease-versicherung,https://www.aboalarm.de/kuendigung-adresse/krankenversicherung/hansemerkur-speziale-krankenversicherung,https://www.aboalarm.de/kuendigung-adresse/versicherung/hansemerkur-sterbegeldversicherung,https://www.aboalarm.de/kuendigung-adresse/haftpflichtversicherung/hansemerkur-tierhalterhaftpflichtversicherung,https://www.aboalarm.de/kuendigung-adresse/unfallversicherung/hansemerkur,https://www.aboalarm.de/kuendigung-adresse/versicherung/hansemerkur,https://www.aboalarm.de/kuendigung-adresse/versicherung/hansemerkur-wohngebaeudeversicherung,https://www.aboalarm.de/kuendigung-adresse/zahnzusatzversicherung/hansemerkur</Weitere_Adressen_link><form_field>Versicherungsnummer</form_field><subject>Sehr geehrte Damen und Herren,</subject><letter_text>hiermit kündige ich meine oben genannte Reiseversicherung fristgerecht zum nächstmöglichen Zeitpunkt. Bitte senden Sie mir eine schriftliche Bestätigung der Kündigung unter Angabe des Beendigungszeitpunktes zu.</letter_text></item>
<item><category>Versicherung</category><source_url>https://www.aboalarm.de/kuendigung-adresse/reiseversicherung/ergoerv</source_url><sub_category>Reiseversicherung</sub_category><company>ERGO Reiseversicherung (ehemals ERV Europäische Reiseversicherung)</company><full_address>ERGO Versicherung AG Europäische Reiseversicherung ERGO-Platz 1 40477 Düsseldorf</full_address><address>ERGO Versicherung AG</address><city>1</city><zip>ERGO-Platz</zip><email>contact@ergo-reiseversicherung.de</email><website>http://www.ergo.de</website><fax>01803 123460</fax><hotline>08003746000</hotline><Weitere_Adressen_name></Weitere_Adressen_name><Weitere_Adressen_link></Weitere_Adressen_link><form_field>Versicherungsnummer</form_field><subject>Sehr geehrte Damen und Herren,</subject><letter_text>hiermit kündige ich meine oben genannte Reiseversicherung fristgerecht zum nächstmöglichen Zeitpunkt. Bitte senden Sie mir eine schriftliche Bestätigung der Kündigung unter Angabe des Beendigungszeitpunktes zu.</letter_text></item>
</items>