<?xml version="1.0" encoding="utf-8"?>
<items>
<item><category>Versicherung</category><source_url>https://www.aboalarm.de/kuendigung-adresse/rentenversicherung/zurich-deutscher-herold</source_url><sub_category>Rentenversicherung</sub_category><company>Zurich Rentenversicherung</company><full_address>Zurich Gruppe Deutschland Poppelsdorfer Allee 25-33 53115 Bonn</full_address><address>Zurich Gruppe Deutschland</address><city>Bonn</city><zip>53115</zip><email>service@zurich.de</email><website>http://www.zurich.de</website><fax>02282687777</fax><hotline>0228 268-2670</hotline><Weitere_Adressen_name>Zurich Bausparkasse,Zurich Berufsunfähigkeitsversicherung,Zurich Betriebshaftpflichtversicherung,Zurich Erwerbsunfähigkeitsversicherung,Zurich Gebäudeversicherung,Zurich Glasversicherung,Zurich Haftpflichtversicherung,Zurich Haus-/Grundbesitzerhaftpflichtversicherung,Zurich Hausratversicherung,Zurich KFZ-Versicherung,Zurich Lebensversicherung,Zurich MultiPlus Versicherung,Zurich Pflegeversicherung,Zurich Reisegepäckversicherung,Zurich Riester-Rente,Zurich Risiko-Lebensversicherung,Zurich Schwere Krankheiten (Dread Disease) Versicherung,Zurich Sterbegeldversicherung,Zurich Tierhalterhaftpflichtversicherung,Zurich Unfallversicherung,Zurich Wohngebäudeversicherung</Weitere_Adressen_name><Weitere_Adressen_link>https://www.aboalarm.de/kuendigung-adresse/bausparvertrag/zurich,https://www.aboalarm.de/kuendigung-adresse/berufsunfaehigkeitsversicherung/zurich-deutscher-herold,https://www.aboalarm.de/kuendigung-adresse/haftpflichtversicherung/zurich-betriebshaftpflichtversicherung,https://www.aboalarm.de/kuendigung-adresse/rentenversicherung/zurich-erwerbsunfaehigkeitsversicherung,https://www.aboalarm.de/kuendigung-adresse/versicherung/zurich-gebaeudeversicherung,https://www.aboalarm.de/kuendigung-adresse/versicherung/zurich-glasversicherung,https://www.aboalarm.de/kuendigung-adresse/haftpflichtversicherung/zurich,https://www.aboalarm.de/kuendigung-adresse/haftpflichtversicherung/zurich-haus-grundbesitzerhaftpflichtversicherung,https://www.aboalarm.de/kuendigung-adresse/hausratversicherung/zurich,https://www.aboalarm.de/kuendigung-adresse/kfz-versicherung/zurich,https://www.aboalarm.de/kuendigung-adresse/lebensversicherung/zurich,https://www.aboalarm.de/kuendigung-adresse/versicherung/zurich-multiplus-versicherung,https://www.aboalarm.de/kuendigung-adresse/krankenversicherung/zurich-pflegeversicherung,https://www.aboalarm.de/kuendigung-adresse/reiseversicherung/zurich,https://www.aboalarm.de/kuendigung-adresse/rentenversicherung/zurich-riester-rente,https://www.aboalarm.de/kuendigung-adresse/lebensversicherung/zurich-risiko-lebensversicherung,https://www.aboalarm.de/kuendigung-adresse/krankenversicherung/zurich-schwere-krankheiten-dread-disease-versicherung,https://www.aboalarm.de/kuendigung-adresse/versicherung/zurich-sterbegeldversicherung,https://www.aboalarm.de/kuendigung-adresse/haftpflichtversicherung/zurich-tierhalterhaftpflichtversicherung,https://www.aboalarm.de/kuendigung-adresse/unfallversicherung/zurich-unfallversicherung,https://www.aboalarm.de/kuendigung-adresse/versicherung/zurich-wohngebaeudeversicherung</Weitere_Adressen_link><form_field>Versicherungsnummer</form_field><subject>Sehr geehrte Damen und Herren,</subject><letter_text>hiermit kündige ich meine oben genannte Rentenversicherung fristgerecht zum nächstmöglichen Zeitpunkt. Bitte senden Sie mir eine schriftliche Bestätigung der Kündigung unter Angabe des Beendigungszeitpunktes zu.</letter_text></item>
<item><category>Versicherung</category><source_url>https://www.aboalarm.de/kuendigung-adresse/rentenversicherung/targo-versicherung</source_url><sub_category>Rentenversicherung</sub_category><company>Targo Rentenversicherung</company><full_address>TARGO Versicherung AG Proactiv-Platz 1 40721 Hilden</full_address><address>TARGO Versicherung AG</address><city>Hilden</city><zip>40721</zip><email>info@targoversicherung.de</email><website>http://www.targoversicherung.de</website><fax>02103347109</fax><hotline>02103348820</hotline><Weitere_Adressen_name>Targo Versicherung / CiV Lebensversicherung</Weitere_Adressen_name><Weitere_Adressen_link>https://www.aboalarm.de/kuendigung-adresse/lebensversicherung/targo</Weitere_Adressen_link><form_field>Versicherungsnummer</form_field><subject>Sehr geehrte Damen und Herren,</subject><letter_text>hiermit kündige ich meine oben genannte Rentenversicherung fristgerecht zum nächstmöglichen Zeitpunkt. Bitte senden Sie mir eine schriftliche Bestätigung der Kündigung unter Angabe des Beendigungszeitpunktes zu.</letter_text></item>
<item><category>Versicherung</category><source_url>https://www.aboalarm.de/kuendigung-adresse/rentenversicherung/signal-iduna</source_url><sub_category>Rentenversicherung</sub_category><company>Signal Iduna Rentenversicherung</company><full_address>Signal Iduna Gruppe Joseph-Scherer-Str. 3 44139 Dortmund</full_address><address>Signal Iduna Gruppe</address><city>Dortmund</city><zip>44139</zip><email>info@signal-iduna.de</email><website>http://www.signal-iduna.de</website><fax>02311354638</fax><hotline>02311357992</hotline><Weitere_Adressen_name>Signal Iduna  Schwere Krankheiten (Dread Disease) Versicherung,Signal Iduna Altersvorsorge,SIGNAL IDUNA Bauspar,Signal Iduna Berufsunfähigkeitsversicherung,Signal Iduna Depot,SIGNAL IDUNA Elektronikschadenversicherung,Signal Iduna Elektronikversicherung,SIGNAL IDUNA Elementarschadenversicherung,Signal Iduna Glasversicherung,Signal Iduna Haftpflichtversicherung,Signal Iduna Haus-/Grundbesitzerhaftpflichtversicherung,SIGNAL IDUNA Haushaltglasversicherung,Signal Iduna Hausratversicherung,Signal Iduna KFZ-Versicherung,Signal Iduna Krankenversicherung,SIGNAL IDUNA Lebensversicherung,SIGNAL IDUNA Pflegepflichtversicherung,Signal Iduna Rechtsschutzversicherung,Signal Iduna Reisegepäckversicherung,Signal Iduna Reiseversicherung,Signal Iduna Riester-Rente,Signal Iduna Sterbegeldversicherung,Signal Iduna Tierhalterhaftpflichtversicherung,Signal Iduna Unfallversicherung,Signal Iduna Wohngebäudeversicherung</Weitere_Adressen_name><Weitere_Adressen_link>https://www.aboalarm.de/kuendigung-adresse/krankenversicherung/signal-iduna-schwere-krankheiten-dread-disease-versicherung,https://www.aboalarm.de/kuendigung-adresse/rentenversicherung/signal-iduna-altersvorsorge,https://www.aboalarm.de/kuendigung-adresse/bausparvertrag/signal-iduna,https://www.aboalarm.de/kuendigung-adresse/berufsunfaehigkeitsversicherung/signal-iduna,https://www.aboalarm.de/kuendigung-adresse/finanzen/signal-iduna-depot,https://www.aboalarm.de/kuendigung-adresse/hausratversicherung/signal-iduna-elektronikschadenversicherung,https://www.aboalarm.de/kuendigung-adresse/versicherung/signal-iduna-elektronikversicherung,https://www.aboalarm.de/kuendigung-adresse/hausratversicherung/signal-iduna-elementarschadenversicherung,https://www.aboalarm.de/kuendigung-adresse/versicherung/signal-iduna-glasversicherung,https://www.aboalarm.de/kuendigung-adresse/haftpflichtversicherung/signal-iduna,https://www.aboalarm.de/kuendigung-adresse/haftpflichtversicherung/signal-iduna-haus-grundbesitzerhaftpflichtversicherung,https://www.aboalarm.de/kuendigung-adresse/abonnement/signal-iduna-haushaltglasversicherung,https://www.aboalarm.de/kuendigung-adresse/hausratversicherung/signal-iduna,https://www.aboalarm.de/kuendigung-adresse/kfz-versicherung/signal-iduna,https://www.aboalarm.de/kuendigung-adresse/krankenversicherung/signal-iduna,https://www.aboalarm.de/kuendigung-adresse/lebensversicherung/signal-iduna,https://www.aboalarm.de/kuendigung-adresse/versicherung/signal-iduna-pflegepflichtversicherung,https://www.aboalarm.de/kuendigung-adresse/rechtsschutzversicherung/signal-iduna,https://www.aboalarm.de/kuendigung-adresse/reiseversicherung/signal-iduna,https://www.aboalarm.de/kuendigung-adresse/reiseversicherung/signal-iduna-reiseversicherung,https://www.aboalarm.de/kuendigung-adresse/rentenversicherung/signal-iduna-riester-rente,https://www.aboalarm.de/kuendigung-adresse/versicherung/signal-iduna-sterbegeldversicherung,https://www.aboalarm.de/kuendigung-adresse/haftpflichtversicherung/signal-iduna-tierhalterhaftpflichtversicherung,https://www.aboalarm.de/kuendigung-adresse/unfallversicherung/signal-iduna-unfallversicherung,https://www.aboalarm.de/kuendigung-adresse/versicherung/signal-iduna-wohngebaeudeversicherung</Weitere_Adressen_link><form_field>Versicherungsnummer</form_field><subject>Sehr geehrte Damen und Herren,</subject><letter_text>hiermit kündige ich meine oben genannte Rentenversicherung fristgerecht zum nächstmöglichen Zeitpunkt. Bitte senden Sie mir eine schriftliche Bestätigung der Kündigung unter Angabe des Beendigungszeitpunktes zu.</letter_text></item>
<item><category>Versicherung</category><source_url>https://www.aboalarm.de/kuendigung-adresse/rentenversicherung/r-und-v</source_url><sub_category>Rentenversicherung</sub_category><company>R+V  Rentenversicherung</company><full_address>R+V Lebensversicherung AG Raiffeisenplatz 1 65189 Wiesbaden</full_address><address>R+V Lebensversicherung AG</address><city>Wiesbaden</city><zip>65189</zip><email>ruv@ruv.de</email><website>http://www.ruv.de</website><fax>06115334500</fax><hotline>018027853236</hotline><Weitere_Adressen_name>R+V  Krankenversicherung,R+V Allgemeine Versicherung Ag,R+V Auslandskrankenversicherung,R+V Berufshaftpflicht­versicherung,R+V Berufsunfähig­keits­versicherung,R+V Betriebs­haftpflicht­versicherung,R+V Betriebskrankenkasse,R+V Elektronikversicherung,R+V Erwerbsunfähigkeitsversicherung,R+V Glasversicherung,R+V Haftpflichtversicherung,R+V Haus-/Grundbesitzerhaftpflichtversicherung,R+V Hausratversicherung,R+V KFZ-Versicherung,R+V Lebensversicherung,R+V Pflegeversicherung,R+V Private Krankenvollversicherung,R+V Private Krankenzusatzversicherung,R+V Privatpolice,R+V Rechtsschutzversicherung,R+V Riester-Rente,R+V Schwere Krankheiten (Dread Disease) Versicherung,R+V Sterbegeldversicherung,R+V Tierhalterhaftpflichtversicherung,R+V Unfallversicherung,R+V Wohngebäudeversicherung,R+V Zahnzusatzversicherung,R+V24 KFZ-Versicherung</Weitere_Adressen_name><Weitere_Adressen_link>https://www.aboalarm.de/kuendigung-adresse/krankenversicherung/r-und-v,https://www.aboalarm.de/kuendigung-adresse/abonnement/r-und-v-allgemeine-versicherung,https://www.aboalarm.de/kuendigung-adresse/krankenversicherung/r-und-v-auslandskrankenversicherung,https://www.aboalarm.de/kuendigung-adresse/haftpflichtversicherung/r-und-v-berufshaftpflichtversicherung,https://www.aboalarm.de/kuendigung-adresse/berufsunfaehigkeitsversicherung/r-und-v,https://www.aboalarm.de/kuendigung-adresse/haftpflichtversicherung/r-und-v-betriebshaftpflichtversicherung,https://www.aboalarm.de/kuendigung-adresse/krankenversicherung/r-und-v-betriebskrankenkasse,https://www.aboalarm.de/kuendigung-adresse/versicherung/r-und-v-elektronikversicherung,https://www.aboalarm.de/kuendigung-adresse/rentenversicherung/r-und-v-erwerbsunfaehigkeitsversicherung,https://www.aboalarm.de/kuendigung-adresse/versicherung/r-und-v-glasversicherung,https://www.aboalarm.de/kuendigung-adresse/haftpflichtversicherung/r-plus-v,https://www.aboalarm.de/kuendigung-adresse/haftpflichtversicherung/r-und-v-haus-grundbesitzerhaftpflichtversicherung,https://www.aboalarm.de/kuendigung-adresse/hausratversicherung/r-und-v,https://www.aboalarm.de/kuendigung-adresse/kfz-versicherung/r-und-v,https://www.aboalarm.de/kuendigung-adresse/lebensversicherung/r-und-v-lebensversicherung,https://www.aboalarm.de/kuendigung-adresse/krankenversicherung/r-und-v-pflegeversicherung,https://www.aboalarm.de/kuendigung-adresse/krankenversicherung/r-und-v-private-krankenvollversicherung,https://www.aboalarm.de/kuendigung-adresse/krankenversicherung/r-und-v-private-krankenzusatzversicherung,https://www.aboalarm.de/kuendigung-adresse/versicherung/r-und-v-privatpolice,https://www.aboalarm.de/kuendigung-adresse/rechtsschutzversicherung/r-und-v,https://www.aboalarm.de/kuendigung-adresse/rentenversicherung/r-und-v-riester-rente,https://www.aboalarm.de/kuendigung-adresse/krankenversicherung/r-und-v-schwere-krankheiten-dread-disease-versicherung,https://www.aboalarm.de/kuendigung-adresse/versicherung/r-und-v-sterbegeldversicherung,https://www.aboalarm.de/kuendigung-adresse/haftpflichtversicherung/r-und-v-tierhalterhaftpflichtversicherung,https://www.aboalarm.de/kuendigung-adresse/unfallversicherung/r-und-v,https://www.aboalarm.de/kuendigung-adresse/versicherung/r-und-v-wohngebaeudeversicherung,https://www.aboalarm.de/kuendigung-adresse/zahnzusatzversicherung/r-und-v,https://www.aboalarm.de/kuendigung-adresse/kfz-versicherung/r-und-v24</Weitere_Adressen_link><form_field>Versicherungsnummer</form_field><subject>Sehr geehrte Damen und Herren,</subject><letter_text>hiermit kündige ich meine oben genannte Rentenversicherung fristgerecht zum nächstmöglichen Zeitpunkt. Bitte senden Sie mir eine schriftliche Bestätigung der Kündigung unter Angabe des Beendigungszeitpunktes zu.</letter_text></item>
<item><category>Versicherung</category><source_url>https://www.aboalarm.de/kuendigung-adresse/rentenversicherung/lvm</source_url><sub_category>Rentenversicherung</sub_category><company>LVM Rentenversicherung</company><full_address>LVM Lebensversicherungs-AG Kolde-Ring 21 48126 Münster</full_address><address>LVM Lebensversicherungs-AG</address><city>Münster</city><zip>48126</zip><email>info@lvm.de</email><website>http://www.lvm.de</website><fax>02517021099</fax><hotline>08005863733</hotline><Weitere_Adressen_name>LVM Auslandskrankenversicherung,LVM Berufsunfähigkeitsversicherung,LVM Glasversicherung,LVM Haftpflichtversicherung,LVM Haus-/Grundbesitzerhaftpflichtversicherung,LVM Hausratversicherung,LVM KFZ-Versicherung,LVM Krankenversicherung,LVM Krankenzusatzversicherung,LVM Pflegeversicherung,LVM Private Krankenvollversicherung,LVM Rechtsschutzversicherung,LVM Reisegepäckversicherung,LVM Riester-Rente,LVM Risiko-Lebensversicherung,LVM Sterbegeldversicherung,LVM Tierhalterhaftpflichtversicherung,LVM Unfallversicherung ,LVM Wohngebäudeversicherung,LVM Zahnzusatzversicherung</Weitere_Adressen_name><Weitere_Adressen_link>https://www.aboalarm.de/kuendigung-adresse/krankenversicherung/lvm-auslandskrankenversicherung,https://www.aboalarm.de/kuendigung-adresse/berufsunfaehigkeitsversicherung/lvm,https://www.aboalarm.de/kuendigung-adresse/versicherung/lvm-glasversicherung,https://www.aboalarm.de/kuendigung-adresse/haftpflichtversicherung/lvm,https://www.aboalarm.de/kuendigung-adresse/haftpflichtversicherung/lvm-haus-grundbesitzerhaftpflichtversicherung,https://www.aboalarm.de/kuendigung-adresse/hausratversicherung/lvm-hausratversicherung,https://www.aboalarm.de/kuendigung-adresse/kfz-versicherung/lvm,https://www.aboalarm.de/kuendigung-adresse/krankenversicherung/lvm,https://www.aboalarm.de/kuendigung-adresse/krankenversicherung/lvm-sonstige-krankenzusatzversicherung,https://www.aboalarm.de/kuendigung-adresse/krankenversicherung/lvm-pflegeversicherung,https://www.aboalarm.de/kuendigung-adresse/krankenversicherung/lvm-private-krankenvollversicherung,https://www.aboalarm.de/kuendigung-adresse/rechtsschutzversicherung/lvm,https://www.aboalarm.de/kuendigung-adresse/reiseversicherung/lvm,https://www.aboalarm.de/kuendigung-adresse/rentenversicherung/lvm-riester-rente,https://www.aboalarm.de/kuendigung-adresse/lebensversicherung/lvm-risiko-lebensversicherung,https://www.aboalarm.de/kuendigung-adresse/versicherung/lvm-sterbegeldversicherung,https://www.aboalarm.de/kuendigung-adresse/haftpflichtversicherung/lvm-tierhalterhaftpflichtversicherung,https://www.aboalarm.de/kuendigung-adresse/unfallversicherung/lvm,https://www.aboalarm.de/kuendigung-adresse/versicherung/lvm-wohngebaeudeversicherung,https://www.aboalarm.de/kuendigung-adresse/zahnzusatzversicherung/lvm</Weitere_Adressen_link><form_field>Versicherungsnummer</form_field><subject>Sehr geehrte Damen und Herren,</subject><letter_text>hiermit kündige ich meine oben genannte Rentenversicherung fristgerecht zum nächstmöglichen Zeitpunkt. Bitte senden Sie mir eine schriftliche Bestätigung der Kündigung unter Angabe des Beendigungszeitpunktes zu.</letter_text></item>
<item><category>Versicherung</category><source_url>https://www.aboalarm.de/kuendigung-adresse/rentenversicherung/inter-lebensvers</source_url><sub_category>Rentenversicherung</sub_category><company>Inter Rentenversicherung</company><full_address>Inter Lebensvers. aG Erzbergerstr. 9–15 68165 Mannheim</full_address><address>Inter Lebensvers. aG</address><city>Mannheim</city><zip>68165</zip><email>-</email><website>http://www.inter.de</website><fax>0621/427944</fax><hotline>0621-427427</hotline><Weitere_Adressen_name>INTER Allg. Versicherung,Inter Auslandskrankenversicherung,Inter Berufsunfähigkeitsversicherung,Inter Elektronikversicherung,Inter Glasversicherung,Inter Haftpflichtversicherung,Inter Hausratversicherung,Inter KFZ-Versicherung,Inter Krankenversicherung,Inter Krankenzusatzversicherung,Inter Pflegeversicherung,Inter Private Krankenvollversicherung,Inter Risiko-Lebensversicherung,Inter Schwere Krankheiten (Dread Disease) Versicherung,Inter Sterbegeldversicherung,Inter Tierhalterhaftpflichtversicherung,Inter Unfallversicherung,Inter Wohngebäudeversicherung,Inter Zahnzusatzversicherung,interabo,Intercon Media,Interessengemeinschaft süddeutscher Unternehmer e.V.,Interessenverband Mieterschutz Hannover,INTERFIT,Interlloyd Berufsunfähigkeitsversicherung,Interlloyd Glasversicherung,Interlloyd Haftpflichtversicherung,Interlloyd Haus-/Grundbesitzerhaftpflichtversicherung,Interlloyd Hausratversicherung,Interlloyd Rechtsschutzversicherung,Interlloyd Risiko-Lebensversicherung,Interlloyd Tierhalterhaftpflichtversicherung,Interlloyd Unfallversicherung,Interlloyd Versicherung,Interlloyd Versicherung,Interlloyd Wohngebäudeversicherung,International Children’s Fund,Internationale Flug-Ambulanz (IFA),Internetagentur WAS,InterNetX,InterNexum,Interrisk Berufsunfähigkeitsversicherung,InterRisk Erwerbsunfähigkeitsversicherung,Interrisk Gebäudeversicherung,Interrisk Glasversicherung,Interrisk Haftpflichtversicherung,Interrisk Hausratversicherung,Interrisk Lebensversicherung,Interrisk Pflegeversicherung,Interrisk Rentenversicherung,Interrisk Risiko-Lebensversicherung,Interrisk Sterbegeldversicherung,Interrisk Tierhalterhaftpflichtversicherung,Interrisk Unfallversicherung,interWays,Interwetten Gaming Ltd.</Weitere_Adressen_name><Weitere_Adressen_link>https://www.aboalarm.de/kuendigung-adresse/versicherung/inter,https://www.aboalarm.de/kuendigung-adresse/krankenversicherung/inter-ausland,https://www.aboalarm.de/kuendigung-adresse/berufsunfaehigkeitsversicherung/inter,https://www.aboalarm.de/kuendigung-adresse/versicherung/inter-elektronikversicherung,https://www.aboalarm.de/kuendigung-adresse/versicherung/inter-glasversicherung,https://www.aboalarm.de/kuendigung-adresse/haftpflichtversicherung/inter,https://www.aboalarm.de/kuendigung-adresse/hausratversicherung/inter,https://www.aboalarm.de/kuendigung-adresse/kfz-versicherung/inter,https://www.aboalarm.de/kuendigung-adresse/krankenversicherung/inter,https://www.aboalarm.de/kuendigung-adresse/krankenversicherung/inter-zusatz,https://www.aboalarm.de/kuendigung-adresse/krankenversicherung/inter-pflege,https://www.aboalarm.de/kuendigung-adresse/krankenversicherung/inter-krankenvoll,https://www.aboalarm.de/kuendigung-adresse/lebensversicherung/inter-risiko-lebensversicherung,https://www.aboalarm.de/kuendigung-adresse/krankenversicherung/inter-dread-disease,https://www.aboalarm.de/kuendigung-adresse/versicherung/inter-sterbegeldversicherung,https://www.aboalarm.de/kuendigung-adresse/haftpflichtversicherung/inter-tierhalterhaftpflichtversicherung,https://www.aboalarm.de/kuendigung-adresse/unfallversicherung/inter,https://www.aboalarm.de/kuendigung-adresse/versicherung/inter-wohngebaeudeversicherung,https://www.aboalarm.de/kuendigung-adresse/zahnzusatzversicherung/inter,https://www.aboalarm.de/kuendigung-adresse/zeitschrift/interabo,https://www.aboalarm.de/kuendigung-adresse/sonstige/intercon-media,https://www.aboalarm.de/kuendigung-adresse/abonnement/interessengemeinschaft-sueddeutscher-unternehmer-e-v,https://www.aboalarm.de/kuendigung-adresse/mitgliedschaft/interessenverband-mieterschutz-hannover,https://www.aboalarm.de/kuendigung-adresse/fitnessstudio/interfit,https://www.aboalarm.de/kuendigung-adresse/berufsunfaehigkeitsversicherung/interlloyd,https://www.aboalarm.de/kuendigung-adresse/versicherung/interlloyd-glasversicherung,https://www.aboalarm.de/kuendigung-adresse/haftpflichtversicherung/interlloyd,https://www.aboalarm.de/kuendigung-adresse/haftpflichtversicherung/interlloyd-haus-grundbesitzerhaftpflichtversicherung,https://www.aboalarm.de/kuendigung-adresse/hausratversicherung/interlloyd,https://www.aboalarm.de/kuendigung-adresse/rechtsschutzversicherung/interlloyd,https://www.aboalarm.de/kuendigung-adresse/lebensversicherung/interlloyd-risiko-lebensversicherung,https://www.aboalarm.de/kuendigung-adresse/haftpflichtversicherung/interlloyd-tierhalterhaftpflichtversicherung,https://www.aboalarm.de/kuendigung-adresse/unfallversicherung/interlloyd,https://www.aboalarm.de/kuendigung-adresse/versicherung/interlloyd,https://www.aboalarm.de/kuendigung-adresse/versicherung/interlloyd-versicherung,https://www.aboalarm.de/kuendigung-adresse/versicherung/interlloyd-wohngebaeudeversicherung,https://www.aboalarm.de/kuendigung-adresse/mitgliedschaft/international-childrens-fund,https://www.aboalarm.de/kuendigung-adresse/mitgliedschaft/internationale-flug-ambulanz-ifa,https://www.aboalarm.de/kuendigung-adresse/domain/internetagentur-was,https://www.aboalarm.de/kuendigung-adresse/internet-und-telefon/internetx,https://www.aboalarm.de/kuendigung-adresse/domain/internexum,https://www.aboalarm.de/kuendigung-adresse/berufsunfaehigkeitsversicherung/interrisk,https://www.aboalarm.de/kuendigung-adresse/rentenversicherung/interrisk-erwerbsunfaehigkeitsversicherung,https://www.aboalarm.de/kuendigung-adresse/versicherung/interrisk-gebaeude,https://www.aboalarm.de/kuendigung-adresse/versicherung/interrisk-glasversicherung,https://www.aboalarm.de/kuendigung-adresse/haftpflichtversicherung/interrisk,https://www.aboalarm.de/kuendigung-adresse/hausratversicherung/interrisk,https://www.aboalarm.de/kuendigung-adresse/lebensversicherung/interrisk,https://www.aboalarm.de/kuendigung-adresse/versicherung/pflegeversicherung,https://www.aboalarm.de/kuendigung-adresse/rentenversicherung/interrisk,https://www.aboalarm.de/kuendigung-adresse/lebensversicherung/interrisk-risiko,https://www.aboalarm.de/kuendigung-adresse/versicherung/interrisk-sterbegeldversicherung,https://www.aboalarm.de/kuendigung-adresse/haftpflichtversicherung/interrisk-tierhalterhaftpflichtversicherung,https://www.aboalarm.de/kuendigung-adresse/unfallversicherung/interrisk,https://www.aboalarm.de/kuendigung-adresse/domain/interways,https://www.aboalarm.de/kuendigung-adresse/abonnement/interwetten-gaming-ltd</Weitere_Adressen_link><form_field>Versicherungsnummer</form_field><subject>Sehr geehrte Damen und Herren,</subject><letter_text>hiermit kündige ich meine oben genannte Rentenversicherung fristgerecht zum nächstmöglichen Zeitpunkt. Bitte senden Sie mir eine schriftliche Bestätigung der Kündigung unter Angabe des Beendigungszeitpunktes zu.</letter_text></item>
<item><category>Versicherung</category><source_url>https://www.aboalarm.de/kuendigung-adresse/rentenversicherung/hdi</source_url><sub_category>Rentenversicherung</sub_category><company>HDI Rentenversicherung</company><full_address>HDI Lebensversicherung AG Rentenversicherung Charles-de-Gaulle-Platz 1 50679 Köln</full_address><address>HDI Lebensversicherung AG</address><city>1</city><zip>Charles-de-Gaulle-Platz</zip><email>leben.service@hdi.de</email><website>http://www.hdi-leben.de</website><fax>02211443833</fax><hotline>0221144-5599</hotline><Weitere_Adressen_name>HDI Berufsunfähigkeitsversicherung,HDI Erwerbsunfähigkeitsversicherung,HDI Glasversicherung,HDI Haftpflichtversicherung,HDI Haus-/Grundbesitzerhaftpflichtversicherung,HDI Hausratversicherung,HDI KFZ-Versicherung,HDI Lebensversicherung,HDI Pflegeversicherung,HDI Privatschutzversicherung,HDI Rechtsschutzversicherung,HDI Riester-Rente,HDI Schwere Krankheiten (Dread Disease) Versicherung,HDI Sterbegeldversicherung,HDI Tierhalterhaftpflichtversicherung,HDI Unfallversicherung,HDI Wohngebäudeversicherung</Weitere_Adressen_name><Weitere_Adressen_link>https://www.aboalarm.de/kuendigung-adresse/berufsunfaehigkeitsversicherung/hdi,https://www.aboalarm.de/kuendigung-adresse/rentenversicherung/hdi-erwerbsunfaehigkeitsversicherung,https://www.aboalarm.de/kuendigung-adresse/versicherung/hdi-glasversicherung,https://www.aboalarm.de/kuendigung-adresse/haftpflichtversicherung/hdi,https://www.aboalarm.de/kuendigung-adresse/haftpflichtversicherung/hdi-haus-grundbesitzerhaftpflichtversicherung,https://www.aboalarm.de/kuendigung-adresse/hausratversicherung/hdi,https://www.aboalarm.de/kuendigung-adresse/kfz-versicherung/hdi,https://www.aboalarm.de/kuendigung-adresse/lebensversicherung/hdi,https://www.aboalarm.de/kuendigung-adresse/krankenversicherung/hdi-pflegeversicherung,https://www.aboalarm.de/kuendigung-adresse/versicherung/hdi-privatschutzversicherung,https://www.aboalarm.de/kuendigung-adresse/rechtsschutzversicherung/hdi,https://www.aboalarm.de/kuendigung-adresse/rentenversicherung/hdi-riester-rente,https://www.aboalarm.de/kuendigung-adresse/krankenversicherung/hdi-schwere-krankheiten-dread-disease-versicherung,https://www.aboalarm.de/kuendigung-adresse/versicherung/hdi-sterbegeldversicherung,https://www.aboalarm.de/kuendigung-adresse/haftpflichtversicherung/hdi-tierhalterhaftpflichtversicherung,https://www.aboalarm.de/kuendigung-adresse/unfallversicherung/hdi,https://www.aboalarm.de/kuendigung-adresse/versicherung/hdi-wohngebaeudeversicherung</Weitere_Adressen_link><form_field>Versicherungsnummer</form_field><subject>Sehr geehrte Damen und Herren,</subject><letter_text>hiermit kündige ich meine oben genannte Rentenversicherung fristgerecht zum nächstmöglichen Zeitpunkt. Bitte senden Sie mir eine schriftliche Bestätigung der Kündigung unter Angabe des Beendigungszeitpunktes zu.</letter_text></item>
<item><category>Versicherung</category><source_url>https://www.aboalarm.de/kuendigung-adresse/rentenversicherung/gothaer-rentenversicherung</source_url><sub_category>Rentenversicherung</sub_category><company>Gothaer Rentenversicherung</company><full_address>Gothaer Lebensvers. AG Gothaer Allee 1 1 50969 Köln</full_address><address>Gothaer Lebensvers. AG</address><city>Köln</city><zip>50969</zip><email>None</email><website>http://www.gothaer.de</website><fax>0221 3090-7079</fax><hotline>0221 3090-7070</hotline><Weitere_Adressen_name></Weitere_Adressen_name><Weitere_Adressen_link></Weitere_Adressen_link><form_field>Versicherungsnummer</form_field><subject>Sehr geehrte Damen und Herren,</subject><letter_text>hiermit kündige ich meine oben genannte Rentenversicherung fristgerecht zum nächstmöglichen Zeitpunkt. Bitte senden Sie mir eine schriftliche Bestätigung der Kündigung unter Angabe des Beendigungszeitpunktes zu.</letter_text></item>
<item><category>Versicherung</category><source_url>https://www.aboalarm.de/kuendigung-adresse/rentenversicherung/generali</source_url><sub_category>Rentenversicherung</sub_category><company>Generali Rentenversicherung</company><full_address>Generali Lebensversicherung AG Adenauerring 7 81731 München</full_address><address>Generali Lebensversicherung AG</address><city>München</city><zip>81731</zip><email>service.de@generali.com</email><website>http://www.generali.de</website><fax>08951211000</fax><hotline>08951213737</hotline><Weitere_Adressen_name>Generali Bank Konto,Generali Berufsunfähigkeitsversicherung,Generali Deutschland Lebensversicherung (ehemals AachenMünchener),Generali Erwerbsunfähigkeitsversicherung,Generali Gewerbeversicherung,Generali Glasversicherung,Generali Haftpflichtversicherung,Generali Haus-/Grundbesitzerhaftpflichtversicherung,Generali Hausratversicherung,Generali KFZ-Versicherung,Generali Lebensversicherung,Generali Pflegeversicherung,Generali Privatschutzversicherung,Generali Rechtsschutzversicherung,Generali Reisegepäckversicherung,Generali Reiseunfallversicherung,Generali Riester-Rente,Generali Tierhalterhaftpflichtversicherung,Generali Unfallversicherung,Generali Wohngebäudeversicherung</Weitere_Adressen_name><Weitere_Adressen_link>https://www.aboalarm.de/kuendigung-adresse/bankkonto/generali-bank,https://www.aboalarm.de/kuendigung-adresse/berufsunfaehigkeitsversicherung/generali,https://www.aboalarm.de/kuendigung-adresse/lebensversicherung/aachenmuenchener-lebensversicherung,https://www.aboalarm.de/kuendigung-adresse/rentenversicherung/generali-erwerbsunfaehigkeitsversicherung,https://www.aboalarm.de/kuendigung-adresse/versicherung/generali-gewerbeversicherung,https://www.aboalarm.de/kuendigung-adresse/versicherung/generali-glasversicherung,https://www.aboalarm.de/kuendigung-adresse/haftpflichtversicherung/generali,https://www.aboalarm.de/kuendigung-adresse/haftpflichtversicherung/generali-haus-grundbesitzerhaftpflichtversicherung,https://www.aboalarm.de/kuendigung-adresse/hausratversicherung/generali,https://www.aboalarm.de/kuendigung-adresse/kfz-versicherung/generali,https://www.aboalarm.de/kuendigung-adresse/lebensversicherung/generali,https://www.aboalarm.de/kuendigung-adresse/krankenversicherung/generali-pflegeversicherung,https://www.aboalarm.de/kuendigung-adresse/versicherung/generali-privatschutzversicherung,https://www.aboalarm.de/kuendigung-adresse/rechtsschutzversicherung/generali,https://www.aboalarm.de/kuendigung-adresse/reiseversicherung/generali,https://www.aboalarm.de/kuendigung-adresse/unfallversicherung/generali-reiseunfallversicherung,https://www.aboalarm.de/kuendigung-adresse/rentenversicherung/generali-riester-rente,https://www.aboalarm.de/kuendigung-adresse/haftpflichtversicherung/generali-tierhalterhaftpflichtversicherung,https://www.aboalarm.de/kuendigung-adresse/unfallversicherung/generali,https://www.aboalarm.de/kuendigung-adresse/versicherung/generali-wohngebaeudeversicherung</Weitere_Adressen_link><form_field>Versicherungsnummer</form_field><subject>Sehr geehrte Damen und Herren,</subject><letter_text>hiermit kündige ich meine oben genannte Rentenversicherung fristgerecht zum nächstmöglichen Zeitpunkt. Bitte senden Sie mir eine schriftliche Bestätigung der Kündigung unter Angabe des Beendigungszeitpunktes zu.</letter_text></item>
<item><category>Versicherung</category><source_url>https://www.aboalarm.de/kuendigung-adresse/rentenversicherung/ergo-rentenversicherung</source_url><sub_category>Rentenversicherung</sub_category><company>ERGO Rentenversicherung (ehemals ERGO Direkt)</company><full_address>ERGO Lebensversicherung AG Karl-Martell-Straße 60 90344 Nürnberg</full_address><address>ERGO Lebensversicherung AG</address><city>Nürnberg</city><zip>90344</zip><email>beratung@ergo.de</email><website>http://www.ergo.de</website><fax>08007011111</fax><hotline>08006669000</hotline><Weitere_Adressen_name>ERGO Rentenversicherung</Weitere_Adressen_name><Weitere_Adressen_link>https://www.aboalarm.de/kuendigung-adresse/rentenversicherung/ergo</Weitere_Adressen_link><form_field>Versicherungsnummer</form_field><subject>Sehr geehrte Damen und Herren,</subject><letter_text>hiermit kündige ich meine oben genannte Rentenversicherung fristgerecht zum nächstmöglichen Zeitpunkt. Bitte senden Sie mir eine schriftliche Bestätigung der Kündigung unter Angabe des Beendigungszeitpunktes zu.</letter_text></item>
<item><category>Versicherung</category><source_url>https://www.aboalarm.de/kuendigung-adresse/rentenversicherung/ergo</source_url><sub_category>Rentenversicherung</sub_category><company>ERGO Rentenversicherung</company><full_address>ERGO Lebensversicherung AG Überseering 45 22297 Hamburg</full_address><address>ERGO Lebensversicherung AG</address><city>Hamburg</city><zip>22297</zip><email>-</email><website>http://www.ergo.de</website><fax>04063763302</fax><hotline>08003746000</hotline><Weitere_Adressen_name>ERGO - Fitness World,Ergo Auslandskrankenversicherung (ehemals ERGO Direkt),ERGO Berufsunfähigkeitsversicherung,ERGO Berufsunfähigkeitsversicherung (ehemals ERGO Direkt),ERGO Elektronikversicherung (ehemals ERGO Direkt),ERGO Erwerbsunfähigkeitsversicherung,ERGO Geschäftsinhaltsversicherung,ERGO Gewerbe Haftpflichtversicherung,ERGO Glasversicherung,ERGO Haftpflichtversicherung,ERGO Haftpflichtversicherung (ehemals ERGO Direkt),ERGO Haus-/Grundbesitzerhaftpflichtversicherung,ERGO Hausratversicherung,ERGO Hausratversicherung (ehemals ERGO Direkt),ERGO KFZ-Versicherung,ERGO KFZ-Versicherung (ehemals ERGO Direkt),ERGO Krankenversicherung (ehemals ERGO Direkt),Ergo Krankenzusatzversicherung (ehemals ERGO Direkt),ERGO Lebensversicherung,ERGO Lebensversicherung (ehemals ERGO Direkt),ERGO Pflegeversicherung (ehemals ERGO Direkt),ERGO Rechtsschutzversicherung,ERGO Rechtsschutzversicherung (ehemals ERGO Direkt),Ergo Reisegepäckversicherung,ERGO Reisegepäckversicherung (ehemals ERV),ERGO Reiserücktrittsversicherung,ERGO Reiseunfallversicherung,ERGO Reiseunfallversicherung (ehemals ERV),ERGO Reiseversicherung (ehemals ERV Europäische Reiseversicherung),ERGO Rentenversicherung (ehemals ERGO Direkt),ERGO Riester-Rente,ERGO Risiko-Lebensversicherung (ehemals ERGO Direkt),ERGO Schutzbriefversicherung,ERGO Sterbegeldversicherung,ERGO Sterbegeldversicherung (ehemals ERGO Direkt),ERGO Tierhalterhaftpflichtversicherung,ERGO Unfallversicherung,ERGO Unfallversicherung (ehemals ERGO Direkt),ERGO Versicherung,ERGO Wohngebäudeversicherung,ERGO Wohngebäudeversicherung (ehemals ERGO Direkt),ERGO Zahnzusatzversicherung (ehemals ERGO Direkt)</Weitere_Adressen_name><Weitere_Adressen_link>https://www.aboalarm.de/kuendigung-adresse/fitnessstudio/ergo-fitness-world,https://www.aboalarm.de/kuendigung-adresse/krankenversicherung/ergo-auslandskrankenversicherung,https://www.aboalarm.de/kuendigung-adresse/berufsunfaehigkeitsversicherung/ergo,https://www.aboalarm.de/kuendigung-adresse/berufsunfaehigkeitsversicherung/ergo-berufsunfaehigkeitsversicherung-ehemals-ergo-direkt,https://www.aboalarm.de/kuendigung-adresse/versicherung/ergo-elektronikversicherung,https://www.aboalarm.de/kuendigung-adresse/rentenversicherung/ergo-erwerbsunfaehigkeitsversicherung,https://www.aboalarm.de/kuendigung-adresse/versicherung/ergo-geschaeftsinhaltsversicherung,https://www.aboalarm.de/kuendigung-adresse/haftpflichtversicherung/ergo-gewerbe-haftpflichtversicherung,https://www.aboalarm.de/kuendigung-adresse/versicherung/ergo-glasversicherung,https://www.aboalarm.de/kuendigung-adresse/haftpflichtversicherung/ergo,https://www.aboalarm.de/kuendigung-adresse/haftpflichtversicherung/ergo-direkt-haftpflichtversicherung,https://www.aboalarm.de/kuendigung-adresse/haftpflichtversicherung/ergo-haus-grundbesitzerhaftpflichtversicherung,https://www.aboalarm.de/kuendigung-adresse/hausratversicherung/ergo,https://www.aboalarm.de/kuendigung-adresse/hausratversicherung/ergo-hausratversicherung,https://www.aboalarm.de/kuendigung-adresse/kfz-versicherung/ergo,https://www.aboalarm.de/kuendigung-adresse/kfz-versicherung/ergo-kfz-versicherung-ehemals-ergo-direkt,https://www.aboalarm.de/kuendigung-adresse/krankenversicherung/ergo-krankenversicherung,https://www.aboalarm.de/kuendigung-adresse/krankenversicherung/ergo-krankenzusatzversicherung,https://www.aboalarm.de/kuendigung-adresse/lebensversicherung/ergo,https://www.aboalarm.de/kuendigung-adresse/lebensversicherung/ergo-lebensversicherung-ehemals-ergo-direkt,https://www.aboalarm.de/kuendigung-adresse/krankenversicherung/ergo-direkt-pflegeversicherung,https://www.aboalarm.de/kuendigung-adresse/rechtsschutzversicherung/ergo,https://www.aboalarm.de/kuendigung-adresse/rechtsschutzversicherung/ergo-rechtsschutzversicherung-ehemals-ergo-direkt,https://www.aboalarm.de/kuendigung-adresse/reiseversicherung/ergo,https://www.aboalarm.de/kuendigung-adresse/reiseversicherung/ergoerv-reisegepaeckversicherung,https://www.aboalarm.de/kuendigung-adresse/reiseversicherung/ergo-reiseruecktrittsversicherung,https://www.aboalarm.de/kuendigung-adresse/unfallversicherung/ergo-reiseunfallversicherung,https://www.aboalarm.de/kuendigung-adresse/unfallversicherung/ergoerv-reiseunfallversicherung,https://www.aboalarm.de/kuendigung-adresse/reiseversicherung/ergoerv,https://www.aboalarm.de/kuendigung-adresse/rentenversicherung/ergo-rentenversicherung,https://www.aboalarm.de/kuendigung-adresse/rentenversicherung/ergo-riester-rente,https://www.aboalarm.de/kuendigung-adresse/lebensversicherung/ergo-risiko-lebensversicherung,https://www.aboalarm.de/kuendigung-adresse/versicherung/ergo-schutzbrief,https://www.aboalarm.de/kuendigung-adresse/versicherung/ergo-sterbegeldversicherung,https://www.aboalarm.de/kuendigung-adresse/versicherung/ergo-sterbegeldversicherung-ehemals-ergo-direkt,https://www.aboalarm.de/kuendigung-adresse/haftpflichtversicherung/ergo-tierhalterhaftpflichtversicherung,https://www.aboalarm.de/kuendigung-adresse/unfallversicherung/ergo-unfallversicherung,https://www.aboalarm.de/kuendigung-adresse/unfallversicherung/ergo-ehemals-ergo-direkt,https://www.aboalarm.de/kuendigung-adresse/versicherung/ergo,https://www.aboalarm.de/kuendigung-adresse/versicherung/ergo-wohngebaeudeversicherung,https://www.aboalarm.de/kuendigung-adresse/versicherung/ergo-wohngebaeudeversicherung-ehemals-ergo-direkt,https://www.aboalarm.de/kuendigung-adresse/zahnzusatzversicherung/ergo-zahnzusatzversicherung-ehemals-ergo-direkt</Weitere_Adressen_link><form_field>Versicherungsnummer</form_field><subject>Sehr geehrte Damen und Herren,</subject><letter_text>hiermit kündige ich meine oben genannte Rentenversicherung fristgerecht zum nächstmöglichen Zeitpunkt. Bitte senden Sie mir eine schriftliche Bestätigung der Kündigung unter Angabe des Beendigungszeitpunktes zu.</letter_text></item>
<item><category>Versicherung</category><source_url>https://www.aboalarm.de/kuendigung-adresse/rentenversicherung/devk</source_url><sub_category>Rentenversicherung</sub_category><company>DEVK Rentenversicherung</company><full_address>DEVK Allg. Lebensversicherungs-AG Riehler Str. 190 50735 Köln</full_address><address>DEVK Allg. Lebensversicherungs-AG</address><city>Köln</city><zip>50735</zip><email>info@devk.de</email><website>http://www.devk.de</website><fax>0221/7572200</fax><hotline>01802757757</hotline><Weitere_Adressen_name>DEVK Auslandskrankenversicherung,DEVK Berufsunfähigkeitsversicherung,DEVK Erwerbsunfähigkeitsversicherung,DEVK Glasversicherung,DEVK Haftpflichtversicherung,DEVK Haus-/Grundbesitzerhaftpflichtversicherung,DEVK Hausratversicherung,DEVK KFZ-Versicherung,DEVK Krankenversicherung,DEVK Pensionsfonds,DEVK Pflegeversicherung,DEVK Rechtsschutzversicherung,DEVK Reisegepäckversicherung,DEVK Reiseversicherung,DEVK Risiko-Lebensversicherung,DEVK Schwere Krankheiten (Dread Disease) Versicherung,DEVK Sterbegeldversicherung,DEVK Tierhalterhaftpflichtversicherung,DEVK Unfallversicherung,DEVK Wohngebäudeversicherung,DEVK Zahnzusatzversicherung</Weitere_Adressen_name><Weitere_Adressen_link>https://www.aboalarm.de/kuendigung-adresse/krankenversicherung/devk-auslandskrankenversicherung,https://www.aboalarm.de/kuendigung-adresse/berufsunfaehigkeitsversicherung/devk,https://www.aboalarm.de/kuendigung-adresse/rentenversicherung/devk-erwerbsunfaehigkeitsversicherung,https://www.aboalarm.de/kuendigung-adresse/versicherung/devk-glasversicherung,https://www.aboalarm.de/kuendigung-adresse/haftpflichtversicherung/devk,https://www.aboalarm.de/kuendigung-adresse/haftpflichtversicherung/devk-haus-grundbesitzerhaftpflichtversicherung,https://www.aboalarm.de/kuendigung-adresse/hausratversicherung/devk,https://www.aboalarm.de/kuendigung-adresse/kfz-versicherung/devk,https://www.aboalarm.de/kuendigung-adresse/krankenversicherung/devk,https://www.aboalarm.de/kuendigung-adresse/rentenversicherung/devk-pensionsfonds,https://www.aboalarm.de/kuendigung-adresse/rentenversicherung/devk-pflegeversicherung,https://www.aboalarm.de/kuendigung-adresse/rechtsschutzversicherung/devk,https://www.aboalarm.de/kuendigung-adresse/reiseversicherung/devk-reisegepaeckversicherung,https://www.aboalarm.de/kuendigung-adresse/reiseversicherung/devk,https://www.aboalarm.de/kuendigung-adresse/lebensversicherung/devk-risiko-lebensversicherung,https://www.aboalarm.de/kuendigung-adresse/krankenversicherung/devk-schwere-krankheiten-dread-disease-versicherung,https://www.aboalarm.de/kuendigung-adresse/versicherung/devk-sterbegeldversicherung,https://www.aboalarm.de/kuendigung-adresse/haftpflichtversicherung/devk-tierhalterhaftpflichtversicherung,https://www.aboalarm.de/kuendigung-adresse/unfallversicherung/devk,https://www.aboalarm.de/kuendigung-adresse/versicherung/devk-wohngebaeudeversicherung,https://www.aboalarm.de/kuendigung-adresse/zahnzusatzversicherung/devk</Weitere_Adressen_link><form_field>Versicherungsnummer</form_field><subject>Sehr geehrte Damen und Herren,</subject><letter_text>hiermit kündige ich meine oben genannte Rentenversicherung fristgerecht zum nächstmöglichen Zeitpunkt. Bitte senden Sie mir eine schriftliche Bestätigung der Kündigung unter Angabe des Beendigungszeitpunktes zu.</letter_text></item>
<item><category>Versicherung</category><source_url>https://www.aboalarm.de/kuendigung-adresse/rentenversicherung/cosmosdirekt</source_url><sub_category>Rentenversicherung</sub_category><company>CosmosDirekt Rentenversicherung</company><full_address>CosmosDirekt Lebensversicherungs-AG Halbergstr. 50–60 66121 Saarbrücken</full_address><address>CosmosDirekt Lebensversicherungs-AG</address><city>Saarbrücken</city><zip>66121</zip><email>-</email><website>http://www.cosmosdirekt.de</website><fax>0681/9666633</fax><hotline>0681-9666666</hotline><Weitere_Adressen_name>CosmosDirekt Berufsunfähigkeitsversicherung,CosmosDirekt Finanzschutz,CosmosDirekt Glasversicherung,CosmosDirekt Haftpflichtversicherung,CosmosDirekt Haus-/Grundbesitzerhaftpflichtversicherung,CosmosDirekt Hausratversicherung,CosmosDirekt KFZ-Versicherung,CosmosDirekt Lebensversicherung,CosmosDirekt Rechtsschutzversicherung,CosmosDirekt Reiseversicherung,CosmosDirekt Sterbegeldversicherung,CosmosDirekt Tierhalterhaftpflichtversicherung,CosmosDirekt Unfallversicherung,CosmosDirekt Wohngebäudeversicherung</Weitere_Adressen_name><Weitere_Adressen_link>https://www.aboalarm.de/kuendigung-adresse/berufsunfaehigkeitsversicherung/cosmosdirekt,https://www.aboalarm.de/kuendigung-adresse/versicherung/cosmosdirekt-finanzschutz,https://www.aboalarm.de/kuendigung-adresse/versicherung/cosmosdirekt-glasversicherung,https://www.aboalarm.de/kuendigung-adresse/haftpflichtversicherung/cosmosdirekt,https://www.aboalarm.de/kuendigung-adresse/haftpflichtversicherung/cosmosdirekt-haus-grundbesitzerhaftpflichtversicherung,https://www.aboalarm.de/kuendigung-adresse/hausratversicherung/cosmosdirekt,https://www.aboalarm.de/kuendigung-adresse/kfz-versicherung/cosmosdirekt,https://www.aboalarm.de/kuendigung-adresse/lebensversicherung/cosmosdirect,https://www.aboalarm.de/kuendigung-adresse/rechtsschutzversicherung/cosmosdirekt,https://www.aboalarm.de/kuendigung-adresse/reiseversicherung/cosmosdirekt,https://www.aboalarm.de/kuendigung-adresse/versicherung/cosmosdirekt-sterbegeldversicherung,https://www.aboalarm.de/kuendigung-adresse/haftpflichtversicherung/cosmosdirekt-tierhalterhaftpflichtversicherung,https://www.aboalarm.de/kuendigung-adresse/unfallversicherung/cosmosdirekt,https://www.aboalarm.de/kuendigung-adresse/versicherung/cosmosdirekt-wohngebaeudeversicherung</Weitere_Adressen_link><form_field>Versicherungsnummer</form_field><subject>Sehr geehrte Damen und Herren,</subject><letter_text>hiermit kündige ich meine oben genannte Rentenversicherung fristgerecht zum nächstmöglichen Zeitpunkt. Bitte senden Sie mir eine schriftliche Bestätigung der Kündigung unter Angabe des Beendigungszeitpunktes zu.</letter_text></item>
<item><category>Versicherung</category><source_url>https://www.aboalarm.de/kuendigung-adresse/rentenversicherung/condor</source_url><sub_category>Rentenversicherung</sub_category><company>Condor Rentenversicherung</company><full_address>Condor Lebensversicherungs-AG Admiralitätstr. 67 20459 Hamburg</full_address><address>Condor Lebensversicherungs-AG</address><city>Hamburg</city><zip>20459</zip><email>condor-kundenservice@condor-versicherungen.de</email><website>http://www.condor-versicherungsgruppe.de</website><fax>04036139991</fax><hotline>04036139-990</hotline><Weitere_Adressen_name>Condor Berufsunfähigkeitsversicherung,Condor Elektronikversicherung,Condor Haftpflichtversicherung,Condor Hausratversicherung,Condor KFZ-Versicherung,Condor Lebensversicherung,Condor Rechtsschutzversicherung,Condor Risiko-Lebensversicherung,Condor Unfallversicherung,Condor Versicherung Riester-Rente,Condor Wohngebäudeversicherung</Weitere_Adressen_name><Weitere_Adressen_link>https://www.aboalarm.de/kuendigung-adresse/berufsunfaehigkeitsversicherung/condor,https://www.aboalarm.de/kuendigung-adresse/versicherung/condor-elektronikversicherung,https://www.aboalarm.de/kuendigung-adresse/haftpflichtversicherung/condor,https://www.aboalarm.de/kuendigung-adresse/hausratversicherung/condor,https://www.aboalarm.de/kuendigung-adresse/kfz-versicherung/condor,https://www.aboalarm.de/kuendigung-adresse/lebensversicherung/condor-lebensversicherung,https://www.aboalarm.de/kuendigung-adresse/rechtsschutzversicherung/condor,https://www.aboalarm.de/kuendigung-adresse/lebensversicherung/condor-risiko-lebensversicherung,https://www.aboalarm.de/kuendigung-adresse/unfallversicherung/condor,https://www.aboalarm.de/kuendigung-adresse/rentenversicherung/condor-versicherung-riester-rente,https://www.aboalarm.de/kuendigung-adresse/versicherung/condor-wohngebaeudeversicherung</Weitere_Adressen_link><form_field>Versicherungsnummer</form_field><subject>Sehr geehrte Damen und Herren,</subject><letter_text>hiermit kündige ich meine oben genannte Rentenversicherung fristgerecht zum nächstmöglichen Zeitpunkt. Bitte senden Sie mir eine schriftliche Bestätigung der Kündigung unter Angabe des Beendigungszeitpunktes zu.</letter_text></item>
<item><category>Versicherung</category><source_url>https://www.aboalarm.de/kuendigung-adresse/rentenversicherung/barmenia</source_url><sub_category>Rentenversicherung</sub_category><company>Barmenia Rentenversicherung</company><full_address>Barmenia Lebensversicherung aG Barmenia-Allee 1 42119 Wuppertal</full_address><address>Barmenia Lebensversicherung aG</address><city>Wuppertal</city><zip>42119</zip><email>info@barmenia.de</email><website>http://www.barmenia.de</website><fax>02024382846</fax><hotline>0202-43800</hotline><Weitere_Adressen_name></Weitere_Adressen_name><Weitere_Adressen_link></Weitere_Adressen_link><form_field>Versicherungsnummer</form_field><subject>Sehr geehrte Damen und Herren,</subject><letter_text>hiermit kündige ich meine oben genannte Rentenversicherung fristgerecht zum nächstmöglichen Zeitpunkt. Bitte senden Sie mir eine schriftliche Bestätigung der Kündigung unter Angabe des Beendigungszeitpunktes zu.</letter_text></item>
<item><category>Versicherung</category><source_url>https://www.aboalarm.de/kuendigung-adresse/rentenversicherung/axa</source_url><sub_category>Rentenversicherung</sub_category><company>AXA Rentenversicherung</company><full_address>AXA Lebensversicherung AG 51172 Köln</full_address><address>AXA Lebensversicherung AG</address><city>Köln</city><zip>51172</zip><email>service@axa.de</email><website>http://www.axa.de</website><fax>022114822750</fax><hotline>0221 148-41003</hotline><Weitere_Adressen_name>AXA Auslandskrankenversicherung,Axa Bausparkasse,AXA Berufsunfähigkeitsversicherung,AXA Betriebshaftpflichtversicherung,AXA BOXplus,AXA Elektronikversicherung,Axa Erwerbsunfähigkeitsversicherung,Axa Existenzschutzversicherung,AXA Glasversicherung,AXA Haftpflichtversicherung,AXA Haus-/Grundbesitzerhaftpflichtversicherung,AXA Hausratversicherung,AXA KFZ-Versicherung,AXA Krankenversicherung,AXA Krankenzusatzversicherung,AXA Lebensversicherung,AXA Life Europe,AXA Pflegeversicherung,AXA Rechtsschutzversicherung,Axa Reisegepäckversicherung,Axa Reiseunfallversicherung,AXA RELAX Reiseversicherung,AXA Riester-Rente,AXA Risiko-Lebensversicherung,AXA Schwere Krankheiten (Dread Disease),AXA Smartschutz,AXA Sterbegeldversicherung,AXA Tierhalterhaftpflichtversicherung,AXA Unfallversicherung,AXA Wohngebäudeversicherung,AXA Zahnzusatzversicherung</Weitere_Adressen_name><Weitere_Adressen_link>https://www.aboalarm.de/kuendigung-adresse/krankenversicherung/axa-auslandskrankenversicherung,https://www.aboalarm.de/kuendigung-adresse/bausparvertrag/axa,https://www.aboalarm.de/kuendigung-adresse/berufsunfaehigkeitsversicherung/axa,https://www.aboalarm.de/kuendigung-adresse/haftpflichtversicherung/axa-betriebshaftpflichtversicherung,https://www.aboalarm.de/kuendigung-adresse/versicherung/axa-boxplus,https://www.aboalarm.de/kuendigung-adresse/versicherung/axa-elektronikversicherung,https://www.aboalarm.de/kuendigung-adresse/rentenversicherung/axa-erwerbsunfaehigkeitsversicherung,https://www.aboalarm.de/kuendigung-adresse/versicherung/axa-existenzschutzversicherung,https://www.aboalarm.de/kuendigung-adresse/versicherung/axa-glasversicherung,https://www.aboalarm.de/kuendigung-adresse/haftpflichtversicherung/axa,https://www.aboalarm.de/kuendigung-adresse/haftpflichtversicherung/axa-haus-grundbesitzerhaftpflichtversicherung,https://www.aboalarm.de/kuendigung-adresse/hausratversicherung/axa,https://www.aboalarm.de/kuendigung-adresse/kfz-versicherung/axa,https://www.aboalarm.de/kuendigung-adresse/krankenversicherung/axa,https://www.aboalarm.de/kuendigung-adresse/krankenversicherung/axa-sonstige-krankenzusatzversicherung,https://www.aboalarm.de/kuendigung-adresse/lebensversicherung/axa,https://www.aboalarm.de/kuendigung-adresse/lebensversicherung/axa-life-europe,https://www.aboalarm.de/kuendigung-adresse/krankenversicherung/axa-pflegeversicherung,https://www.aboalarm.de/kuendigung-adresse/rechtsschutzversicherung/axa,https://www.aboalarm.de/kuendigung-adresse/reiseversicherung/axa,https://www.aboalarm.de/kuendigung-adresse/unfallversicherung/axa-reiseunfallversicherung,https://www.aboalarm.de/kuendigung-adresse/reiseversicherung/axa-relax-reiseversicherung,https://www.aboalarm.de/kuendigung-adresse/rentenversicherung/axa-riester-rente,https://www.aboalarm.de/kuendigung-adresse/lebensversicherung/axa-risiko-lebensversicherung,https://www.aboalarm.de/kuendigung-adresse/krankenversicherung/axa-schwere-krankheiten-dread-disease,https://www.aboalarm.de/kuendigung-adresse/versicherung/axa-smartschutz,https://www.aboalarm.de/kuendigung-adresse/versicherung/axa-sterbegeldversicherung,https://www.aboalarm.de/kuendigung-adresse/haftpflichtversicherung/axa-tierhalterhaftpflichtversicherung,https://www.aboalarm.de/kuendigung-adresse/unfallversicherung/axa,https://www.aboalarm.de/kuendigung-adresse/versicherung/axa-wohngebaeude,https://www.aboalarm.de/kuendigung-adresse/zahnzusatzversicherung/axa</Weitere_Adressen_link><form_field>Versicherungsnummer</form_field><subject>Sehr geehrte Damen und Herren,</subject><letter_text>hiermit kündige ich meine oben genannte Rentenversicherung fristgerecht zum nächstmöglichen Zeitpunkt. Bitte senden Sie mir eine schriftliche Bestätigung der Kündigung unter Angabe des Beendigungszeitpunktes zu.</letter_text></item>
<item><category>Versicherung</category><source_url>https://www.aboalarm.de/kuendigung-adresse/rentenversicherung/arag</source_url><sub_category>Rentenversicherung</sub_category><company>Arag Rentenversicherung</company><full_address>Arag Lebensvers.-AG  Hollerithstraße 11 81829 München</full_address><address>Arag Lebensvers.-AG</address><city>München</city><zip>81829</zip><email>service@arag.de</email><website>http://www.arag.de</website><fax>08941249525</fax><hotline>089-412401</hotline><Weitere_Adressen_name>Arag Auslandskrankenversicherung,Arag Berufsunfähigkeitsversicherung,Arag Betriebshaftpflichtversicherung,Arag Elektronikversicherung,Arag Fahrradversicherung,Arag Glasversicherung,Arag Haftpflichtversicherung,ARAG Haus-/Grundbesitzerhaftpflichtversicherung,Arag Hausratversicherung,Arag KFZ-Versicherung,Arag Krankenversicherung,Arag Krankenzusatzversicherung,Arag Mietrechtsschutz,Arag Mietrechtsschutz Sofort,Arag Pflegeversicherung,Arag Privatrechtsschutzversicherung,Arag Riester-Rente,Arag Risiko-Lebensversicherung,ARAG SE,Arag Sterbegeldversicherung,Arag Tierhalterhaftpflichtversicherung,Arag Unfallversicherung,Arag Verkehrsrechtsschutz,Arag Verkehrsrechtsschutz Sofort,Arag Wohngebäudeversicherung,Arag Zahnzusatzversicherung</Weitere_Adressen_name><Weitere_Adressen_link>https://www.aboalarm.de/kuendigung-adresse/krankenversicherung/arag-auslandskrankenversicherung,https://www.aboalarm.de/kuendigung-adresse/berufsunfaehigkeitsversicherung/arag-berufsunfaehigkeitsversicherung,https://www.aboalarm.de/kuendigung-adresse/haftpflichtversicherung/arag-betriebshaftpflichtversicherung,https://www.aboalarm.de/kuendigung-adresse/versicherung/arag-elektronikversicherung,https://www.aboalarm.de/kuendigung-adresse/versicherung/arag,https://www.aboalarm.de/kuendigung-adresse/versicherung/arag-glasversicherung,https://www.aboalarm.de/kuendigung-adresse/haftpflichtversicherung/arag,https://www.aboalarm.de/kuendigung-adresse/haftpflichtversicherung/arag-haus-grundbesitzerhaftpflichtversicherung,https://www.aboalarm.de/kuendigung-adresse/hausratversicherung/arag,https://www.aboalarm.de/kuendigung-adresse/kfz-versicherung/arag,https://www.aboalarm.de/kuendigung-adresse/krankenversicherung/arag,https://www.aboalarm.de/kuendigung-adresse/krankenversicherung/arag-sonstige-krankenzusatzversicherung,https://www.aboalarm.de/kuendigung-adresse/rechtsschutzversicherung/arag-mietrechtsschutz,https://www.aboalarm.de/kuendigung-adresse/rechtsschutzversicherung/arag-mietrechtsschutz-sofort,https://www.aboalarm.de/kuendigung-adresse/krankenversicherung/arag-pflegeversicherung,https://www.aboalarm.de/kuendigung-adresse/rechtsschutzversicherung/arag-rechtsschutzversicherung,https://www.aboalarm.de/kuendigung-adresse/abonnement/arag-riester-rente,https://www.aboalarm.de/kuendigung-adresse/lebensversicherung/arag,https://www.aboalarm.de/kuendigung-adresse/versicherung/arag-se,https://www.aboalarm.de/kuendigung-adresse/versicherung/arag-sterbegeldversicherung,https://www.aboalarm.de/kuendigung-adresse/haftpflichtversicherung/arag-tierhalterhaftpflichtversicherung,https://www.aboalarm.de/kuendigung-adresse/unfallversicherung/arag,https://www.aboalarm.de/kuendigung-adresse/rechtsschutzversicherung/arag-verkehrsrechtsschutz,https://www.aboalarm.de/kuendigung-adresse/rechtsschutzversicherung/arag-verkehrsrechtsschutz-sofort,https://www.aboalarm.de/kuendigung-adresse/versicherung/arag-wohngebaeudeversicherung,https://www.aboalarm.de/kuendigung-adresse/zahnzusatzversicherung/arag</Weitere_Adressen_link><form_field>Versicherungsnummer</form_field><subject>Sehr geehrte Damen und Herren,</subject><letter_text>hiermit kündige ich meine oben genannte Rentenversicherung fristgerecht zum nächstmöglichen Zeitpunkt. Bitte senden Sie mir eine schriftliche Bestätigung der Kündigung unter Angabe des Beendigungszeitpunktes zu.</letter_text></item>
<item><category>Versicherung</category><source_url>https://www.aboalarm.de/kuendigung-adresse/rentenversicherung/allianz</source_url><sub_category>Rentenversicherung</sub_category><company>Allianz Rentenversicherung</company><full_address>Allianz Lebensversicherungs-AG 10850 Berlin</full_address><address>Allianz Lebensversicherungs-AG</address><city>Berlin</city><zip>10850</zip><email>lebensversicherung@allianz.de</email><website>http://www.allianz.de</website><fax>08004400104</fax><hotline>08004100104</hotline><Weitere_Adressen_name>Allianz 24 Kfz-Versicherung,Allianz AktivDepot,Allianz Altersvorsorge,Allianz Auslandskrankenversicherung,Allianz Berufsunfähigkeitsversicherung,Allianz Direct Haftpflichtversicherung (ehemals AllSecur),Allianz Direct Hausratsversicherung (ehemals AllSecur),Allianz Direct KFZ-Versicherung (ehemals AllSecur),Allianz Direct Rechtsschutzversicherung (ehemals AllSecur),Allianz Direct Risiko-Lebensversicherung (ehemals AllSecur),Allianz Elektronikversicherung,Allianz Erwerbsunfähigkeitsversicherung,Allianz Fahrradversicherung,Allianz Glasversicherung,Allianz Global Investors,Allianz Haftpflichtversicherung,Allianz Haus-/Grundbesitzerhaftpflichtversicherung,Allianz Hausratversicherung,Allianz Immobilien-Rechtsschutzversicherung,Allianz Kfz-Versicherung,Allianz Krankenzusatzversicherung,Allianz Lebensversicherung,Allianz Pensionskasse,Allianz Pflegeversicherung,Allianz Private Krankenversicherung,Allianz Rechtsschutzversicherung,Allianz Reisegepäckversicherung,Allianz Reiseunfallversicherung,Allianz Reiseversicherung (Allianz Global Assistance),Allianz Riester-Rente,Allianz Risiko-Lebensversicherung,Allianz Schwere Krankheiten (Dread Disease),Allianz Sterbegeldversicherung,Allianz Tierhalterhaftpflichtversicherung,Allianz Travel,Allianz Unfallversicherung,Allianz Wohngebäudeversicherung,Allianz Zahnzusatzversicherung</Weitere_Adressen_name><Weitere_Adressen_link>https://www.aboalarm.de/kuendigung-adresse/kfz-versicherung/allianz-24,https://www.aboalarm.de/kuendigung-adresse/finanzen/allianz-aktivdepot,https://www.aboalarm.de/kuendigung-adresse/rentenversicherung/allianz-altersvorsorge,https://www.aboalarm.de/kuendigung-adresse/krankenversicherung/allianz-auslandskrankenversicherung,https://www.aboalarm.de/kuendigung-adresse/berufsunfaehigkeitsversicherung/allianz-berufsunfaehigkeitsversicherung,https://www.aboalarm.de/kuendigung-adresse/haftpflichtversicherung/allianz-direkt-haftpflichtversicherungallsecur,https://www.aboalarm.de/kuendigung-adresse/hausratversicherung/allianz-direkt-hausratversicherungallsecur,https://www.aboalarm.de/kuendigung-adresse/kfz-versicherung/allianz-direkt-kfz-versicherungallsecur,https://www.aboalarm.de/kuendigung-adresse/rechtsschutzversicherung/allsecur-rechtsschutzversicherung,https://www.aboalarm.de/kuendigung-adresse/lebensversicherung/allsecur-risiko-lebensversicherung,https://www.aboalarm.de/kuendigung-adresse/versicherung/allianz-elektronikversicherung,https://www.aboalarm.de/kuendigung-adresse/rentenversicherung/allianz-erwerbsunfaehigkeitsversicherung,https://www.aboalarm.de/kuendigung-adresse/versicherung/allianz-fahrradversicherung,https://www.aboalarm.de/kuendigung-adresse/versicherung/allianz-glasversicherung,https://www.aboalarm.de/kuendigung-adresse/sonstige/allianz-global-investors,https://www.aboalarm.de/kuendigung-adresse/haftpflichtversicherung/allianz,https://www.aboalarm.de/kuendigung-adresse/haftpflichtversicherung/allianz-haus-grundbesitzerhaftpflichtversicherung,https://www.aboalarm.de/kuendigung-adresse/hausratversicherung/allianz,https://www.aboalarm.de/kuendigung-adresse/rechtsschutzversicherung/allianz-immobilien-rechtsschutzversicherung,https://www.aboalarm.de/kuendigung-adresse/kfz-versicherung/allianz,https://www.aboalarm.de/kuendigung-adresse/krankenversicherung/allianz-sonstige-krankenzusatzversicherung,https://www.aboalarm.de/kuendigung-adresse/berufsunfaehigkeitsversicherung/allianz,https://www.aboalarm.de/kuendigung-adresse/rentenversicherung/allianz-pensionskasse,https://www.aboalarm.de/kuendigung-adresse/versicherung/allianz-pflegeversicherung,https://www.aboalarm.de/kuendigung-adresse/krankenversicherung/allianz,https://www.aboalarm.de/kuendigung-adresse/rechtsschutzversicherung/allianz,https://www.aboalarm.de/kuendigung-adresse/reiseversicherung/allianz,https://www.aboalarm.de/kuendigung-adresse/unfallversicherung/allianz-reiseunfallversicherung,https://www.aboalarm.de/kuendigung-adresse/versicherung/allianz-aga-international,https://www.aboalarm.de/kuendigung-adresse/rentenversicherung/allianz-riester-rente,https://www.aboalarm.de/kuendigung-adresse/lebensversicherung/allianz-risiko,https://www.aboalarm.de/kuendigung-adresse/krankenversicherung/allianz-schwere-krankheiten-dread-disease,https://www.aboalarm.de/kuendigung-adresse/versicherung/allianz-sterbegeldversicherung,https://www.aboalarm.de/kuendigung-adresse/haftpflichtversicherung/allianz-tierhalterhaftpflichtversicherung,https://www.aboalarm.de/kuendigung-adresse/abonnement/allianz-reiseversicherung,https://www.aboalarm.de/kuendigung-adresse/unfallversicherung/allianz,https://www.aboalarm.de/kuendigung-adresse/versicherung/allianz-wohngebaeudeversicherung,https://www.aboalarm.de/kuendigung-adresse/zahnzusatzversicherung/allianz</Weitere_Adressen_link><form_field>Versicherungsnummer</form_field><subject>Sehr geehrte Damen und Herren,</subject><letter_text>hiermit kündige ich meine oben genannte Rentenversicherung fristgerecht zum nächstmöglichen Zeitpunkt. Bitte senden Sie mir eine schriftliche Bestätigung der Kündigung unter Angabe des Beendigungszeitpunktes zu.</letter_text></item>
</items>