<?xml version="1.0" encoding="utf-8"?>
<items>
<item><category>Online-Dienst</category><source_url>https://www.aboalarm.de/kuendigung-adresse/server-hosting/webtropia</source_url><sub_category>server-hosting</sub_category><company>Webtropia</company><full_address>myLoc managed IT AG Am Gatherhof 44 40472 Düsseldorf</full_address><address>myLoc managed IT AG</address><city>Düsseldorf</city><zip>40472</zip><email>info@webtropia.com</email><website>http://www.webtropia.com</website><fax>0211 / 545 957 - 338</fax><hotline>0211-545957-330</hotline><Weitere_Adressen_name></Weitere_Adressen_name><Weitere_Adressen_link></Weitere_Adressen_link><form_field>Kundennummer</form_field><subject>Sehr geehrte Damen und Herren,</subject><letter_text>hiermit kündige ich meinen Webtropia-Vertrag fristgerecht zum nächstmöglichen Zeitpunkt. Bitte senden Sie mir eine schriftliche Bestätigung der Kündigung unter Angabe des Beendigungszeitpunktes zu.</letter_text></item>
<item><category>Online-Dienst</category><source_url>https://www.aboalarm.de/kuendigung-adresse/server-hosting/serverloft</source_url><sub_category>server-hosting</sub_category><company>serverloft</company><full_address>serverloft BSB Service GmbH Daimlerstraße 9-11 50354 Hürth</full_address><address>serverloft BSB Service GmbH</address><city>Hürth</city><zip>50354</zip><email>info@serverloft.de</email><website>http://www.serverloft.de</website><fax>022 33 – 612-5150</fax><hotline>0800–1004082</hotline><Weitere_Adressen_name></Weitere_Adressen_name><Weitere_Adressen_link></Weitere_Adressen_link><form_field>Kundennummer</form_field><subject>Sehr geehrte Damen und Herren,</subject><letter_text>hiermit kündige ich meinen serverloft-Vertrag fristgerecht zum nächstmöglichen Zeitpunkt. Bitte senden Sie mir eine schriftliche Bestätigung der Kündigung unter Angabe des Beendigungszeitpunktes zu.</letter_text></item>
<item><category>Online-Dienst</category><source_url>https://www.aboalarm.de/kuendigung-adresse/server-hosting/server4you</source_url><sub_category>server-hosting</sub_category><company>Server4You</company><full_address>Host Europe GmbH Server4You Daimlerstr. 9-11 50354 Hürth</full_address><address>Host Europe GmbH</address><city>9-11</city><zip>Daimlerstr.</zip><email>info@server4you.de</email><website>http://www.server4you.de</website><fax>022336125150</fax><hotline>02233 612 4894</hotline><Weitere_Adressen_name></Weitere_Adressen_name><Weitere_Adressen_link></Weitere_Adressen_link><form_field>Kundennummer</form_field><subject>Sehr geehrte Damen und Herren,</subject><letter_text>hiermit kündige ich meinen Server4You-Vertrag fristgerecht zum nächstmöglichen Zeitpunkt. Bitte senden Sie mir eine schriftliche Bestätigung der Kündigung unter Angabe des Beendigungszeitpunktes zu.</letter_text></item>
</items>