<?xml version="1.0" encoding="utf-8"?>
<items>
<item><category>Mitgliedschaft</category><source_url>https://www.aboalarm.de/kuendigung-adresse/sonnenstudio/sunpoint</source_url><sub_category>Sonnenstudio</sub_category><company>SUNPOINT</company><full_address>WM BEAUTYSYSTEMS AG &amp; Co. KG Club-Vertragsverwaltung Carl-Friedrich-Gauß-Str.11 50259 Pulheim</full_address><address>WM BEAUTYSYSTEMS AG &amp; Co. KG</address><city>Pulheim</city><zip>50259</zip><email>club-service@sunpoint.de</email><website>https://www.sunpoint.de</website><fax>0800 555 6005</fax><hotline>0800 - 555 2016</hotline><Weitere_Adressen_name></Weitere_Adressen_name><Weitere_Adressen_link></Weitere_Adressen_link><form_field>Kundennummer</form_field><subject>Sehr geehrte Damen und Herren,</subject><letter_text>hiermit kündige ich meinen SUNPOINT-Vertrag fristgerecht zum nächstmöglichen Zeitpunkt. Bitte senden Sie mir eine schriftliche Bestätigung der Kündigung unter Angabe des Beendigungszeitpunktes zu.</letter_text></item>
<item><category>Mitgliedschaft</category><source_url>https://www.aboalarm.de/kuendigung-adresse/sonnenstudio/das-sonnenstudio</source_url><sub_category>Sonnenstudio</sub_category><company>Das Sonnenstudio</company><full_address>Das Sonnenstudio Hamburger Str. 118 22083 Hamburg</full_address><address>Das Sonnenstudio</address><city>Hamburg</city><zip>22083</zip><email>info@das-sonnenstudio.net</email><website>http://www.das-sonnenstudio.net</website><fax>040 22698907</fax><hotline>040 - 22 69 80 30</hotline><Weitere_Adressen_name></Weitere_Adressen_name><Weitere_Adressen_link></Weitere_Adressen_link><form_field>Kundennummer</form_field><subject>Sehr geehrte Damen und Herren,</subject><letter_text>hiermit kündige ich meinen Das Sonnenstudio-Vertrag fristgerecht zum nächstmöglichen Zeitpunkt. Bitte senden Sie mir eine schriftliche Bestätigung der Kündigung unter Angabe des Beendigungszeitpunktes zu.</letter_text></item>
</items>