<?xml version="1.0" encoding="utf-8"?>
<items>
<item><category>Sonstige</category><source_url>https://www.aboalarm.de/kuendigung-adresse/sonstige/faerber</source_url><sub_category>None</sub_category><company>Färber</company><full_address>Färber GmbH In Metzlerskaul 10 56567 Neuwied</full_address><address>Färber GmbH</address><city>Neuwied</city><zip>56567</zip><email>-</email><website>None</website><fax>0263175069</fax><hotline>02631 / 72467</hotline><Weitere_Adressen_name></Weitere_Adressen_name><Weitere_Adressen_link></Weitere_Adressen_link><form_field>Kundennummer</form_field><subject>Sehr geehrte Damen und Herren,</subject><letter_text>hiermit kündige ich meinen Färber-Vertrag fristgerecht zum nächstmöglichen Zeitpunkt. Bitte senden Sie mir eine schriftliche Bestätigung der Kündigung unter Angabe des Beendigungszeitpunktes zu.</letter_text></item>
<item><category>Sonstige</category><source_url>https://www.aboalarm.de/kuendigung-adresse/sonstige/deutsche-post-direkt</source_url><sub_category>None</sub_category><company>Deutsche Post Direkt</company><full_address>Deutsche Post Direkt GmbH Junkersring 57 53844 Troisdorf</full_address><address>Deutsche Post Direkt GmbH</address><city>Troisdorf</city><zip>53844</zip><email>info@postdirekt.de</email><website>http://www.postdirekt.de</website><fax>None</fax><hotline>0224126610</hotline><Weitere_Adressen_name></Weitere_Adressen_name><Weitere_Adressen_link></Weitere_Adressen_link><form_field>Kundennummer</form_field><subject>Sehr geehrte Damen und Herren,</subject><letter_text>hiermit kündige ich meinen Deutsche Post Direkt-Vertrag fristgerecht zum nächstmöglichen Zeitpunkt. Bitte senden Sie mir eine schriftliche Bestätigung der Kündigung unter Angabe des Beendigungszeitpunktes zu.</letter_text></item>
<item><category>Sonstige</category><source_url>https://www.aboalarm.de/kuendigung-adresse/sonstige/bsw</source_url><sub_category>None</sub_category><company>BSW. Der BonusClub</company><full_address>BSW Verbraucher-Service GmbH Mainstraße 5 95444 Bayreuth</full_address><address>BSW Verbraucher-Service GmbH</address><city>Bayreuth</city><zip>95444</zip><email>info@bsw.de</email><website>http://www.bsw.de</website><fax>0921802300</fax><hotline>08002792582</hotline><Weitere_Adressen_name></Weitere_Adressen_name><Weitere_Adressen_link></Weitere_Adressen_link><form_field>Kundennummer</form_field><subject>Sehr geehrte Damen und Herren,</subject><letter_text>hiermit kündige ich meinen BSW. Der BonusClub-Vertrag fristgerecht zum nächstmöglichen Zeitpunkt. Bitte senden Sie mir eine schriftliche Bestätigung der Kündigung unter Angabe des Beendigungszeitpunktes zu.</letter_text></item>
</items>