<?xml version="1.0" encoding="utf-8"?>
<items>
<item><category>Mitgliedschaft</category><source_url>https://www.aboalarm.de/kuendigung-adresse/sportverein/vfb-stuttgart</source_url><sub_category>Sonnenstudio</sub_category><company>VfB Stuttgart</company><full_address>VfB Stuttgart 1893 e.V. Mercedesstraße 109 70372 Stuttgart</full_address><address>VfB Stuttgart 1893 e.V.</address><city>Stuttgart</city><zip>70372</zip><email>service@vfb-stuttgart.de</email><website>http://www.vfb.de</website><fax>071155007196</fax><hotline>01806991893</hotline><Weitere_Adressen_name></Weitere_Adressen_name><Weitere_Adressen_link></Weitere_Adressen_link><form_field>Kundennummer</form_field><subject>Sehr geehrte Damen und Herren,</subject><letter_text>hiermit kündige ich meinen VfB Stuttgart-Vertrag fristgerecht zum nächstmöglichen Zeitpunkt. Bitte senden Sie mir eine schriftliche Bestätigung der Kündigung unter Angabe des Beendigungszeitpunktes zu.</letter_text></item>
<item><category>Mitgliedschaft</category><source_url>https://www.aboalarm.de/kuendigung-adresse/sportverein/sg-stern-stuttgart</source_url><sub_category>Sonnenstudio</sub_category><company>SG Stern Stuttgart</company><full_address>SG Stern Stuttgart Fritz-Walter-Weg 19 70372 Stuttgart</full_address><address>SG Stern Stuttgart</address><city>Stuttgart</city><zip>70372</zip><email>-</email><website>None</website><fax>07111750042</fax><hotline>071117-23751</hotline><Weitere_Adressen_name></Weitere_Adressen_name><Weitere_Adressen_link></Weitere_Adressen_link><form_field>Kundennummer</form_field><subject>Sehr geehrte Damen und Herren,</subject><letter_text>hiermit kündige ich meinen SG Stern Stuttgart-Vertrag fristgerecht zum nächstmöglichen Zeitpunkt. Bitte senden Sie mir eine schriftliche Bestätigung der Kündigung unter Angabe des Beendigungszeitpunktes zu.</letter_text></item>
<item><category>Mitgliedschaft</category><source_url>https://www.aboalarm.de/kuendigung-adresse/sportverein/osc-osnabruecker-sport-club</source_url><sub_category>Sonnenstudio</sub_category><company>OSC Osnabrücker Sport Club</company><full_address>Osnabrücker Sport Club e.V. Hiärm-Grupe-Straße 8 49080 Osnabrück</full_address><address>Osnabrücker Sport Club e.V.</address><city>Osnabrück</city><zip>49080</zip><email>info@osnabruecker-sportclub.de</email><website>http://www.osnabruecker-sportclub.de</website><fax>0541580577719</fax><hotline>0541-5805777-0</hotline><Weitere_Adressen_name></Weitere_Adressen_name><Weitere_Adressen_link></Weitere_Adressen_link><form_field>Kundennummer</form_field><subject>Sehr geehrte Damen und Herren,</subject><letter_text>hiermit kündige ich meinen OSC Osnabrücker Sport Club-Vertrag fristgerecht zum nächstmöglichen Zeitpunkt. Bitte senden Sie mir eine schriftliche Bestätigung der Kündigung unter Angabe des Beendigungszeitpunktes zu.</letter_text></item>
<item><category>Mitgliedschaft</category><source_url>https://www.aboalarm.de/kuendigung-adresse/sportverein/hsv-hamburger-sport-verein</source_url><sub_category>Sonnenstudio</sub_category><company>HSV Hamburger Sport-Verein</company><full_address>Hamburger Sport-Verein e.V. Mitgliederwesen Sylvesterallee 7 22525 Hamburg</full_address><address>Hamburger Sport-Verein e.V.</address><city>7</city><zip>Sylvesterallee</zip><email>mitgliederwesen@hsv.de</email><website>http://www.hsv.de</website><fax>04041551510</fax><hotline>04041551500</hotline><Weitere_Adressen_name></Weitere_Adressen_name><Weitere_Adressen_link></Weitere_Adressen_link><form_field>Kundennummer</form_field><subject>Sehr geehrte Damen und Herren,</subject><letter_text>hiermit kündige ich meinen HSV Hamburger Sport-Verein-Vertrag fristgerecht zum nächstmöglichen Zeitpunkt. Bitte senden Sie mir eine schriftliche Bestätigung der Kündigung unter Angabe des Beendigungszeitpunktes zu.</letter_text></item>
<item><category>Mitgliedschaft</category><source_url>https://www.aboalarm.de/kuendigung-adresse/sportverein/ftg-frankfurt</source_url><sub_category>Sonnenstudio</sub_category><company>FTG Frankfurt</company><full_address>FTG Frankfurt Marburger Str. 28 60487 Frankfurt</full_address><address>FTG Frankfurt</address><city>Frankfurt</city><zip>60487</zip><email>-</email><website>None</website><fax>069779015</fax><hotline>069-970803-0</hotline><Weitere_Adressen_name></Weitere_Adressen_name><Weitere_Adressen_link></Weitere_Adressen_link><form_field>Kundennummer</form_field><subject>Sehr geehrte Damen und Herren,</subject><letter_text>hiermit kündige ich meinen FTG Frankfurt-Vertrag fristgerecht zum nächstmöglichen Zeitpunkt. Bitte senden Sie mir eine schriftliche Bestätigung der Kündigung unter Angabe des Beendigungszeitpunktes zu.</letter_text></item>
<item><category>Mitgliedschaft</category><source_url>https://www.aboalarm.de/kuendigung-adresse/sportverein/fc-carl-zeiss-jena</source_url><sub_category>Sonnenstudio</sub_category><company>FC Carl Zeiss Jena</company><full_address>FC Carl Zeiss Jena Fußball Spielbetriebs GmbH Ernst-Abbe-Sportfeld Im Paradies Roland-Ducke-Weg 1 07745 Jena</full_address><address>FC Carl Zeiss Jena Fußball Spielbetriebs GmbH</address><city>1</city><zip>Roland-Ducke-Weg</zip><email>info@fc-carlzeiss-jena.de</email><website>https://www.fc-carlzeiss-jena.de</website><fax>03641 / 76 51 10</fax><hotline>03641 / 76 51 00</hotline><Weitere_Adressen_name></Weitere_Adressen_name><Weitere_Adressen_link></Weitere_Adressen_link><form_field>Kundennummer</form_field><subject>Sehr geehrte Damen und Herren,</subject><letter_text>hiermit kündige ich meinen FC Carl Zeiss Jena-Vertrag fristgerecht zum nächstmöglichen Zeitpunkt. Bitte senden Sie mir eine schriftliche Bestätigung der Kündigung unter Angabe des Beendigungszeitpunktes zu.</letter_text></item>
<item><category>Mitgliedschaft</category><source_url>https://www.aboalarm.de/kuendigung-adresse/sportverein/borussia-dortmund</source_url><sub_category>Sonnenstudio</sub_category><company>Borussia Dortmund</company><full_address>Borussia Dortmund GmbH &amp; Co. KGaA Rheinlanddamm 207-209 44137 Dortmund</full_address><address>Borussia Dortmund GmbH &amp; Co. KGaA</address><city>Dortmund</city><zip>44137</zip><email>None</email><website>http://</website><fax>02319020854119</fax><hotline>023190200</hotline><Weitere_Adressen_name></Weitere_Adressen_name><Weitere_Adressen_link></Weitere_Adressen_link><form_field>Kundennummer</form_field><subject>Sehr geehrte Damen und Herren,</subject><letter_text>hiermit kündige ich meinen Borussia Dortmund-Vertrag fristgerecht zum nächstmöglichen Zeitpunkt. Bitte senden Sie mir eine schriftliche Bestätigung der Kündigung unter Angabe des Beendigungszeitpunktes zu.</letter_text></item>
<item><category>Mitgliedschaft</category><source_url>https://www.aboalarm.de/kuendigung-adresse/sportverein/fc-sportfreunde-muenchen</source_url><sub_category>Sonnenstudio</sub_category><company>FC Sportfreunde München</company><full_address>FC Sportfreunde München e.V. Säbener Str. 59 81547 München</full_address><address>FC Sportfreunde München e.V.</address><city>München</city><zip>81547</zip><email>info@fcsportfreunde.de</email><website>http://www.fcsportfreunde.de</website><fax>08930704094</fax><hotline>089/30704093</hotline><Weitere_Adressen_name></Weitere_Adressen_name><Weitere_Adressen_link></Weitere_Adressen_link><form_field>Kundennummer</form_field><subject>Sehr geehrte Damen und Herren,</subject><letter_text>hiermit kündige ich meinen FC Sportfreunde München-Vertrag fristgerecht zum nächstmöglichen Zeitpunkt. Bitte senden Sie mir eine schriftliche Bestätigung der Kündigung unter Angabe des Beendigungszeitpunktes zu.</letter_text></item>
<item><category>Mitgliedschaft</category><source_url>https://www.aboalarm.de/kuendigung-adresse/sportverein/fc-bayern-muenchen</source_url><sub_category>Sonnenstudio</sub_category><company>FC Bayern München</company><full_address>FC BAYERN MÜNCHEN EV MITGLIEDERSERVICE Postfach 90 04 51 81504 München</full_address><address>FC BAYERN MÜNCHEN EV</address><city>90</city><zip>Postfach</zip><email>fanclubs@fcb.de</email><website>https://fcbayern.com</website><fax>089699318555</fax><hotline>089 69931-555</hotline><Weitere_Adressen_name></Weitere_Adressen_name><Weitere_Adressen_link></Weitere_Adressen_link><form_field>Kundennummer</form_field><subject>Sehr geehrte Damen und Herren,</subject><letter_text>hiermit kündige ich meinen FC Bayern München-Vertrag fristgerecht zum nächstmöglichen Zeitpunkt. Bitte senden Sie mir eine schriftliche Bestätigung der Kündigung unter Angabe des Beendigungszeitpunktes zu.</letter_text></item>
<item><category>Mitgliedschaft</category><source_url>https://www.aboalarm.de/kuendigung-adresse/sportverein/1-fc-koeln</source_url><sub_category>Sonnenstudio</sub_category><company>1. FC Köln</company><full_address>1. FC Köln Postfach 45 04 56 50879 Köln</full_address><address>1. FC Köln</address><city>Köln</city><zip>50879</zip><email>Mitglieder@fc-Koeln.de</email><website>http://www.fc-Koeln.de</website><fax>022171616319</fax><hotline>0221-71616-316</hotline><Weitere_Adressen_name></Weitere_Adressen_name><Weitere_Adressen_link></Weitere_Adressen_link><form_field>Kundennummer</form_field><subject>Sehr geehrte Damen und Herren,</subject><letter_text>hiermit kündige ich meinen 1. FC Köln-Vertrag fristgerecht zum nächstmöglichen Zeitpunkt. Bitte senden Sie mir eine schriftliche Bestätigung der Kündigung unter Angabe des Beendigungszeitpunktes zu.</letter_text></item>
</items>