<?xml version="1.0" encoding="utf-8"?>
<items>
<item><category>Versicherung</category><source_url>https://www.aboalarm.de/kuendigung-adresse/unfallversicherung/interrisk</source_url><sub_category> Unfallversicherung</sub_category><company>Interrisk Unfallversicherung</company><full_address>InterRisk Versicherungs-AG Vienna Insurance Group Carl-Bosch-Str. 5 65015 Wiesbaden</full_address><address>InterRisk Versicherungs-AG Vienna Insurance Group</address><city>Wiesbaden</city><zip>65015</zip><email>info@interrisk.de</email><website>http://www.interrisk.de</website><fax>06112787222</fax><hotline>06112787-0</hotline><Weitere_Adressen_name>Interrisk Berufsunfähigkeitsversicherung,InterRisk Erwerbsunfähigkeitsversicherung,Interrisk Gebäudeversicherung,Interrisk Glasversicherung,Interrisk Haftpflichtversicherung,Interrisk Hausratversicherung,Interrisk Lebensversicherung,Interrisk Pflegeversicherung,Interrisk Rentenversicherung,Interrisk Risiko-Lebensversicherung,Interrisk Sterbegeldversicherung,Interrisk Tierhalterhaftpflichtversicherung</Weitere_Adressen_name><Weitere_Adressen_link>https://www.aboalarm.de/kuendigung-adresse/berufsunfaehigkeitsversicherung/interrisk,https://www.aboalarm.de/kuendigung-adresse/rentenversicherung/interrisk-erwerbsunfaehigkeitsversicherung,https://www.aboalarm.de/kuendigung-adresse/versicherung/interrisk-gebaeude,https://www.aboalarm.de/kuendigung-adresse/versicherung/interrisk-glasversicherung,https://www.aboalarm.de/kuendigung-adresse/haftpflichtversicherung/interrisk,https://www.aboalarm.de/kuendigung-adresse/hausratversicherung/interrisk,https://www.aboalarm.de/kuendigung-adresse/lebensversicherung/interrisk,https://www.aboalarm.de/kuendigung-adresse/versicherung/pflegeversicherung,https://www.aboalarm.de/kuendigung-adresse/rentenversicherung/interrisk,https://www.aboalarm.de/kuendigung-adresse/lebensversicherung/interrisk-risiko,https://www.aboalarm.de/kuendigung-adresse/versicherung/interrisk-sterbegeldversicherung,https://www.aboalarm.de/kuendigung-adresse/haftpflichtversicherung/interrisk-tierhalterhaftpflichtversicherung</Weitere_Adressen_link><form_field>Versicherungsnummer</form_field><subject>Sehr geehrte Damen und Herren,</subject><letter_text>hiermit kündige ich meine oben genannte Unfallversicherung fristgerecht zum nächstmöglichen Zeitpunkt. Bitte senden Sie mir eine schriftliche Bestätigung der Kündigung unter Angabe des Beendigungszeitpunktes zu.</letter_text></item>
</items>