<?xml version="1.0" encoding="utf-8"?>
<items>
<item><category>Abonnement</category><source_url>https://www.aboalarm.de/kuendigung-adresse/verlag/jahreszeiten-verlag</source_url><sub_category>Verlag</sub_category><company>Jahreszeiten Verlag</company><full_address>JAHRESZEITEN VERLAG GmbH Harvestehuder Weg 42 20149 Hamburg</full_address><address>JAHRESZEITEN VERLAG GmbH</address><city>Hamburg</city><zip>20149</zip><email>jahreszeitenverlag@jalag.de</email><website>http://www.jalag.de</website><fax>040 2717 2056</fax><hotline>040 2717 0</hotline><Weitere_Adressen_name></Weitere_Adressen_name><Weitere_Adressen_link></Weitere_Adressen_link><form_field>Kundennummer</form_field><subject>Sehr geehrte Damen und Herren,</subject><letter_text>hiermit kündige ich meinen Jahreszeiten Verlag-Vertrag fristgerecht zum nächstmöglichen Zeitpunkt. Bitte senden Sie mir eine schriftliche Bestätigung der Kündigung unter Angabe des Beendigungszeitpunktes zu.</letter_text></item>
<item><category>Abonnement</category><source_url>https://www.aboalarm.de/kuendigung-adresse/verlag/intan-service-plus</source_url><sub_category>Verlag</sub_category><company>intan service plus</company><full_address>intan service plus GmbH &amp; Co. KG Blumenhaller Weg 88 49078 Osnabrück</full_address><address>intan service plus GmbH &amp; Co. KG</address><city>Osnabrück</city><zip>49078</zip><email>info@intan.de</email><website>https://www.intan-group.de</website><fax>0541-80009099</fax><hotline>0541 4084-0</hotline><Weitere_Adressen_name></Weitere_Adressen_name><Weitere_Adressen_link></Weitere_Adressen_link><form_field>Kundennummer</form_field><subject>Sehr geehrte Damen und Herren,</subject><letter_text>hiermit kündige ich meinen intan service plus-Vertrag fristgerecht zum nächstmöglichen Zeitpunkt. Bitte senden Sie mir eine schriftliche Bestätigung der Kündigung unter Angabe des Beendigungszeitpunktes zu.</letter_text></item>
<item><category>Abonnement</category><source_url>https://www.aboalarm.de/kuendigung-adresse/verlag/domino-verlag</source_url><sub_category>Verlag</sub_category><company>Domino Verlag</company><full_address>Domino Verlag Günther Brinek GmbH Menzinger Str. 13 80638 München</full_address><address>Domino Verlag Günther Brinek GmbH</address><city>München</city><zip>80638</zip><email>service@domino-verlag.de</email><website>https://www.domino-verlag.de/</website><fax>089/32 22 34 76</fax><hotline>089/10 11 93 78</hotline><Weitere_Adressen_name></Weitere_Adressen_name><Weitere_Adressen_link></Weitere_Adressen_link><form_field>Kundennummer</form_field><subject>Sehr geehrte Damen und Herren,</subject><letter_text>hiermit kündige ich meinen Domino Verlag-Vertrag fristgerecht zum nächstmöglichen Zeitpunkt. Bitte senden Sie mir eine schriftliche Bestätigung der Kündigung unter Angabe des Beendigungszeitpunktes zu.</letter_text></item>
<item><category>Abonnement</category><source_url>https://www.aboalarm.de/kuendigung-adresse/verlag/huber-verlag</source_url><sub_category>Verlag</sub_category><company>Huber Verlag</company><full_address>Huber Verlag GmbH &amp; Co. KG Markircher Straße 9 a 68229 Mannheim</full_address><address>Huber Verlag GmbH &amp; Co. KG</address><city>Mannheim</city><zip>68229</zip><email>-</email><website>None</website><fax>0621483611310</fax><hotline>062148361-13</hotline><Weitere_Adressen_name></Weitere_Adressen_name><Weitere_Adressen_link></Weitere_Adressen_link><form_field>Kundennummer</form_field><subject>Sehr geehrte Damen und Herren,</subject><letter_text>hiermit kündige ich meinen Huber Verlag-Vertrag fristgerecht zum nächstmöglichen Zeitpunkt. Bitte senden Sie mir eine schriftliche Bestätigung der Kündigung unter Angabe des Beendigungszeitpunktes zu.</letter_text></item>
<item><category>Abonnement</category><source_url>https://www.aboalarm.de/kuendigung-adresse/verlag/in-verlag</source_url><sub_category>Verlag</sub_category><company>in Verlag</company><full_address>in Verlag GmbH &amp; Co. KG Rosenthaler Strasse 40/41 10178 Berlin</full_address><address>in Verlag GmbH &amp; Co. KG</address><city>Berlin</city><zip>10178</zip><email>-</email><website>None</website><fax>018058618002</fax><hotline>01805-514055</hotline><Weitere_Adressen_name></Weitere_Adressen_name><Weitere_Adressen_link></Weitere_Adressen_link><form_field>Kundennummer</form_field><subject>Sehr geehrte Damen und Herren,</subject><letter_text>hiermit kündige ich meinen in Verlag-Vertrag fristgerecht zum nächstmöglichen Zeitpunkt. Bitte senden Sie mir eine schriftliche Bestätigung der Kündigung unter Angabe des Beendigungszeitpunktes zu.</letter_text></item>
<item><category>Abonnement</category><source_url>https://www.aboalarm.de/kuendigung-adresse/verlag/dlv-deutscher-landwirtschaftsverlag</source_url><sub_category>Verlag</sub_category><company>DLV Deutscher Landwirtschaftsverlag</company><full_address>Deutscher Landwirtschaftsverlag GmbH Lothstraße 29 80797 München</full_address><address>Deutscher Landwirtschaftsverlag GmbH</address><city>München</city><zip>80797</zip><email>-</email><website>None</website><fax>08912705586</fax><hotline>089-12705-1</hotline><Weitere_Adressen_name></Weitere_Adressen_name><Weitere_Adressen_link></Weitere_Adressen_link><form_field>Kundennummer</form_field><subject>Sehr geehrte Damen und Herren,</subject><letter_text>hiermit kündige ich meinen DLV Deutscher Landwirtschaftsverlag-Vertrag fristgerecht zum nächstmöglichen Zeitpunkt. Bitte senden Sie mir eine schriftliche Bestätigung der Kündigung unter Angabe des Beendigungszeitpunktes zu.</letter_text></item>
<item><category>Abonnement</category><source_url>https://www.aboalarm.de/kuendigung-adresse/verlag/fid-verlag</source_url><sub_category>Verlag</sub_category><company>FID Verlag</company><full_address>FID Verlag GmbH Koblenzer Str. 99 53177 Bonn</full_address><address>FID Verlag GmbH</address><city>Bonn</city><zip>53177</zip><email>info@fid-verlag.de</email><website>https://www.fid-verlag.de</website><fax>0228 361992</fax><hotline>0228 9550420</hotline><Weitere_Adressen_name></Weitere_Adressen_name><Weitere_Adressen_link></Weitere_Adressen_link><form_field>Kundennummer</form_field><subject>Sehr geehrte Damen und Herren,</subject><letter_text>hiermit kündige ich meinen FID Verlag-Vertrag fristgerecht zum nächstmöglichen Zeitpunkt. Bitte senden Sie mir eine schriftliche Bestätigung der Kündigung unter Angabe des Beendigungszeitpunktes zu.</letter_text></item>
<item><category>Abonnement</category><source_url>https://www.aboalarm.de/kuendigung-adresse/verlag/friedrich-verlag</source_url><sub_category>Verlag</sub_category><company>Friedrich Verlag</company><full_address>Friedrich Verlag GmbH Im Brande 17 30926 Seelze</full_address><address>Friedrich Verlag GmbH</address><city>Seelze</city><zip>30926</zip><email>leserservice@friedrich-verlag.de</email><website>http://www.friedrich-verlag.de</website><fax>051140004170</fax><hotline>051140004150</hotline><Weitere_Adressen_name></Weitere_Adressen_name><Weitere_Adressen_link></Weitere_Adressen_link><form_field>Kundennummer</form_field><subject>Sehr geehrte Damen und Herren,</subject><letter_text>hiermit kündige ich meinen Friedrich Verlag-Vertrag fristgerecht zum nächstmöglichen Zeitpunkt. Bitte senden Sie mir eine schriftliche Bestätigung der Kündigung unter Angabe des Beendigungszeitpunktes zu.</letter_text></item>
<item><category>Abonnement</category><source_url>https://www.aboalarm.de/kuendigung-adresse/verlag/deutscher-bauernverlag</source_url><sub_category>Verlag</sub_category><company>Deutscher Bauernverlag</company><full_address>Deutscher Bauernverlag GmbH Wilhelmsaue 37 10713 Berlin</full_address><address>Deutscher Bauernverlag GmbH</address><city>Berlin</city><zip>10713</zip><email>kundenservice@bauernverlag.de</email><website>https://www.bauernverlag.de</website><fax>03046406451</fax><hotline>030 46406 111</hotline><Weitere_Adressen_name></Weitere_Adressen_name><Weitere_Adressen_link></Weitere_Adressen_link><form_field>Kundennummer</form_field><subject>Sehr geehrte Damen und Herren,</subject><letter_text>hiermit kündige ich meinen Deutscher Bauernverlag-Vertrag fristgerecht zum nächstmöglichen Zeitpunkt. Bitte senden Sie mir eine schriftliche Bestätigung der Kündigung unter Angabe des Beendigungszeitpunktes zu.</letter_text></item>
<item><category>Abonnement</category><source_url>https://www.aboalarm.de/kuendigung-adresse/zeitschrift/burda-direkt</source_url><sub_category>Verlag</sub_category><company>Burda Direct</company><full_address>Neue Verlagsgesellschaft mbH Abo-Service BurdaDirect Postfach 2130 77652 Offenburg</full_address><address>Neue Verlagsgesellschaft mbH</address><city>2130</city><zip>Postfach</zip><email>kundenservice@burdadirect.de</email><website>https://www.burdadirect.com/</website><fax>0781/6395781</fax><hotline>0800 / 503 511 147</hotline><Weitere_Adressen_name></Weitere_Adressen_name><Weitere_Adressen_link></Weitere_Adressen_link><form_field>Kundennummer</form_field><subject>Sehr geehrte Damen und Herren,</subject><letter_text>hiermit kündige ich meinen Burda Direct-Vertrag fristgerecht zum nächstmöglichen Zeitpunkt. Bitte senden Sie mir eine schriftliche Bestätigung der Kündigung unter Angabe des Beendigungszeitpunktes zu.</letter_text></item>
<item><category>Abonnement</category><source_url>https://www.aboalarm.de/kuendigung-adresse/verlag/bauer-verlag</source_url><sub_category>Verlag</sub_category><company>Bauer Verlag</company><full_address>Bauer Media Group Abo-Kundenservice Meßberg 20086 Hamburg</full_address><address>Bauer Media Group</address><city>Hamburg</city><zip>20086</zip><email>kundenservice@bauermedia.com</email><website>https://www.bauermedia.com</website><fax>040 / 30 19 81 82</fax><hotline>040 / 32 90 16 16</hotline><Weitere_Adressen_name></Weitere_Adressen_name><Weitere_Adressen_link></Weitere_Adressen_link><form_field>Kundennummer</form_field><subject>Sehr geehrte Damen und Herren,</subject><letter_text>hiermit kündige ich meinen Bauer Verlag-Vertrag fristgerecht zum nächstmöglichen Zeitpunkt. Bitte senden Sie mir eine schriftliche Bestätigung der Kündigung unter Angabe des Beendigungszeitpunktes zu.</letter_text></item>
<item><category>Abonnement</category><source_url>https://www.aboalarm.de/kuendigung-adresse/verlag/berliner-verlag</source_url><sub_category>Verlag</sub_category><company>Berliner Verlag</company><full_address>Berliner Verlag GmbH Alte Jakobstraße 105 10969 Berlin</full_address><address>Berliner Verlag GmbH</address><city>Berlin</city><zip>10969</zip><email>http://www.dumont-berlin.de/kontakt.html</email><website>http://www.dumont-berlin.de</website><fax>03023276171</fax><hotline>030-23279</hotline><Weitere_Adressen_name></Weitere_Adressen_name><Weitere_Adressen_link></Weitere_Adressen_link><form_field>Kundennummer</form_field><subject>Sehr geehrte Damen und Herren,</subject><letter_text>hiermit kündige ich meinen Berliner Verlag-Vertrag fristgerecht zum nächstmöglichen Zeitpunkt. Bitte senden Sie mir eine schriftliche Bestätigung der Kündigung unter Angabe des Beendigungszeitpunktes zu.</letter_text></item>
<item><category>Abonnement</category><source_url>https://www.aboalarm.de/kuendigung-adresse/verlag/adac</source_url><sub_category>Verlag</sub_category><company>ADAC Verlag</company><full_address>ADAC Verlag GmbH &amp; Co. KG Hansastraße 19 80686 München</full_address><address>ADAC Verlag GmbH &amp; Co. KG</address><city>München</city><zip>80686</zip><email>verlag@adac.de</email><website>http://www.media.adac.de</website><fax>08976764866</fax><hotline>0897676-0</hotline><Weitere_Adressen_name></Weitere_Adressen_name><Weitere_Adressen_link></Weitere_Adressen_link><form_field>Kundennummer</form_field><subject>Sehr geehrte Damen und Herren,</subject><letter_text>hiermit kündige ich meinen ADAC Verlag-Vertrag fristgerecht zum nächstmöglichen Zeitpunkt. Bitte senden Sie mir eine schriftliche Bestätigung der Kündigung unter Angabe des Beendigungszeitpunktes zu.</letter_text></item>
<item><category>Abonnement</category><source_url>https://www.aboalarm.de/kuendigung-adresse/verlag/axel-springer-lesershop-24</source_url><sub_category>Verlag</sub_category><company>Axel Springer (Lesershop 24)</company><full_address>Axel Springer SE Axel-Springer-Straße 65 10888 Berlin</full_address><address>Axel Springer SE</address><city>Berlin</city><zip>10888</zip><email>service@lesershop24.de</email><website>http://www.axelspringer.de</website><fax>None</fax><hotline>030 25910</hotline><Weitere_Adressen_name></Weitere_Adressen_name><Weitere_Adressen_link></Weitere_Adressen_link><form_field>Kundennummer</form_field><subject>Sehr geehrte Damen und Herren,</subject><letter_text>hiermit kündige ich meinen Axel Springer (Lesershop 24)-Vertrag fristgerecht zum nächstmöglichen Zeitpunkt. Bitte senden Sie mir eine schriftliche Bestätigung der Kündigung unter Angabe des Beendigungszeitpunktes zu.</letter_text></item>
<item><category>Abonnement</category><source_url>https://www.aboalarm.de/kuendigung-adresse/verlag/vnr-verlag-fuer-die-deutsche-wirtschaft</source_url><sub_category>Verlag</sub_category><company>VNR Verlag für die Deutsche Wirtschaft</company><full_address>VNR Verlag für die Deutsche Wirtschaft AG Theodor-Heuss-Straße 2-4 53095 Bonn</full_address><address>VNR Verlag für die Deutsche Wirtschaft AG</address><city>Bonn</city><zip>53095</zip><email>info@vnr.de</email><website>http://www.vnrag.de</website><fax>02283696480</fax><hotline>02289550155</hotline><Weitere_Adressen_name></Weitere_Adressen_name><Weitere_Adressen_link></Weitere_Adressen_link><form_field>Kundennummer</form_field><subject>Sehr geehrte Damen und Herren,</subject><letter_text>hiermit kündige ich meinen VNR Verlag für die Deutsche Wirtschaft-Vertrag fristgerecht zum nächstmöglichen Zeitpunkt. Bitte senden Sie mir eine schriftliche Bestätigung der Kündigung unter Angabe des Beendigungszeitpunktes zu.</letter_text></item>
<item><category>Abonnement</category><source_url>https://www.aboalarm.de/kuendigung-adresse/verlag/sonic-media-verlag</source_url><sub_category>Verlag</sub_category><company>Sonic Media Verlag</company><full_address>Sonic Media Verlag GmbH Hauptstraße 31 53604 Bad Honnef</full_address><address>Sonic Media Verlag GmbH</address><city>Bad</city><zip>53604</zip><email>-</email><website>None</website><fax>022249882679</fax><hotline>-</hotline><Weitere_Adressen_name></Weitere_Adressen_name><Weitere_Adressen_link></Weitere_Adressen_link><form_field>Kundennummer</form_field><subject>Sehr geehrte Damen und Herren,</subject><letter_text>hiermit kündige ich meinen Sonic Media Verlag-Vertrag fristgerecht zum nächstmöglichen Zeitpunkt. Bitte senden Sie mir eine schriftliche Bestätigung der Kündigung unter Angabe des Beendigungszeitpunktes zu.</letter_text></item>
<item><category>Abonnement</category><source_url>https://www.aboalarm.de/kuendigung-adresse/verlag/spotlight-verlag</source_url><sub_category>Verlag</sub_category><company>Spotlight Verlag</company><full_address>Spotlight Verlag GmbH Kundenservice 20080 Hamburg</full_address><address>Spotlight Verlag GmbH</address><city>Hamburg</city><zip>20080</zip><email>abo@spotlight-verlag.de</email><website>http://www.spotlight-online.de/</website><fax>089 12140711</fax><hotline>089 12140710</hotline><Weitere_Adressen_name></Weitere_Adressen_name><Weitere_Adressen_link></Weitere_Adressen_link><form_field>Kundennummer</form_field><subject>Sehr geehrte Damen und Herren,</subject><letter_text>hiermit kündige ich meinen Spotlight Verlag-Vertrag fristgerecht zum nächstmöglichen Zeitpunkt. Bitte senden Sie mir eine schriftliche Bestätigung der Kündigung unter Angabe des Beendigungszeitpunktes zu.</letter_text></item>
<item><category>Abonnement</category><source_url>https://www.aboalarm.de/kuendigung-adresse/verlag/vgn-medien-holding-ehemals-verlagsgruppe-news</source_url><sub_category>Verlag</sub_category><company>VGN Medien Holding (ehemals Verlagsgruppe NEWS)</company><full_address>VGN Medien Holding GmbH Taborstraße 1-3 1020 Wien Österreich</full_address><address>VGN Medien Holding GmbH</address><city>Wien</city><zip>1020</zip><email>abo@news.at</email><website>https://www.vgn.at</website><fax>None</fax><hotline>01 / 9555 100</hotline><Weitere_Adressen_name></Weitere_Adressen_name><Weitere_Adressen_link></Weitere_Adressen_link><form_field>Kundennummer</form_field><subject>Sehr geehrte Damen und Herren,</subject><letter_text>hiermit kündige ich meinen VGN Medien Holding-Vertrag fristgerecht zum nächstmöglichen Zeitpunkt. Bitte senden Sie mir eine schriftliche Bestätigung der Kündigung unter Angabe des Beendigungszeitpunktes zu.</letter_text></item>
<item><category>Abonnement</category><source_url>https://www.aboalarm.de/kuendigung-adresse/verlag/sailer-verlag</source_url><sub_category>Verlag</sub_category><company>Sailer Verlag</company><full_address>Abonnenten Service Center GmbH Abo-Service Sailer Verlag Hubert Burda Platz 2 77652 Offenburg</full_address><address>Abonnenten Service Center GmbH</address><city>Burda</city><zip>Hubert</zip><email>leserservice@sailer-verlag.com</email><website>http://www.sailer-verlag.de</website><fax>0781 / 639 4669</fax><hotline>0781-639 4664</hotline><Weitere_Adressen_name></Weitere_Adressen_name><Weitere_Adressen_link></Weitere_Adressen_link><form_field>Kundennummer</form_field><subject>Sehr geehrte Damen und Herren,</subject><letter_text>hiermit kündige ich meinen Sailer Verlag-Vertrag fristgerecht zum nächstmöglichen Zeitpunkt. Bitte senden Sie mir eine schriftliche Bestätigung der Kündigung unter Angabe des Beendigungszeitpunktes zu.</letter_text></item>
<item><category>Abonnement</category><source_url>https://www.aboalarm.de/kuendigung-adresse/verlag/dfv-deutscher-fachverlag</source_url><sub_category>Verlag</sub_category><company>DFV Deutscher Fachverlag</company><full_address>Deutscher Fachverlag GmbH Mainzer Landstraße  251 60326 Frankfurt am Main</full_address><address>Deutscher Fachverlag GmbH</address><city>Frankfurt</city><zip>60326</zip><email>info@dfv.de</email><website>https://www.dfv.de/</website><fax>06975952999</fax><hotline>0697595-01</hotline><Weitere_Adressen_name></Weitere_Adressen_name><Weitere_Adressen_link></Weitere_Adressen_link><form_field>Kundennummer</form_field><subject>Sehr geehrte Damen und Herren,</subject><letter_text>hiermit kündige ich meinen DFV Deutscher Fachverlag-Vertrag fristgerecht zum nächstmöglichen Zeitpunkt. Bitte senden Sie mir eine schriftliche Bestätigung der Kündigung unter Angabe des Beendigungszeitpunktes zu.</letter_text></item>
<item><category>Abonnement</category><source_url>https://www.aboalarm.de/kuendigung-adresse/verlag/investor-verlag</source_url><sub_category>Verlag</sub_category><company>Investor Verlag</company><full_address>FID Verlag GmbH, Fachverlag für Informationsdienste Koblenzer Straße 99 53177 Bonn - Bad Godesberg</full_address><address>FID Verlag GmbH, Fachverlag für Informationsdienste</address><city>Bonn</city><zip>53177</zip><email>kundenservice@investor-verlag.de</email><website>https://www.investor-verlag.de/</website><fax>02 28 / 82 05 57 36</fax><hotline>02 28 / 9 550 456</hotline><Weitere_Adressen_name></Weitere_Adressen_name><Weitere_Adressen_link></Weitere_Adressen_link><form_field>Kundennummer</form_field><subject>Sehr geehrte Damen und Herren,</subject><letter_text>hiermit kündige ich meinen Investor Verlag-Vertrag fristgerecht zum nächstmöglichen Zeitpunkt. Bitte senden Sie mir eine schriftliche Bestätigung der Kündigung unter Angabe des Beendigungszeitpunktes zu.</letter_text></item>
<item><category>Abonnement</category><source_url>https://www.aboalarm.de/kuendigung-adresse/verlag/meininger-verlag</source_url><sub_category>Verlag</sub_category><company>Meininger Verlag</company><full_address>MEININGER VERLAG GmbH Maximilianstraße 7-17 67433 Neustadt/Weinstraße</full_address><address>MEININGER VERLAG GmbH</address><city>Neustadt/Weinstraße</city><zip>67433</zip><email>-</email><website>None</website><fax>06321890873</fax><hotline>06321 8908-0</hotline><Weitere_Adressen_name></Weitere_Adressen_name><Weitere_Adressen_link></Weitere_Adressen_link><form_field>Kundennummer</form_field><subject>Sehr geehrte Damen und Herren,</subject><letter_text>hiermit kündige ich meinen Meininger Verlag-Vertrag fristgerecht zum nächstmöglichen Zeitpunkt. Bitte senden Sie mir eine schriftliche Bestätigung der Kündigung unter Angabe des Beendigungszeitpunktes zu.</letter_text></item>
<item><category>Abonnement</category><source_url>https://www.aboalarm.de/kuendigung-adresse/verlag/natur-und-tier-verlag</source_url><sub_category>Verlag</sub_category><company>Natur und Tier Verlag</company><full_address>Natur und Tier - Verlag GmbH An der Kleimannbrücke 39/41 48157 Münster</full_address><address>Natur und Tier - Verlag GmbH</address><city>Münster</city><zip>48157</zip><email>info@ms-verlag.de</email><website>http://www.ms-verlag.de</website><fax>02511333933</fax><hotline>0251 / 13339 - 0</hotline><Weitere_Adressen_name></Weitere_Adressen_name><Weitere_Adressen_link></Weitere_Adressen_link><form_field>Kundennummer</form_field><subject>Sehr geehrte Damen und Herren,</subject><letter_text>hiermit kündige ich meinen Natur und Tier Verlag-Vertrag fristgerecht zum nächstmöglichen Zeitpunkt. Bitte senden Sie mir eine schriftliche Bestätigung der Kündigung unter Angabe des Beendigungszeitpunktes zu.</letter_text></item>
<item><category>Abonnement</category><source_url>https://www.aboalarm.de/kuendigung-adresse/verlag/olympia-verlag</source_url><sub_category>Verlag</sub_category><company>Olympia-Verlag</company><full_address>Olympia-Verlag GmbH Badstraße 4-6 90402 Nürnberg</full_address><address>Olympia-Verlag GmbH</address><city>Nürnberg</city><zip>90402</zip><email>-</email><website>None</website><fax>09112162230</fax><hotline>0911216-0</hotline><Weitere_Adressen_name></Weitere_Adressen_name><Weitere_Adressen_link></Weitere_Adressen_link><form_field>Kundennummer</form_field><subject>Sehr geehrte Damen und Herren,</subject><letter_text>hiermit kündige ich meinen Olympia-Verlag-Vertrag fristgerecht zum nächstmöglichen Zeitpunkt. Bitte senden Sie mir eine schriftliche Bestätigung der Kündigung unter Angabe des Beendigungszeitpunktes zu.</letter_text></item>
<item><category>Abonnement</category><source_url>https://www.aboalarm.de/kuendigung-adresse/verlag/neue-verlagsgesellschaft</source_url><sub_category>Verlag</sub_category><company>Neue Verlagsgesellschaft</company><full_address>Neue Verlagsgesellschaft mbH c/o BurdaDirect Postfach 2130 77611 Offenburg</full_address><address>Neue Verlagsgesellschaft mbH c/o BurdaDirect</address><city>Offenburg</city><zip>77611</zip><email>kundenservice@burdadirect.de</email><website>http://www.burdadirektservices.de</website><fax>00497816395781</fax><hotline>0781 6395780</hotline><Weitere_Adressen_name></Weitere_Adressen_name><Weitere_Adressen_link></Weitere_Adressen_link><form_field>Kundennummer</form_field><subject>Sehr geehrte Damen und Herren,</subject><letter_text>hiermit kündige ich meinen Neue Verlagsgesellschaft-Vertrag fristgerecht zum nächstmöglichen Zeitpunkt. Bitte senden Sie mir eine schriftliche Bestätigung der Kündigung unter Angabe des Beendigungszeitpunktes zu.</letter_text></item>
<item><category>Abonnement</category><source_url>https://www.aboalarm.de/kuendigung-adresse/verlag/matthaes</source_url><sub_category>Verlag</sub_category><company>MATTHAES VERLAG</company><full_address>MATTHAES VERLAG GMBH Postfach 10 31 44 70027 Stuttgart</full_address><address>MATTHAES VERLAG GMBH</address><city>Stuttgart</city><zip>70027</zip><email>-</email><website>None</website><fax>07112133239</fax><hotline>(07 11) 21 33-0</hotline><Weitere_Adressen_name></Weitere_Adressen_name><Weitere_Adressen_link></Weitere_Adressen_link><form_field>Kundennummer</form_field><subject>Sehr geehrte Damen und Herren,</subject><letter_text>hiermit kündige ich meinen MATTHAES VERLAG-Vertrag fristgerecht zum nächstmöglichen Zeitpunkt. Bitte senden Sie mir eine schriftliche Bestätigung der Kündigung unter Angabe des Beendigungszeitpunktes zu.</letter_text></item>
<item><category>Abonnement</category><source_url>https://www.aboalarm.de/kuendigung-adresse/verlag/kopp-verlag</source_url><sub_category>Verlag</sub_category><company>Kopp Verlag</company><full_address>Kopp Verlag e.K. Pfeiferstr. 52 72108 Rottenburg a. N.</full_address><address>Kopp Verlag e.K.</address><city>Rottenburg</city><zip>72108</zip><email>-</email><website>None</website><fax>07472980611</fax><hotline>0747298060</hotline><Weitere_Adressen_name></Weitere_Adressen_name><Weitere_Adressen_link></Weitere_Adressen_link><form_field>Kundennummer</form_field><subject>Sehr geehrte Damen und Herren,</subject><letter_text>hiermit kündige ich meinen Kopp Verlag-Vertrag fristgerecht zum nächstmöglichen Zeitpunkt. Bitte senden Sie mir eine schriftliche Bestätigung der Kündigung unter Angabe des Beendigungszeitpunktes zu.</letter_text></item>
</items>