<?xml version="1.0" encoding="utf-8"?>
<items>
<item><category>Abonnement</category><source_url>https://www.aboalarm.de/kuendigung-adresse/zeitung/handelsblatt</source_url><sub_category>Zeitung</sub_category><company>Handelsblatt</company><full_address>Handelsblatt GmbH Handelsblatt Kundenservice Postfach 103345 40024 Düsseldorf</full_address><address>Handelsblatt GmbH</address><city>103345</city><zip>Postfach</zip><email>kundenservice@handelsblatt.com</email><website>http://www.handelsblatt.com</website><fax>0800 7238 307</fax><hotline>0800 2233 110</hotline><Weitere_Adressen_name></Weitere_Adressen_name><Weitere_Adressen_link></Weitere_Adressen_link><form_field>Kundennummer</form_field><subject>Sehr geehrte Damen und Herren,</subject><letter_text>hiermit kündige ich mein oben genanntes Abo fristgerecht zum nächstmöglichen Zeitpunkt. Bitte senden Sie mir eine schriftliche Bestätigung der Kündigung unter Angabe des Beendigungszeitpunktes zu.</letter_text></item>
<item><category>Abonnement</category><source_url>https://www.aboalarm.de/kuendigung-adresse/zeitung/frankfurter-rundschau</source_url><sub_category>Zeitung</sub_category><company>Frankfurter Rundschau</company><full_address>Frankfurter Rundschau 60266 Frankfurt am Main</full_address><address>Frankfurter Rundschau</address><city>Frankfurt</city><zip>60266</zip><email>vertrieb@fr-online.de</email><website>http://www.fr-online.de</website><fax>06921993264</fax><hotline>06921993000</hotline><Weitere_Adressen_name></Weitere_Adressen_name><Weitere_Adressen_link></Weitere_Adressen_link><form_field>Kundennummer</form_field><subject>Sehr geehrte Damen und Herren,</subject><letter_text>hiermit kündige ich mein oben genanntes Abo fristgerecht zum nächstmöglichen Zeitpunkt. Bitte senden Sie mir eine schriftliche Bestätigung der Kündigung unter Angabe des Beendigungszeitpunktes zu.</letter_text></item>
<item><category>Abonnement</category><source_url>https://www.aboalarm.de/kuendigung-adresse/zeitung/financial-times-deutschland</source_url><sub_category>Zeitung</sub_category><company>Financial Times Deutschland</company><full_address>G+J Wirtschaftsmedien AG &amp; Co. KG FTD - Abonnentenservice 20080 Hamburg</full_address><address>G+J Wirtschaftsmedien AG &amp; Co. KG</address><city>Hamburg</city><zip>20080</zip><email>kundenservice@ftd.de</email><website>http://www.ftd.de</website><fax>018058618002</fax><hotline>08000808182</hotline><Weitere_Adressen_name></Weitere_Adressen_name><Weitere_Adressen_link></Weitere_Adressen_link><form_field>Kundennummer</form_field><subject>Sehr geehrte Damen und Herren,</subject><letter_text>hiermit kündige ich mein oben genanntes Abo fristgerecht zum nächstmöglichen Zeitpunkt. Bitte senden Sie mir eine schriftliche Bestätigung der Kündigung unter Angabe des Beendigungszeitpunktes zu.</letter_text></item>
<item><category>Abonnement</category><source_url>https://www.aboalarm.de/kuendigung-adresse/zeitung/faz-am-sonntag</source_url><sub_category>Zeitung</sub_category><company>FAZ am Sonntag</company><full_address>Frankfurter Allgemeine Zeitung GmbH Hellerhofstraße 2 - 4 60327 Frankfurt am Main</full_address><address>Frankfurter Allgemeine Zeitung GmbH</address><city>Frankfurt</city><zip>60327</zip><email>vertrieb@faz.de</email><website>http://www.faz.net</website><fax>06975912180</fax><hotline>01802344677</hotline><Weitere_Adressen_name></Weitere_Adressen_name><Weitere_Adressen_link></Weitere_Adressen_link><form_field>Kundennummer</form_field><subject>Sehr geehrte Damen und Herren,</subject><letter_text>hiermit kündige ich mein oben genanntes Abo fristgerecht zum nächstmöglichen Zeitpunkt. Bitte senden Sie mir eine schriftliche Bestätigung der Kündigung unter Angabe des Beendigungszeitpunktes zu.</letter_text></item>
<item><category>Abonnement</category><source_url>https://www.aboalarm.de/kuendigung-adresse/zeitung/hamburger-abendblatt</source_url><sub_category>Zeitung</sub_category><company>Hamburger Abendblatt</company><full_address>Zeitungsgruppe Hamburg GmbH Kundenservice Hamburger Abendblatt 20445 Hamburg</full_address><address>Zeitungsgruppe Hamburg GmbH</address><city>Hamburg</city><zip>20445</zip><email>vertrieb@abendblatt.de</email><website>http://www.abendblatt.de</website><fax>None</fax><hotline>040 554471700</hotline><Weitere_Adressen_name></Weitere_Adressen_name><Weitere_Adressen_link></Weitere_Adressen_link><form_field>Kundennummer</form_field><subject>Sehr geehrte Damen und Herren,</subject><letter_text>hiermit kündige ich mein oben genanntes Abo fristgerecht zum nächstmöglichen Zeitpunkt. Bitte senden Sie mir eine schriftliche Bestätigung der Kündigung unter Angabe des Beendigungszeitpunktes zu.</letter_text></item>
<item><category>Abonnement</category><source_url>https://www.aboalarm.de/kuendigung-adresse/zeitung/faz-frankfurter-allgemeine</source_url><sub_category>Zeitung</sub_category><company>FAZ - Frankfurter Allgemeine Zeitung</company><full_address>Frankfurter Allgemeine Zeitung GmbH Hellerhofstraße 2-4 60327 Frankfurt am Main</full_address><address>Frankfurter Allgemeine Zeitung GmbH</address><city>Frankfurt</city><zip>60327</zip><email>vertrieb@faz.de</email><website>http://www.faz.net</website><fax>06975912180</fax><hotline>01802344677</hotline><Weitere_Adressen_name></Weitere_Adressen_name><Weitere_Adressen_link></Weitere_Adressen_link><form_field>Kundennummer</form_field><subject>Sehr geehrte Damen und Herren,</subject><letter_text>hiermit kündige ich mein oben genanntes Abo fristgerecht zum nächstmöglichen Zeitpunkt. Bitte senden Sie mir eine schriftliche Bestätigung der Kündigung unter Angabe des Beendigungszeitpunktes zu.</letter_text></item>
<item><category>Abonnement</category><source_url>https://www.aboalarm.de/kuendigung-adresse/zeitung/die-welt</source_url><sub_category>Zeitung</sub_category><company>DIE WELT</company><full_address>DIE WELT Kundenbetreuung Brieffach 2440 10867 Berlin</full_address><address>DIE WELT Kundenbetreuung</address><city>Berlin</city><zip>10867</zip><email>kundenservice@welt.de</email><website>http://www.welt.de</website><fax>0800 - 935 87 37</fax><hotline>0800 – 935 85 37</hotline><Weitere_Adressen_name>DIE WELT Kompakt</Weitere_Adressen_name><Weitere_Adressen_link>https://www.aboalarm.de/kuendigung-adresse/zeitung/die-welt-kompakt</Weitere_Adressen_link><form_field>Kundennummer</form_field><subject>Sehr geehrte Damen und Herren,</subject><letter_text>hiermit kündige ich mein oben genanntes Abo fristgerecht zum nächstmöglichen Zeitpunkt. Bitte senden Sie mir eine schriftliche Bestätigung der Kündigung unter Angabe des Beendigungszeitpunktes zu.</letter_text></item>
<item><category>Abonnement</category><source_url>https://www.aboalarm.de/kuendigung-adresse/zeitung/welt-am-sonntag</source_url><sub_category>Zeitung</sub_category><company>WELT am SONNTAG</company><full_address>WELT am SONNTAG Brieffach 22 64 20350 Hamburg</full_address><address>WELT am SONNTAG</address><city>Hamburg</city><zip>20350</zip><email>leser@wams.de</email><website>http://www.welt.de</website><fax>08009267737</fax><hotline>08009267537</hotline><Weitere_Adressen_name></Weitere_Adressen_name><Weitere_Adressen_link></Weitere_Adressen_link><form_field>Kundennummer</form_field><subject>Sehr geehrte Damen und Herren,</subject><letter_text>hiermit kündige ich mein oben genanntes Abo fristgerecht zum nächstmöglichen Zeitpunkt. Bitte senden Sie mir eine schriftliche Bestätigung der Kündigung unter Angabe des Beendigungszeitpunktes zu.</letter_text></item>
<item><category>Abonnement</category><source_url>https://www.aboalarm.de/kuendigung-adresse/zeitung/die-welt-kompakt</source_url><sub_category>Zeitung</sub_category><company>DIE WELT Kompakt</company><full_address>DIE WELT Kompakt Kundenbetreuung Brieffach 2440 10867 Berlin</full_address><address>DIE WELT Kompakt Kundenbetreuung</address><city>Berlin</city><zip>10867</zip><email>kompakt@welt.de</email><website>http://www.welt.de/welt-kompakt</website><fax>08009267737</fax><hotline>08009358537</hotline><Weitere_Adressen_name></Weitere_Adressen_name><Weitere_Adressen_link></Weitere_Adressen_link><form_field>Kundennummer</form_field><subject>Sehr geehrte Damen und Herren,</subject><letter_text>hiermit kündige ich mein oben genanntes Abo fristgerecht zum nächstmöglichen Zeitpunkt. Bitte senden Sie mir eine schriftliche Bestätigung der Kündigung unter Angabe des Beendigungszeitpunktes zu.</letter_text></item>
<item><category>Abonnement</category><source_url>https://www.aboalarm.de/kuendigung-adresse/zeitung/waz</source_url><sub_category>Zeitung</sub_category><company>WAZ - Westdeutsche Allgemeine Zeitung</company><full_address>FUNKE MEDIEN NRW GmbH WAZ Aboservice Jakob-Funke-Platz 1 45127 Essen</full_address><address>FUNKE MEDIEN NRW GmbH</address><city>1</city><zip>Jakob-Funke-Platz</zip><email>leserservice@waz.de</email><website>http://www.waz.de</website><fax>08006060750</fax><hotline>0800 / 60 60 710</hotline><Weitere_Adressen_name></Weitere_Adressen_name><Weitere_Adressen_link></Weitere_Adressen_link><form_field>Kundennummer</form_field><subject>Sehr geehrte Damen und Herren,</subject><letter_text>hiermit kündige ich mein oben genanntes Abo fristgerecht zum nächstmöglichen Zeitpunkt. Bitte senden Sie mir eine schriftliche Bestätigung der Kündigung unter Angabe des Beendigungszeitpunktes zu.</letter_text></item>
<item><category>Abonnement</category><source_url>https://www.aboalarm.de/kuendigung-adresse/zeitung/tz</source_url><sub_category>Zeitung</sub_category><company>tz</company><full_address>Münchener Zeitungs-Verlag GmbH &amp; Co. KG Paul-Heyse-Str. 2-4 80336 München</full_address><address>Münchener Zeitungs-Verlag GmbH &amp; Co. KG</address><city>München</city><zip>80336</zip><email>kundenservice@merkur.de</email><website>http://www.tz.de</website><fax>089-5306-316</fax><hotline>089-5306-222</hotline><Weitere_Adressen_name></Weitere_Adressen_name><Weitere_Adressen_link></Weitere_Adressen_link><form_field>Kundennummer</form_field><subject>Sehr geehrte Damen und Herren,</subject><letter_text>hiermit kündige ich mein oben genanntes Abo fristgerecht zum nächstmöglichen Zeitpunkt. Bitte senden Sie mir eine schriftliche Bestätigung der Kündigung unter Angabe des Beendigungszeitpunktes zu.</letter_text></item>
<item><category>Abonnement</category><source_url>https://www.aboalarm.de/kuendigung-adresse/zeitung/taz-die-tageszeitung</source_url><sub_category>Zeitung</sub_category><company>taz die tageszeitung</company><full_address>taz-Aboverwaltung Rudi-Dutschke-Str. 23 10969 Berlin</full_address><address>taz-Aboverwaltung</address><city>Berlin</city><zip>10969</zip><email>abomail@taz.de</email><website>http://www.taz.de</website><fax>03025902680</fax><hotline>03025902590</hotline><Weitere_Adressen_name></Weitere_Adressen_name><Weitere_Adressen_link></Weitere_Adressen_link><form_field>Kundennummer</form_field><subject>Sehr geehrte Damen und Herren,</subject><letter_text>hiermit kündige ich mein oben genanntes Abo fristgerecht zum nächstmöglichen Zeitpunkt. Bitte senden Sie mir eine schriftliche Bestätigung der Kündigung unter Angabe des Beendigungszeitpunktes zu.</letter_text></item>
<item><category>Abonnement</category><source_url>https://www.aboalarm.de/kuendigung-adresse/zeitung/sueddeutsche-zeitung</source_url><sub_category>Zeitung</sub_category><company>Süddeutsche Zeitung</company><full_address>Süddeutsche Zeitung GmbH - Abo-Service Hultschiner Str. 8 81677 München</full_address><address>Süddeutsche Zeitung GmbH - Abo-Service</address><city>München</city><zip>81677</zip><email>aboservice@sueddeutsche.de</email><website>http://www.sueddeutsche.de</website><fax>08921838207</fax><hotline>08921838080</hotline><Weitere_Adressen_name></Weitere_Adressen_name><Weitere_Adressen_link></Weitere_Adressen_link><form_field>Kundennummer</form_field><subject>Sehr geehrte Damen und Herren,</subject><letter_text>hiermit kündige ich mein oben genanntes Abo fristgerecht zum nächstmöglichen Zeitpunkt. Bitte senden Sie mir eine schriftliche Bestätigung der Kündigung unter Angabe des Beendigungszeitpunktes zu.</letter_text></item>
<item><category>Abonnement</category><source_url>https://www.aboalarm.de/kuendigung-adresse/zeitung/koelner-stadtanzeiger</source_url><sub_category>Zeitung</sub_category><company>Kölner Stadtanzeiger</company><full_address>M. DuMont Schauberg Expedition der Kölnischen Zeitung GmbH &amp; Co KG Abo-Service Amsterdamer Str. 192 50735 Köln</full_address><address>M. DuMont Schauberg Expedition der Kölnischen Zeitung GmbH &amp; Co KG</address><city>Str.</city><zip>Amsterdamer</zip><email>abo-kundenservice.koeln@dumont.de</email><website>http://www.ksta.de</website><fax>0221 / 224 -2667</fax><hotline>0221 925864-20</hotline><Weitere_Adressen_name></Weitere_Adressen_name><Weitere_Adressen_link></Weitere_Adressen_link><form_field>Kundennummer</form_field><subject>Sehr geehrte Damen und Herren,</subject><letter_text>hiermit kündige ich mein oben genanntes Abo fristgerecht zum nächstmöglichen Zeitpunkt. Bitte senden Sie mir eine schriftliche Bestätigung der Kündigung unter Angabe des Beendigungszeitpunktes zu.</letter_text></item>
<item><category>Abonnement</category><source_url>https://www.aboalarm.de/kuendigung-adresse/zeitung/der-tagesspiegel</source_url><sub_category>Zeitung</sub_category><company>Der Tagesspiegel</company><full_address>Der Tagesspiegel Postfach 11 02 47 10832 Berlin</full_address><address>Der Tagesspiegel</address><city>Berlin</city><zip>10832</zip><email>leserservice@tagesspiegel.de</email><website>http://www.tagesspiegel.de</website><fax>03029021-599</fax><hotline>03029021500</hotline><Weitere_Adressen_name></Weitere_Adressen_name><Weitere_Adressen_link></Weitere_Adressen_link><form_field>Kundennummer</form_field><subject>Sehr geehrte Damen und Herren,</subject><letter_text>hiermit kündige ich mein oben genanntes Abo fristgerecht zum nächstmöglichen Zeitpunkt. Bitte senden Sie mir eine schriftliche Bestätigung der Kündigung unter Angabe des Beendigungszeitpunktes zu.</letter_text></item>
<item><category>Abonnement</category><source_url>https://www.aboalarm.de/kuendigung-adresse/zeitung/bild-am-sonntag</source_url><sub_category>Zeitung</sub_category><company>Bild am Sonntag</company><full_address>BILD am SONNTAG Leserservice Brieffach 22 60 20350 Hamburg</full_address><address>BILD am SONNTAG Leserservice</address><city>Hamburg</city><zip>20350</zip><email>kundenservice@bams.de</email><website>http://www.bams.de</website><fax>04034725510</fax><hotline>0800-800 20 20</hotline><Weitere_Adressen_name></Weitere_Adressen_name><Weitere_Adressen_link></Weitere_Adressen_link><form_field>Kundennummer</form_field><subject>Sehr geehrte Damen und Herren,</subject><letter_text>hiermit kündige ich mein oben genanntes Abo fristgerecht zum nächstmöglichen Zeitpunkt. Bitte senden Sie mir eine schriftliche Bestätigung der Kündigung unter Angabe des Beendigungszeitpunktes zu.</letter_text></item>
<item><category>Abonnement</category><source_url>https://www.aboalarm.de/kuendigung-adresse/zeitung/bild</source_url><sub_category>Zeitung</sub_category><company>Bild</company><full_address>Axel Springer SE BILD Kundenservice Axel- Springer Strasse 65 10888 Berlin</full_address><address>Axel Springer SE</address><city>Springer</city><zip>Axel-</zip><email>info@bild.de</email><website>http://www.bild.de</website><fax>030 / 25 29 25 32</fax><hotline>030 / 25 91-0</hotline><Weitere_Adressen_name>Bild + Funk,Bild am Sonntag,Bild der Frau,Bild der Frau Schlank &amp; fit,Bild der wissenschaft,Bild Energie,Bild Woche,BILDconnect,Bildkontakte,BILDmobil,BILDplus,BILDsmart,Bildungswerk Sport, Außenstelle Ludwigshafen</Weitere_Adressen_name><Weitere_Adressen_link>https://www.aboalarm.de/kuendigung-adresse/zeitschrift/bild-plus-funk,https://www.aboalarm.de/kuendigung-adresse/zeitung/bild-am-sonntag,https://www.aboalarm.de/kuendigung-adresse/zeitschrift/bild-der-frau,https://www.aboalarm.de/kuendigung-adresse/zeitschrift/bild-der-frau-schlank-fit,https://www.aboalarm.de/kuendigung-adresse/zeitschrift/bild-der-wissenschaft,https://www.aboalarm.de/kuendigung-adresse/energie/bild-energie,https://www.aboalarm.de/kuendigung-adresse/zeitschrift/bild-woche,https://www.aboalarm.de/kuendigung-adresse/handyvertrag/bildconnect,https://www.aboalarm.de/kuendigung-adresse/online-dating/bildkontakte,https://www.aboalarm.de/kuendigung-adresse/handyvertrag/bildmobil,https://www.aboalarm.de/kuendigung-adresse/abonnement/bildplus,https://www.aboalarm.de/kuendigung-adresse/abonnement/bildsmart,https://www.aboalarm.de/kuendigung-adresse/fitnessstudio/bildungswerk-sport-aussenstelle-ludwigshafen</Weitere_Adressen_link><form_field>Kundennummer</form_field><subject>Sehr geehrte Damen und Herren,</subject><letter_text>hiermit kündige ich mein oben genanntes Abo fristgerecht zum nächstmöglichen Zeitpunkt. Bitte senden Sie mir eine schriftliche Bestätigung der Kündigung unter Angabe des Beendigungszeitpunktes zu.</letter_text></item>
<item><category>Abonnement</category><source_url>https://www.aboalarm.de/kuendigung-adresse/zeitung/abendzeitung-nuernberg</source_url><sub_category>Zeitung</sub_category><company>Abendzeitung Nürnberg</company><full_address>Verlag „Die Abendzeitung – 8-Uhr Blatt“ GmbH &amp; Co. KG Burgschmietstraße 2-4 90419 Nürnberg</full_address><address>Verlag „Die Abendzeitung – 8-Uhr Blatt“ GmbH &amp; Co. KG</address><city>Nürnberg</city><zip>90419</zip><email>aboservice@abendzeitung.de</email><website>http://www.abendzeitung-nuernberg.de</website><fax>09112331248</fax><hotline>0911-2331-333</hotline><Weitere_Adressen_name></Weitere_Adressen_name><Weitere_Adressen_link></Weitere_Adressen_link><form_field>Kundennummer</form_field><subject>Sehr geehrte Damen und Herren,</subject><letter_text>hiermit kündige ich mein oben genanntes Abo fristgerecht zum nächstmöglichen Zeitpunkt. Bitte senden Sie mir eine schriftliche Bestätigung der Kündigung unter Angabe des Beendigungszeitpunktes zu.</letter_text></item>
<item><category>Abonnement</category><source_url>https://www.aboalarm.de/kuendigung-adresse/zeitung/abendzeitung-muenchen</source_url><sub_category>Zeitung</sub_category><company>Abendzeitung München</company><full_address>Verlag DIE ABENDZEITUNG GmbH &amp; Co. KG Rundfunkplatz 4 80335 München</full_address><address>Verlag DIE ABENDZEITUNG GmbH &amp; Co. KG</address><city>München</city><zip>80335</zip><email>abo@service-abendzeitung.de</email><website>http://www.abendzeitung-muenchen.de</website><fax>0892377276</fax><hotline>0892377-111</hotline><Weitere_Adressen_name></Weitere_Adressen_name><Weitere_Adressen_link></Weitere_Adressen_link><form_field>Kundennummer</form_field><subject>Sehr geehrte Damen und Herren,</subject><letter_text>hiermit kündige ich mein oben genanntes Abo fristgerecht zum nächstmöglichen Zeitpunkt. Bitte senden Sie mir eine schriftliche Bestätigung der Kündigung unter Angabe des Beendigungszeitpunktes zu.</letter_text></item>
</items>